id,name,age,address,cell phone,hobby
1,최태윤,58,대전 분당구123-45,010-4784-3022,뜨개질
2,최소율,49,포항 해운대구123-45,010-3736-2497,일기 쓰기
3,한민수,34,화성 일산동구123-45,010-5035-6186,자전거 타기
4,장서연,41,용인 덕양구123-45,010-5179-1221,운동
5,김유진,73,김해 일산동구123-45,010-8905-7645,유튜브 보기
6,이수빈,72,김해 서북구123-45,010-8023-9932,영화감상
7,윤지원,26,울산 유성구123-45,010-2416-1959,요리
8,정지후,42,성남 덕양구123-45,010-3915-6319,자전거 타기
9,오건우,47,포항 서구123-45,010-4340-1041,자전거 타기
10,서유진,28,세종 덕양구123-45,010-9490-8702,유튜브 보기
11,조수빈,45,천안 팔달구123-45,010-3146-3644,여행
12,최소율,72,김해 서북구123-45,010-9786-8132,여행
13,이서연,45,서울 기흥구123-45,010-1943-9602,보드게임
14,한지후,63,고양 덕진구123-45,010-2488-8480,여행
15,한예린,24,김해 분당구123-45,010-2264-4082,게임
16,정유진,21,창원 달서구123-45,010-3640-4235,영화감상
17,서지후,55,대구 수성구123-45,010-2171-9223,여행
18,신태윤,55,수원 신제주123-45,010-7665-1904,사진촬영
19,김수빈,51,광주 장유동123-45,010-8876-7921,게임
20,박은우,35,수원 수성구123-45,010-5998-2870,유튜브 보기
21,한하윤,69,세종 성북구123-45,010-1545-7002,드로잉
22,한수빈,61,대구 신제주123-45,010-7573-5654,요리
23,오지원,38,남양주 북구123-45,010-1149-2777,등산
24,오태윤,27,수원 덕양구123-45,010-4602-6083,여행
25,서하윤,55,세종 서구123-45,010-1647-3841,사진촬영
26,임하은,37,성남 해운대구123-45,010-8524-7844,운동
27,신하윤,52,천안 유성구123-45,010-9155-4234,수영
28,강은우,64,서울 강서구123-45,010-2406-2123,드로잉
29,임하은,36,서울 서구123-45,010-5199-2309,드로잉
30,박지원,34,남양주 강남구123-45,010-8966-8392,자전거 타기
31,김도윤,31,안산 장유동123-45,010-8958-3683,웹서핑
32,임현우,56,김해 강남구123-45,010-5584-6510,등산
33,윤서준,21,광주 덕진구123-45,010-5215-2013,뜨개질
34,오하은,42,대전 신제주123-45,010-9179-5651,뜨개질
35,신소율,29,포항 해운대구123-45,010-1526-8949,요리
36,장하은,25,성남 동구123-45,010-5986-5499,영화감상
37,오은우,74,안산 흥덕구123-45,010-5545-9299,등산
38,김민수,31,고양 동구123-45,010-5507-1478,영화감상
39,정은우,23,부산 기흥구123-45,010-1892-4360,여행
40,오현우,40,용인 성북구123-45,010-6987-4316,일기 쓰기
41,조서준,55,인천 분당구123-45,010-2172-7013,유튜브 보기
42,조예린,30,김해 유성구123-45,010-1894-9534,카페 투어
43,이수빈,32,평택 진해구123-45,010-5686-1516,유튜브 보기
44,임소율,61,남양주 수성구123-45,010-7330-2687,영화감상
45,오건우,68,화성 기흥구123-45,010-8375-9205,독서
46,강지안,35,울산 덕진구123-45,010-4116-3382,등산
47,서하윤,30,김해 송파구123-45,010-4605-3984,카페 투어
48,김태윤,52,제주 송파구123-45,010-7593-3845,드로잉
49,오지원,72,안산 성북구123-45,010-3268-8961,게임
50,정지원,70,포항 동구123-45,010-1782-7620,자전거 타기
51,최하은,67,울산 해운대구123-45,010-1177-7302,일기 쓰기
52,조수빈,73,김해 분당구123-45,010-1183-5526,드로잉
53,윤예은,24,안산 남구123-45,010-6330-3569,일기 쓰기
54,신건우,34,남양주 흥덕구123-45,010-1098-5354,드로잉
55,한하은,21,평택 송파구123-45,010-5531-4044,여행
56,정지안,23,안산 송파구123-45,010-4572-9665,보드게임
57,최현우,37,대전 강남구123-45,010-3569-5359,여행
58,김도윤,44,전주 성북구123-45,010-1106-7654,웹서핑
59,윤예린,50,안양 성북구123-45,010-5161-2523,드로잉
60,박서연,39,울산 중구123-45,010-8368-6240,독서
61,임수빈,68,김해 수성구123-45,010-2665-3857,독서
62,박하은,64,안양 서북구123-45,010-2676-2097,웹서핑
63,장지원,70,광주 서북구123-45,010-2325-6251,수영
64,신지안,69,부산 성동구123-45,010-5707-1657,일기 쓰기
65,윤지안,60,제주 서구123-45,010-2290-1097,뜨개질
66,윤지후,46,세종 덕양구123-45,010-2746-6762,일기 쓰기
67,임건우,35,인천 해운대구123-45,010-2950-6780,사진촬영
68,임지민,41,대전 장유동123-45,010-8861-5133,카페 투어
69,박예린,20,창원 일산동구123-45,010-8020-2613,카페 투어
70,이하은,46,대전 신제주123-45,010-8386-7931,웹서핑
71,신지민,79,수원 진해구123-45,010-9723-8861,운동
72,신태윤,63,부산 흥덕구123-45,010-8166-3084,보드게임
73,한태윤,55,용인 동구123-45,010-3495-5910,여행
74,최도윤,20,창원 성동구123-45,010-7966-1154,카페 투어
75,강예린,76,인천 신제주123-45,010-8470-5287,뜨개질
76,장소율,58,천안 남구123-45,010-8023-3430,등산
77,장은우,70,부산 일산동구123-45,010-1188-5531,드로잉
78,서태윤,39,세종 남구123-45,010-6453-3488,여행
79,강시우,72,대전 강남구123-45,010-2310-2050,자전거 타기
80,강민수,75,부산 유성구123-45,010-4966-8595,수영
81,이하윤,49,창원 일산동구123-45,010-6401-3454,수영
82,강건우,32,안산 성동구123-45,010-4879-2725,유튜브 보기
83,이민수,40,천안 기흥구123-45,010-1267-5414,요리
84,서하윤,42,화성 서북구123-45,010-7060-3970,영화감상
85,김수빈,48,평택 강남구123-45,010-5039-7693,등산
86,김민수,67,인천 해운대구123-45,010-8644-5625,요리
87,임수빈,67,용인 덕양구123-45,010-6357-4611,사진촬영
88,장현우,39,안산 강남구123-45,010-5506-2220,보드게임
89,박하윤,31,세종 서북구123-45,010-2839-9233,사진촬영
90,서지후,44,포항 서북구123-45,010-6980-4452,사진촬영
91,오지민,39,세종 서북구123-45,010-4268-4609,등산
92,장지민,26,수원 성북구123-45,010-2334-2209,여행
93,신시우,77,남양주 성동구123-45,010-1599-5794,카페 투어
94,장소율,63,세종 팔달구123-45,010-8951-3973,영화감상
95,박도윤,30,평택 성동구123-45,010-5448-4183,보드게임
96,장지원,79,화성 달서구123-45,010-2106-8841,뜨개질
97,한지원,79,화성 달서구123-45,010-4257-4368,수영
98,박민수,71,청주 서북구123-45,010-4917-6693,영화감상
99,정지안,69,인천 북구123-45,010-6017-7006,독서
100,장예은,45,광주 동구123-45,010-4052-4220,등산
101,정예은,45,대구 덕진구123-45,010-7276-7147,일기 쓰기
102,박지안,73,대전 흥덕구123-45,010-1142-3852,뜨개질
103,박하은,32,안산 덕진구123-45,010-2087-1558,영화감상
104,서수빈,57,대구 중구123-45,010-4166-3489,수영
105,오하윤,63,포항 신제주123-45,010-2487-7594,독서
106,김하윤,57,안산 달서구123-45,010-3186-2426,영화감상
107,정시우,55,서울 덕진구123-45,010-2442-4287,영화감상
108,김유진,71,고양 신제주123-45,010-2807-2225,요리
109,서소율,77,제주 덕양구123-45,010-7324-2678,유튜브 보기
110,서지후,23,안양 북구123-45,010-6209-6431,수영
111,한지안,38,안양 동구123-45,010-9394-4913,일기 쓰기
112,한서준,47,포항 일산동구123-45,010-4703-2044,웹서핑
113,임수빈,78,고양 서구123-45,010-2514-8335,보드게임
114,최지원,27,안산 해운대구123-45,010-4668-9314,웹서핑
115,김현우,44,포항 해운대구123-45,010-5856-9587,등산
116,오도윤,56,포항 장유동123-45,010-2342-2298,영화감상
117,강건우,51,울산 강서구123-45,010-3385-2237,사진촬영
118,임예린,64,남양주 동구123-45,010-8921-8029,자전거 타기
119,서은우,74,서울 기흥구123-45,010-9338-9270,음악감상
120,오서준,48,전주 팔달구123-45,010-9883-3307,영화감상
121,강민수,37,천안 성동구123-45,010-2633-1560,음악감상
122,최소율,52,안양 달서구123-45,010-1626-8798,일기 쓰기
123,박도윤,36,포항 성북구123-45,010-6418-8122,보드게임
124,윤지원,41,전주 팔달구123-45,010-2248-8894,여행
125,오서연,41,화성 장유동123-45,010-1250-8983,수영
126,한수빈,61,포항 일산동구123-45,010-6501-9814,영화감상
127,한도윤,38,안양 흥덕구123-45,010-6038-4807,카페 투어
128,한도윤,40,전주 동구123-45,010-9493-5157,카페 투어
129,정은우,26,고양 일산동구123-45,010-7828-1155,수영
130,김예은,72,화성 흥덕구123-45,010-3404-3772,등산
131,이예린,20,수원 유성구123-45,010-7440-4725,영화감상
132,김태윤,53,제주 송파구123-45,010-3736-3622,뜨개질
133,최지원,47,포항 달서구123-45,010-5791-5764,독서
134,윤도윤,68,부산 분당구123-45,010-4253-2338,요리
135,조건우,69,부산 달서구123-45,010-5230-7779,등산
136,윤건우,39,제주 유성구123-45,010-9698-3858,유튜브 보기
137,조시우,35,포항 송파구123-45,010-4163-1394,영화감상
138,박지민,55,김해 강남구123-45,010-8034-8446,영화감상
139,오도윤,46,대구 강남구123-45,010-4850-8379,운동
140,박유진,56,창원 덕양구123-45,010-3163-6400,자전거 타기
141,강소율,79,성남 진해구123-45,010-8032-4741,수영
142,한지안,63,화성 북구123-45,010-5866-4769,뜨개질
143,장예은,71,수원 진해구123-45,010-2035-5131,독서
144,서태윤,42,성남 일산동구123-45,010-9283-3058,음악감상
145,서은우,39,전주 서구123-45,010-3087-1396,자전거 타기
146,오민수,69,화성 성북구123-45,010-9397-7715,게임
147,한건우,44,대전 팔달구123-45,010-8425-2684,웹서핑
148,윤은우,26,청주 진해구123-45,010-7507-7838,웹서핑
149,조수빈,27,천안 덕양구123-45,010-9614-6761,카페 투어
150,정민수,25,안산 일산동구123-45,010-4411-4428,여행
151,임서연,65,서울 성북구123-45,010-2188-6653,드로잉
152,서지민,40,전주 남구123-45,010-8649-4790,자전거 타기
153,오하윤,71,제주 강서구123-45,010-2199-4434,유튜브 보기
154,최소율,67,광주 성동구123-45,010-2988-3556,보드게임
155,강은우,65,평택 유성구123-45,010-1860-5624,요리
156,조수빈,40,창원 북구123-45,010-1591-3391,음악감상
157,임소율,74,대구 장유동123-45,010-1560-2752,사진촬영
158,강예은,67,대구 진해구123-45,010-6808-2482,드로잉
159,강지원,66,대구 팔달구123-45,010-9809-3219,여행
160,정시우,37,용인 팔달구123-45,010-6579-6932,자전거 타기
161,김지안,37,수원 중구123-45,010-9715-7091,수영
162,윤현우,72,안산 강서구123-45,010-3919-2095,음악감상
163,오태윤,38,수원 팔달구123-45,010-6467-4031,게임
164,이하은,73,울산 유성구123-45,010-7159-4900,음악감상
165,박지원,40,부산 해운대구123-45,010-9278-5794,유튜브 보기
166,김도윤,40,대구 팔달구123-45,010-8665-4251,여행
167,서시우,34,청주 송파구123-45,010-6866-1388,독서
168,장시우,26,고양 덕양구123-45,010-9242-8286,뜨개질
169,박현우,47,안산 덕양구123-45,010-2699-6175,드로잉
170,신서연,21,안양 강서구123-45,010-1222-5310,여행
171,조현우,73,세종 기흥구123-45,010-6638-6890,운동
172,최유진,37,광주 북구123-45,010-5803-2052,자전거 타기
173,장현우,58,수원 동구123-45,010-3257-6816,보드게임
174,한도윤,55,용인 서북구123-45,010-2134-8368,게임
175,한지안,61,수원 팔달구123-45,010-6480-9337,요리
176,이하윤,78,창원 강서구123-45,010-6420-9964,자전거 타기
177,정예린,76,포항 팔달구123-45,010-1600-4038,자전거 타기
178,한하은,56,전주 동구123-45,010-1010-4560,웹서핑
179,이지원,48,포항 중구123-45,010-2454-1032,사진촬영
180,서지민,72,광주 유성구123-45,010-4500-3455,카페 투어
181,서태윤,67,김해 덕진구123-45,010-5672-4129,카페 투어
182,임수빈,43,남양주 해운대구123-45,010-4056-4688,보드게임
183,서지안,40,남양주 남구123-45,010-2153-7320,드로잉
184,임서준,49,김해 흥덕구123-45,010-4283-4996,영화감상
185,장서연,29,남양주 흥덕구123-45,010-4017-7184,수영
186,서하은,71,고양 남구123-45,010-4546-7590,수영
187,신현우,67,부산 달서구123-45,010-5306-1209,유튜브 보기
188,신서연,39,화성 기흥구123-45,010-2841-7797,독서
189,박시우,79,인천 성동구123-45,010-5011-5965,웹서핑
190,강지원,29,부산 진해구123-45,010-3350-9842,수영
191,박서연,53,인천 장유동123-45,010-4471-3515,수영
192,박서준,79,용인 동구123-45,010-4846-2800,사진촬영
193,조도윤,68,안산 흥덕구123-45,010-3398-2502,자전거 타기
194,조시우,73,대전 동구123-45,010-8942-5758,운동
195,서유진,64,안양 장유동123-45,010-3042-9022,자전거 타기
196,서하은,69,수원 분당구123-45,010-2034-5686,카페 투어
197,조건우,34,전주 기흥구123-45,010-5450-2332,여행
198,조건우,71,화성 송파구123-45,010-2088-2153,수영
199,신서준,62,인천 분당구123-45,010-3706-4481,게임
200,윤지안,32,화성 분당구123-45,010-5277-2871,등산
201,윤지후,47,용인 북구123-45,010-9575-5495,카페 투어
202,최하은,22,안산 유성구123-45,010-6462-3578,영화감상
203,신현우,25,서울 일산동구123-45,010-1287-3918,게임
204,오소율,22,광주 성동구123-45,010-4208-8043,운동
205,박태윤,72,인천 수성구123-45,010-1245-7231,드로잉
206,정예린,24,광주 수성구123-45,010-6495-3322,유튜브 보기
207,장지후,23,안양 일산동구123-45,010-1440-1091,유튜브 보기
208,임은우,41,용인 일산동구123-45,010-4361-8857,드로잉
209,강서연,69,천안 성북구123-45,010-3765-3051,카페 투어
210,장현우,55,부산 중구123-45,010-8987-4641,음악감상
211,강예린,73,화성 성북구123-45,010-5887-5497,여행
212,임지원,46,고양 성북구123-45,010-1569-5475,보드게임
213,조시우,58,부산 서북구123-45,010-6269-4204,사진촬영
214,박지원,56,용인 덕진구123-45,010-1338-4599,등산
215,조유진,22,울산 서구123-45,010-9179-3135,여행
216,신시우,29,서울 성동구123-45,010-2497-4791,자전거 타기
217,한도윤,47,포항 남구123-45,010-8030-4907,요리
218,한도윤,55,평택 신제주123-45,010-3012-4460,일기 쓰기
219,윤서연,64,광주 달서구123-45,010-4468-1511,보드게임
220,강유진,46,창원 성북구123-45,010-5943-8206,드로잉
221,한서연,71,수원 서북구123-45,010-5081-2182,등산
222,장서연,31,청주 장유동123-45,010-5073-6455,카페 투어
223,최태윤,25,김해 덕진구123-45,010-7274-6559,사진촬영
224,김서준,60,제주 북구123-45,010-1005-3320,수영
225,윤지후,67,인천 해운대구123-45,010-3589-3717,영화감상
226,강수빈,38,인천 송파구123-45,010-9417-6625,수영
227,강지후,54,광주 성북구123-45,010-2877-9024,영화감상
228,최서준,48,세종 성동구123-45,010-8841-7540,사진촬영
229,한지원,59,창원 수성구123-45,010-5785-5242,운동
230,김예린,50,울산 팔달구123-45,010-1772-2674,여행
231,강지안,35,울산 신제주123-45,010-1461-9618,요리
232,임태윤,75,수원 강서구123-45,010-6749-9708,운동
233,조민수,59,세종 성동구123-45,010-9271-9219,등산
234,박수빈,24,천안 덕진구123-45,010-2466-9882,요리
235,김수빈,44,화성 기흥구123-45,010-9275-6789,유튜브 보기
236,신하은,27,서울 동구123-45,010-4088-4702,뜨개질
237,서예린,79,부산 분당구123-45,010-1942-6849,웹서핑
238,박하은,36,고양 수성구123-45,010-9891-9193,드로잉
239,서하윤,33,청주 분당구123-45,010-1629-2489,유튜브 보기
240,신도윤,68,부산 성동구123-45,010-3050-9603,일기 쓰기
241,임하윤,50,전주 일산동구123-45,010-6293-8300,보드게임
242,정지안,21,김해 장유동123-45,010-3040-2358,웹서핑
243,강예린,65,창원 기흥구123-45,010-6436-5405,여행
244,이시우,68,성남 장유동123-45,010-7659-5763,뜨개질
245,박민수,78,안양 덕양구123-45,010-1654-2780,요리
246,윤지민,29,화성 서북구123-45,010-1967-7562,드로잉
247,강예린,29,용인 분당구123-45,010-1977-3962,뜨개질
248,강예린,41,청주 분당구123-45,010-2539-8270,영화감상
249,조지원,21,남양주 신제주123-45,010-1952-7465,게임
250,윤예은,42,화성 달서구123-45,010-9866-4029,카페 투어
251,정지민,65,광주 강남구123-45,010-1826-2320,등산
252,정지원,76,화성 수성구123-45,010-1146-2947,자전거 타기
253,한하은,68,창원 성북구123-45,010-1715-1266,여행
254,박민수,21,안산 수성구123-45,010-5455-2183,뜨개질
255,조도윤,49,인천 서구123-45,010-3393-1679,유튜브 보기
256,오지안,50,서울 송파구123-45,010-9768-9355,운동
257,최지민,66,울산 북구123-45,010-6999-2601,여행
258,강지원,42,광주 팔달구123-45,010-4592-6256,웹서핑
259,이지안,33,부산 해운대구123-45,010-5220-4903,독서
260,신시우,28,평택 유성구123-45,010-9525-2326,영화감상
261,윤민수,49,대전 서북구123-45,010-3765-3852,사진촬영
262,임예은,45,평택 분당구123-45,010-4427-4144,드로잉
263,임지원,44,천안 팔달구123-45,010-2613-5431,카페 투어
264,박서준,41,남양주 흥덕구123-45,010-7137-5892,웹서핑
265,강소율,31,제주 해운대구123-45,010-7499-3444,수영
266,최은우,41,청주 성동구123-45,010-6482-4550,독서
267,한소율,71,포항 장유동123-45,010-3547-4137,카페 투어
268,임현우,67,수원 성동구123-45,010-2156-8357,독서
269,이은우,33,광주 덕양구123-45,010-2058-4000,게임
270,장태윤,40,대구 서북구123-45,010-2572-5611,수영
271,강지후,46,제주 북구123-45,010-3758-5395,뜨개질
272,최지안,64,용인 흥덕구123-45,010-8199-4761,요리
273,임수빈,27,용인 진해구123-45,010-5898-2650,보드게임
274,최지안,40,천안 팔달구123-45,010-6881-2503,여행
275,이소율,57,울산 강남구123-45,010-3349-4854,여행
276,박소율,42,세종 덕양구123-45,010-7248-5879,요리
277,윤예은,21,청주 남구123-45,010-9772-3256,영화감상
278,김예은,38,청주 진해구123-45,010-5193-6138,드로잉
279,오서연,76,인천 팔달구123-45,010-6794-5594,카페 투어
280,윤지원,58,안산 덕양구123-45,010-4352-7992,카페 투어
281,서지원,27,제주 덕양구123-45,010-3030-4187,운동
282,윤지민,58,포항 흥덕구123-45,010-3820-4627,보드게임
283,서현우,34,제주 진해구123-45,010-6324-1270,등산
284,서소율,35,창원 강남구123-45,010-6392-5116,카페 투어
285,정예은,24,천안 분당구123-45,010-6394-7315,자전거 타기
286,장유진,75,전주 분당구123-45,010-6978-1124,영화감상
287,윤지원,21,고양 신제주123-45,010-6843-5203,드로잉
288,최지안,79,안양 유성구123-45,010-6614-1235,카페 투어
289,김지안,57,대전 분당구123-45,010-3878-6480,자전거 타기
290,오서준,43,대구 분당구123-45,010-9179-5515,뜨개질
291,서서준,67,고양 동구123-45,010-1016-9754,드로잉
292,서서연,32,고양 유성구123-45,010-3332-6373,일기 쓰기
293,신하은,34,세종 강서구123-45,010-8332-2257,카페 투어
294,박지후,28,평택 흥덕구123-45,010-6767-1657,등산
295,정지후,37,포항 강서구123-45,010-9641-8249,유튜브 보기
296,신지원,67,화성 동구123-45,010-8921-7753,뜨개질
297,윤도윤,47,인천 북구123-45,010-6739-1264,독서
298,최건우,75,세종 달서구123-45,010-3686-9678,요리
299,임예린,70,청주 일산동구123-45,010-4583-6520,음악감상
300,김현우,40,안양 흥덕구123-45,010-9892-1872,여행
301,임유진,72,대구 동구123-45,010-6610-2779,카페 투어
302,김유진,60,포항 유성구123-45,010-2481-8906,독서
303,박지안,20,세종 진해구123-45,010-1306-8137,영화감상
304,오시우,27,평택 진해구123-45,010-4287-4194,자전거 타기
305,최유진,76,광주 송파구123-45,010-1827-5659,자전거 타기
306,이하윤,51,광주 신제주123-45,010-4990-2708,음악감상
307,이지민,49,고양 성동구123-45,010-2339-2170,운동
308,임지안,36,수원 일산동구123-45,010-6049-3455,여행
309,최지민,25,세종 유성구123-45,010-6101-7192,보드게임
310,이하은,31,전주 서북구123-45,010-5190-4421,여행
311,강지안,51,창원 팔달구123-45,010-5576-2429,유튜브 보기
312,강지원,78,세종 팔달구123-45,010-4650-1591,게임
313,이예린,21,남양주 강남구123-45,010-7976-4938,음악감상
314,김민수,41,청주 덕양구123-45,010-5354-1349,유튜브 보기
315,서예은,48,울산 기흥구123-45,010-8211-5688,카페 투어
316,정건우,58,남양주 수성구123-45,010-6162-9809,웹서핑
317,강건우,69,남양주 서구123-45,010-3596-6424,뜨개질
318,김유진,38,남양주 성북구123-45,010-6352-1604,자전거 타기
319,조태윤,24,인천 성북구123-45,010-2802-8995,뜨개질
320,이도윤,28,대전 덕양구123-45,010-6257-6823,사진촬영
321,김예은,72,수원 중구123-45,010-6401-1451,자전거 타기
322,오태윤,47,광주 진해구123-45,010-5122-8498,자전거 타기
323,박태윤,53,천안 동구123-45,010-1743-3904,드로잉
324,신현우,60,광주 수성구123-45,010-2439-2543,등산
325,장지안,32,안양 기흥구123-45,010-3967-4555,게임
326,오소율,67,전주 일산동구123-45,010-5503-8310,운동
327,조소율,29,울산 덕양구123-45,010-4488-4166,운동
328,한지후,58,청주 장유동123-45,010-3044-7154,독서
329,윤소율,47,광주 분당구123-45,010-6935-1008,자전거 타기
330,서현우,37,천안 유성구123-45,010-2326-5594,드로잉
331,최예린,58,천안 분당구123-45,010-5863-5804,요리
332,장현우,73,광주 송파구123-45,010-6009-7344,영화감상
333,조지안,38,천안 성북구123-45,010-4007-4050,뜨개질
334,박민수,52,김해 강남구123-45,010-3097-5172,운동
335,정지후,22,인천 해운대구123-45,010-8987-2579,게임
336,장서연,50,광주 해운대구123-45,010-2796-3000,유튜브 보기
337,정시우,33,김해 성동구123-45,010-3024-9192,자전거 타기
338,정유진,25,창원 서구123-45,010-8847-1301,등산
339,서지안,58,포항 중구123-45,010-9116-3987,독서
340,최건우,74,천안 팔달구123-45,010-6542-9051,유튜브 보기
341,한태윤,36,제주 진해구123-45,010-5355-9684,요리
342,강시우,24,안양 북구123-45,010-1208-6509,게임
343,김수빈,29,고양 수성구123-45,010-9802-8260,운동
344,임서연,66,화성 달서구123-45,010-5912-5394,독서
345,조예은,71,제주 유성구123-45,010-4502-2276,드로잉
346,강도윤,69,광주 장유동123-45,010-5412-4059,등산
347,이유진,45,대구 유성구123-45,010-7429-1669,드로잉
348,신서준,25,세종 송파구123-45,010-6168-8891,드로잉
349,서하윤,37,대구 덕진구123-45,010-2267-5921,유튜브 보기
350,강예린,28,부산 달서구123-45,010-3523-4489,독서
351,오도윤,68,창원 북구123-45,010-8517-8152,유튜브 보기
352,오지후,34,고양 기흥구123-45,010-2176-6446,영화감상
353,박수빈,67,제주 팔달구123-45,010-4816-6379,수영
354,한소율,20,부산 일산동구123-45,010-6437-4533,사진촬영
355,신지안,67,울산 덕양구123-45,010-4114-9451,일기 쓰기
356,임서준,76,용인 남구123-45,010-2863-7165,사진촬영
357,윤소율,41,울산 유성구123-45,010-2151-5841,사진촬영
358,김지민,58,제주 강남구123-45,010-3114-4432,음악감상
359,이민수,38,부산 흥덕구123-45,010-7636-6279,자전거 타기
360,조지안,20,대전 서북구123-45,010-6756-8190,독서
361,장건우,63,창원 송파구123-45,010-1566-6772,독서
362,박은우,62,창원 장유동123-45,010-4882-7930,웹서핑
363,한지원,49,용인 신제주123-45,010-7331-9315,자전거 타기
364,김지안,70,창원 송파구123-45,010-5217-5099,드로잉
365,이서연,53,용인 성동구123-45,010-8263-9373,사진촬영
366,정건우,24,화성 신제주123-45,010-6902-1738,자전거 타기
367,장지안,76,용인 유성구123-45,010-2280-8281,영화감상
368,정소율,22,인천 진해구123-45,010-9437-5274,일기 쓰기
369,김지원,34,대구 달서구123-45,010-6201-2578,수영
370,김유진,24,수원 송파구123-45,010-9396-5610,여행
371,장현우,46,부산 중구123-45,010-2393-2863,사진촬영
372,정시우,43,화성 달서구123-45,010-5440-5532,요리
373,오지민,20,평택 진해구123-45,010-4244-5828,게임
374,신태윤,33,화성 강서구123-45,010-7957-7496,자전거 타기
375,신시우,36,전주 성북구123-45,010-7183-2719,영화감상
376,신민수,39,부산 서북구123-45,010-1618-8728,드로잉
377,강예린,73,대전 달서구123-45,010-1552-6066,보드게임
378,윤건우,53,고양 강남구123-45,010-3242-2085,유튜브 보기
379,윤서연,58,부산 북구123-45,010-3227-5543,게임
380,최서연,20,대전 신제주123-45,010-8891-3920,등산
381,오예은,74,평택 성북구123-45,010-4885-6670,여행
382,신서연,78,창원 일산동구123-45,010-6737-8105,게임
383,이지원,40,평택 남구123-45,010-2699-1000,수영
384,이은우,59,김해 남구123-45,010-9083-7434,웹서핑
385,임현우,42,성남 북구123-45,010-4835-1590,카페 투어
386,서서연,29,용인 수성구123-45,010-1532-6716,보드게임
387,최예린,58,대구 중구123-45,010-1609-3489,게임
388,박은우,36,전주 해운대구123-45,010-4546-6335,게임
389,한소율,27,용인 서구123-45,010-2826-4443,요리
390,신수빈,69,용인 동구123-45,010-5314-3117,일기 쓰기
391,한도윤,71,수원 덕양구123-45,010-3564-3916,드로잉
392,오도윤,30,안산 신제주123-45,010-2000-3423,사진촬영
393,임지안,35,수원 분당구123-45,010-2114-1421,보드게임
394,임지원,32,포항 동구123-45,010-2298-9246,수영
395,김태윤,52,청주 중구123-45,010-8235-3151,일기 쓰기
396,임지안,47,수원 흥덕구123-45,010-9997-5002,유튜브 보기
397,윤서연,79,울산 동구123-45,010-1324-1611,운동
398,서소율,60,제주 신제주123-45,010-4838-5237,운동
399,윤지후,69,포항 북구123-45,010-4896-8107,보드게임
400,정시우,77,남양주 강남구123-45,010-6154-9343,뜨개질
401,정현우,27,세종 신제주123-45,010-1606-4679,웹서핑
402,최서준,71,안산 강남구123-45,010-5885-4267,요리
403,임태윤,22,포항 팔달구123-45,010-2650-2896,카페 투어
404,최소율,21,안산 장유동123-45,010-5221-5992,보드게임
405,박서연,51,성남 달서구123-45,010-2017-5487,자전거 타기
406,강소율,23,안양 동구123-45,010-9919-2480,유튜브 보기
407,서건우,71,세종 진해구123-45,010-3433-2134,웹서핑
408,김하은,63,김해 성북구123-45,010-9711-3459,웹서핑
409,이지후,51,제주 덕진구123-45,010-4142-5636,요리
410,김지후,44,고양 장유동123-45,010-4556-5291,유튜브 보기
411,한지후,27,청주 성동구123-45,010-7781-5940,보드게임
412,신지안,67,포항 송파구123-45,010-2041-4761,일기 쓰기
413,오도윤,66,포항 중구123-45,010-4931-6998,일기 쓰기
414,이건우,68,인천 신제주123-45,010-3708-7550,카페 투어
415,이건우,32,서울 분당구123-45,010-3294-6404,음악감상
416,서소율,52,울산 수성구123-45,010-5689-7418,자전거 타기
417,조태윤,21,김해 덕양구123-45,010-3170-3413,음악감상
418,장지민,29,고양 강남구123-45,010-1191-6911,등산
419,장지안,56,평택 흥덕구123-45,010-8940-8116,보드게임
420,이건우,68,남양주 남구123-45,010-9969-9917,음악감상
421,조지민,64,대전 송파구123-45,010-8474-1225,자전거 타기
422,김하은,65,안산 남구123-45,010-8813-5231,보드게임
423,임예은,32,인천 덕양구123-45,010-1215-6941,영화감상
424,박수빈,45,광주 분당구123-45,010-9256-8484,사진촬영
425,이은우,47,광주 서북구123-45,010-5290-4513,웹서핑
426,조민수,30,부산 수성구123-45,010-9286-4638,자전거 타기
427,서하은,31,김해 강남구123-45,010-8520-6175,유튜브 보기
428,조지안,64,청주 해운대구123-45,010-8062-5381,게임
429,윤지후,66,대전 기흥구123-45,010-6900-2862,영화감상
430,박하윤,40,청주 성북구123-45,010-5155-8227,독서
431,최하윤,27,울산 신제주123-45,010-4549-6153,영화감상
432,정서연,45,청주 북구123-45,010-1194-7073,자전거 타기
433,이서준,28,서울 유성구123-45,010-3951-4824,운동
434,이수빈,61,안산 장유동123-45,010-1490-7832,보드게임
435,서태윤,70,성남 성북구123-45,010-6599-4949,수영
436,정하은,31,광주 해운대구123-45,010-5830-8760,여행
437,임지후,71,남양주 분당구123-45,010-7619-1223,사진촬영
438,임서연,60,화성 성동구123-45,010-7036-4555,등산
439,오현우,46,인천 수성구123-45,010-6799-1601,일기 쓰기
440,오수빈,36,안양 성동구123-45,010-5673-2682,독서
441,오시우,73,남양주 서북구123-45,010-3216-1851,음악감상
442,강서준,76,울산 팔달구123-45,010-9298-6237,웹서핑
443,한수빈,37,인천 성동구123-45,010-8107-4422,요리
444,한예은,38,남양주 남구123-45,010-6099-6510,영화감상
445,신하은,23,제주 성동구123-45,010-8118-2003,등산
446,윤민수,22,평택 송파구123-45,010-5914-6918,요리
447,이지원,43,대구 유성구123-45,010-6317-4692,보드게임
448,정소율,30,화성 중구123-45,010-3476-4726,사진촬영
449,이수빈,28,청주 달서구123-45,010-2301-3712,영화감상
450,최하윤,38,평택 분당구123-45,010-2822-3446,영화감상
451,한서준,54,전주 북구123-45,010-4819-9426,운동
452,최현우,76,창원 북구123-45,010-1076-1472,유튜브 보기
453,서소율,50,안산 강남구123-45,010-3573-3515,영화감상
454,신현우,52,세종 유성구123-45,010-7093-5868,독서
455,박서준,48,부산 강남구123-45,010-8839-4682,웹서핑
456,조지원,79,김해 해운대구123-45,010-4004-3701,사진촬영
457,장하은,47,청주 해운대구123-45,010-7806-4681,게임
458,강소율,71,수원 신제주123-45,010-7094-3970,수영
459,윤하은,47,인천 서북구123-45,010-1664-7714,자전거 타기
460,윤하윤,33,안양 수성구123-45,010-1890-1332,카페 투어
461,서지민,36,포항 팔달구123-45,010-6240-8221,게임
462,서서연,57,남양주 수성구123-45,010-2027-5806,일기 쓰기
463,이예은,69,평택 강남구123-45,010-3717-6515,요리
464,오소율,60,울산 북구123-45,010-6039-5791,독서
465,조유진,61,천안 서북구123-45,010-4180-3878,독서
466,김소율,64,제주 강서구123-45,010-1227-8169,여행
467,김예은,71,창원 성북구123-45,010-7720-7349,카페 투어
468,박건우,73,부산 서구123-45,010-9748-5700,등산
469,박현우,50,천안 진해구123-45,010-8760-2899,운동
470,조지안,33,남양주 수성구123-45,010-1790-8818,드로잉
471,강소율,20,광주 강서구123-45,010-8224-5216,드로잉
472,강서준,40,안양 진해구123-45,010-9983-4724,뜨개질
473,박지민,35,포항 팔달구123-45,010-4486-7805,등산
474,조현우,44,세종 성동구123-45,010-7716-9019,독서
475,임도윤,50,제주 일산동구123-45,010-7381-5083,음악감상
476,장민수,33,포항 동구123-45,010-3009-4263,뜨개질
477,최유진,35,광주 수성구123-45,010-2156-4780,유튜브 보기
478,임소율,76,천안 동구123-45,010-4301-1306,여행
479,신태윤,39,수원 기흥구123-45,010-5943-3192,영화감상
480,정지안,67,인천 장유동123-45,010-8155-6685,영화감상
481,한하은,63,인천 강서구123-45,010-4708-6584,일기 쓰기
482,윤지후,71,창원 성북구123-45,010-2441-9417,음악감상
483,윤지원,32,포항 팔달구123-45,010-9726-2517,드로잉
484,김지민,67,제주 강남구123-45,010-4116-8862,음악감상
485,서예은,59,안양 서북구123-45,010-2836-3176,운동
486,이하은,47,세종 진해구123-45,010-2632-6590,독서
487,윤하윤,77,광주 신제주123-45,010-8379-7003,뜨개질
488,박예린,22,인천 덕양구123-45,010-4187-2169,운동
489,신예린,59,서울 해운대구123-45,010-3142-9254,요리
490,서지후,45,용인 달서구123-45,010-4666-5570,게임
491,신소율,70,서울 팔달구123-45,010-8148-6098,여행
492,박현우,22,세종 해운대구123-45,010-6194-5952,일기 쓰기
493,김수빈,59,울산 서북구123-45,010-8289-7016,운동
494,강서준,57,대구 동구123-45,010-9472-7836,웹서핑
495,신하은,47,성남 해운대구123-45,010-4882-7521,뜨개질
496,신은우,27,광주 북구123-45,010-5864-3825,여행
497,최은우,74,전주 덕진구123-45,010-4773-3399,웹서핑
498,한서준,42,화성 서북구123-45,010-8272-3606,웹서핑
499,신시우,47,성남 서구123-45,010-2725-1962,영화감상
500,조예은,51,대구 분당구123-45,010-1453-4140,독서
501,강시우,58,수원 일산동구123-45,010-4690-5611,영화감상
502,김지후,26,세종 유성구123-45,010-5659-4598,수영
503,임은우,79,부산 수성구123-45,010-1190-8075,웹서핑
504,신지민,24,포항 유성구123-45,010-1353-1451,드로잉
505,이소율,65,남양주 진해구123-45,010-1432-3827,게임
506,오도윤,67,인천 수성구123-45,010-8754-2269,음악감상
507,윤예린,59,화성 해운대구123-45,010-4851-8789,카페 투어
508,정예린,52,남양주 흥덕구123-45,010-4252-5349,운동
509,오태윤,44,광주 장유동123-45,010-7527-1425,보드게임
510,최서준,58,광주 성동구123-45,010-1347-3811,음악감상
511,조지안,27,부산 수성구123-45,010-1422-8536,카페 투어
512,박도윤,61,안산 흥덕구123-45,010-7438-5161,유튜브 보기
513,강태윤,22,전주 성북구123-45,010-4567-7123,영화감상
514,정하윤,23,평택 동구123-45,010-8992-5152,유튜브 보기
515,박하윤,43,용인 성동구123-45,010-2374-3716,뜨개질
516,최지민,59,평택 팔달구123-45,010-6799-9184,카페 투어
517,신예린,41,대구 달서구123-45,010-2976-1770,운동
518,정건우,74,용인 흥덕구123-45,010-4376-8259,드로잉
519,장서연,22,안산 서구123-45,010-2314-3232,카페 투어
520,조민수,24,창원 달서구123-45,010-3287-2218,독서
521,이하윤,39,서울 덕진구123-45,010-6010-7558,음악감상
522,오도윤,35,고양 유성구123-45,010-1250-4533,카페 투어
523,정지민,49,고양 해운대구123-45,010-9916-7957,뜨개질
524,서하은,46,세종 해운대구123-45,010-8686-5335,요리
525,박하윤,37,창원 송파구123-45,010-6525-3343,드로잉
526,장민수,57,청주 강서구123-45,010-9432-3647,웹서핑
527,이시우,20,울산 수성구123-45,010-2219-1035,요리
528,이지안,23,포항 덕양구123-45,010-8917-7806,웹서핑
529,강지원,23,용인 덕진구123-45,010-4978-1020,뜨개질
530,최지민,57,성남 장유동123-45,010-3873-7239,카페 투어
531,조소율,75,부산 장유동123-45,010-6327-8346,요리
532,박하은,33,전주 진해구123-45,010-4658-2409,게임
533,오수빈,49,수원 남구123-45,010-4351-4455,음악감상
534,신하은,55,남양주 송파구123-45,010-9589-4989,수영
535,한건우,58,성남 진해구123-45,010-3640-8506,게임
536,이예은,65,울산 수성구123-45,010-3494-3422,뜨개질
537,윤지민,75,제주 신제주123-45,010-5533-3014,등산
538,강시우,51,청주 덕양구123-45,010-2660-5547,일기 쓰기
539,이지안,36,부산 북구123-45,010-6230-4867,유튜브 보기
540,장지안,50,포항 송파구123-45,010-3306-4862,영화감상
541,이하은,20,김해 동구123-45,010-2941-5034,게임
542,이지후,44,수원 성북구123-45,010-2766-3759,독서
543,최하은,23,세종 동구123-45,010-1697-1052,뜨개질
544,최태윤,26,세종 신제주123-45,010-3805-7481,카페 투어
545,장은우,49,남양주 서구123-45,010-1125-3658,카페 투어
546,강예린,24,포항 진해구123-45,010-6955-6283,게임
547,김지후,57,용인 남구123-45,010-6473-4886,유튜브 보기
548,박지후,75,수원 기흥구123-45,010-5838-9766,독서
549,한예은,70,인천 유성구123-45,010-6471-5928,수영
550,조태윤,73,광주 진해구123-45,010-5803-5973,보드게임
551,최시우,63,울산 덕양구123-45,010-5358-6465,드로잉
552,신도윤,78,성남 서북구123-45,010-7015-1479,여행
553,한수빈,47,청주 성북구123-45,010-4122-9458,등산
554,최하윤,48,청주 장유동123-45,010-9022-4957,자전거 타기
555,김예린,60,전주 덕진구123-45,010-6216-5853,카페 투어
556,서도윤,55,인천 강서구123-45,010-2847-3578,웹서핑
557,박도윤,32,제주 북구123-45,010-3430-7066,카페 투어
558,한서연,65,부산 해운대구123-45,010-4389-6333,자전거 타기
559,오하윤,22,남양주 성북구123-45,010-9743-3385,운동
560,윤소율,46,대전 성동구123-45,010-2909-7064,게임
561,한현우,44,안양 중구123-45,010-7970-7302,사진촬영
562,이예린,20,성남 강서구123-45,010-2742-1932,유튜브 보기
563,정수빈,43,용인 북구123-45,010-6236-9367,운동
564,한지원,43,포항 기흥구123-45,010-7075-7137,드로잉
565,장태윤,33,용인 흥덕구123-45,010-1224-6758,독서
566,정지민,68,제주 덕양구123-45,010-3826-1857,수영
567,신민수,25,제주 기흥구123-45,010-2589-7373,사진촬영
568,장예린,57,성남 해운대구123-45,010-4120-8268,운동
569,김소율,65,남양주 중구123-45,010-1967-9460,수영
570,박지후,70,고양 성동구123-45,010-7378-4949,보드게임
571,김서연,58,부산 송파구123-45,010-4996-3180,음악감상
572,오시우,53,남양주 기흥구123-45,010-9116-3667,게임
573,한소율,77,김해 동구123-45,010-3111-1702,자전거 타기
574,윤도윤,51,제주 해운대구123-45,010-7804-2016,일기 쓰기
575,조하은,50,김해 서구123-45,010-9247-6068,사진촬영
576,최은우,31,수원 중구123-45,010-2967-8740,사진촬영
577,이서준,40,수원 달서구123-45,010-5864-9286,일기 쓰기
578,최민수,36,고양 일산동구123-45,010-2042-5369,요리
579,윤서연,23,수원 서북구123-45,010-6504-4357,보드게임
580,김태윤,55,용인 남구123-45,010-6945-2472,독서
581,이예은,52,고양 덕양구123-45,010-4267-4978,독서
582,박건우,68,수원 유성구123-45,010-9395-3826,카페 투어
583,박소율,51,광주 달서구123-45,010-1990-6030,수영
584,김지민,37,제주 강남구123-45,010-8851-4743,일기 쓰기
585,최서연,55,광주 기흥구123-45,010-5726-4283,여행
586,정은우,50,안산 강남구123-45,010-5998-1937,사진촬영
587,서예은,60,수원 송파구123-45,010-9224-3880,유튜브 보기
588,김태윤,20,안산 덕양구123-45,010-3387-4777,게임
589,한시우,74,김해 덕양구123-45,010-2178-1744,수영
590,장유진,45,평택 남구123-45,010-3285-5224,요리
591,신예은,52,고양 서구123-45,010-3632-9668,등산
592,임예린,69,창원 동구123-45,010-2554-5694,여행
593,서하은,25,고양 서북구123-45,010-7231-5107,운동
594,최은우,58,천안 강서구123-45,010-7359-4012,일기 쓰기
595,조하은,36,부산 수성구123-45,010-1701-9119,운동
596,윤시우,29,광주 수성구123-45,010-2185-7653,드로잉
597,이지민,40,용인 남구123-45,010-1022-7618,뜨개질
598,윤서연,21,천안 성동구123-45,010-6316-2528,드로잉
599,박유진,63,세종 수성구123-45,010-1215-3004,자전거 타기
600,최도윤,69,고양 팔달구123-45,010-2478-5319,사진촬영
601,이지안,59,세종 흥덕구123-45,010-4749-9262,요리
602,임소율,22,김해 강서구123-45,010-7388-4571,보드게임
603,한지민,63,광주 북구123-45,010-4326-5290,수영
604,오하윤,68,세종 서구123-45,010-2931-3324,자전거 타기
605,정태윤,65,전주 진해구123-45,010-1518-7759,웹서핑
606,오도윤,41,성남 덕양구123-45,010-1639-5908,게임
607,박하은,58,세종 성북구123-45,010-8554-6448,독서
608,윤예은,33,광주 서북구123-45,010-7406-9804,등산
609,이건우,55,세종 수성구123-45,010-9727-1101,보드게임
610,조은우,69,포항 신제주123-45,010-8965-6508,자전거 타기
611,최서준,77,수원 강서구123-45,010-4947-6223,카페 투어
612,최하은,23,대구 진해구123-45,010-3601-3631,보드게임
613,정서연,45,대구 중구123-45,010-4610-6248,웹서핑
614,조은우,23,창원 북구123-45,010-6094-9147,수영
615,최지안,48,제주 덕진구123-45,010-1153-8559,드로잉
616,조서연,27,김해 분당구123-45,010-2274-6412,카페 투어
617,신유진,63,수원 해운대구123-45,010-4998-1895,운동
618,조서연,39,천안 덕진구123-45,010-4354-2801,독서
619,이건우,55,대전 강서구123-45,010-5956-2904,요리
620,신건우,61,제주 수성구123-45,010-3787-1492,여행
621,정지후,45,창원 북구123-45,010-7786-3011,운동
622,강하윤,73,제주 팔달구123-45,010-5370-6950,운동
623,오지안,66,부산 서구123-45,010-6901-5978,보드게임
624,정하은,33,전주 신제주123-45,010-1331-2023,요리
625,신서준,58,평택 기흥구123-45,010-2008-7532,뜨개질
626,김예린,61,천안 분당구123-45,010-8668-2809,사진촬영
627,신민수,60,인천 서북구123-45,010-1666-2700,보드게임
628,정서준,74,천안 동구123-45,010-4698-2285,일기 쓰기
629,장건우,64,전주 성동구123-45,010-9455-2130,수영
630,서수빈,58,포항 팔달구123-45,010-1537-2100,드로잉
631,최예린,62,광주 강남구123-45,010-1996-8495,운동
632,강건우,66,남양주 강남구123-45,010-7512-7670,뜨개질
633,윤하윤,65,천안 동구123-45,010-1591-6517,등산
634,신하윤,34,전주 해운대구123-45,010-8402-5277,보드게임
635,윤현우,24,용인 서구123-45,010-9236-3059,운동
636,신은우,43,대전 달서구123-45,010-8461-1465,운동
637,강현우,54,제주 성동구123-45,010-9640-6068,요리
638,조하윤,75,고양 북구123-45,010-1517-1533,웹서핑
639,정민수,54,수원 덕진구123-45,010-5329-6288,웹서핑
640,조소율,54,대전 북구123-45,010-4833-9000,일기 쓰기
641,윤예은,66,대구 북구123-45,010-6194-1200,수영
642,서하은,26,서울 성동구123-45,010-3204-1563,수영
643,한예은,48,안양 일산동구123-45,010-1746-5582,보드게임
644,박유진,55,대전 성북구123-45,010-1516-8337,여행
645,최태윤,23,수원 북구123-45,010-4213-1601,영화감상
646,강은우,50,청주 북구123-45,010-4150-4801,운동
647,정태윤,77,화성 진해구123-45,010-7865-6612,등산
648,김예린,66,울산 유성구123-45,010-5230-2277,음악감상
649,장태윤,43,창원 덕양구123-45,010-1186-9623,사진촬영
650,오지안,49,안양 성동구123-45,010-3338-8413,뜨개질
651,이건우,70,울산 장유동123-45,010-5357-7020,자전거 타기
652,임도윤,74,세종 중구123-45,010-3991-6123,유튜브 보기
653,이지민,27,성남 강서구123-45,010-2199-9194,요리
654,한건우,37,창원 신제주123-45,010-7354-4072,일기 쓰기
655,최지후,27,남양주 서북구123-45,010-4725-5412,카페 투어
656,장수빈,28,수원 진해구123-45,010-4952-9149,게임
657,조지후,23,세종 신제주123-45,010-4477-3906,운동
658,한예은,60,김해 달서구123-45,010-9149-4954,독서
659,서서연,20,대구 기흥구123-45,010-2843-6437,자전거 타기
660,조현우,68,대구 해운대구123-45,010-2327-6665,일기 쓰기
661,윤시우,23,화성 진해구123-45,010-7773-9158,영화감상
662,임은우,60,전주 동구123-45,010-4203-4667,드로잉
663,서하은,37,남양주 팔달구123-45,010-7414-6710,사진촬영
664,윤태윤,62,안양 흥덕구123-45,010-6934-4649,독서
665,김민수,39,세종 신제주123-45,010-1437-8551,음악감상
666,장지원,69,세종 중구123-45,010-3900-5395,독서
667,오예린,69,울산 송파구123-45,010-1670-9585,자전거 타기
668,정현우,70,전주 중구123-45,010-7651-8651,운동
669,김유진,66,용인 덕양구123-45,010-3654-7189,일기 쓰기
670,신민수,57,청주 유성구123-45,010-4152-7753,여행
671,김민수,70,전주 신제주123-45,010-8515-3916,사진촬영
672,최하은,51,고양 수성구123-45,010-9960-4655,유튜브 보기
673,한지민,21,김해 기흥구123-45,010-6745-4680,일기 쓰기
674,정도윤,26,전주 일산동구123-45,010-5239-6862,요리
675,최지안,78,광주 북구123-45,010-8381-3296,독서
676,강예린,39,광주 강남구123-45,010-3171-2687,드로잉
677,이건우,44,김해 신제주123-45,010-8789-7367,여행
678,이시우,70,청주 서북구123-45,010-3505-7114,운동
679,임건우,34,김해 성동구123-45,010-7300-1053,음악감상
680,박민수,48,포항 진해구123-45,010-5430-2201,수영
681,윤하윤,55,광주 흥덕구123-45,010-3233-4564,자전거 타기
682,서서준,79,세종 덕진구123-45,010-2894-4869,사진촬영
683,장민수,54,광주 덕진구123-45,010-4137-8787,운동
684,신도윤,75,인천 서북구123-45,010-6480-5463,독서
685,신하은,38,부산 남구123-45,010-5895-9621,영화감상
686,한서준,74,대전 북구123-45,010-5951-6455,운동
687,신현우,65,남양주 서북구123-45,010-5354-3066,게임
688,김건우,56,세종 북구123-45,010-6897-9935,뜨개질
689,최지원,56,서울 중구123-45,010-4886-4091,독서
690,임시우,54,서울 수성구123-45,010-5514-3007,수영
691,서도윤,36,안양 진해구123-45,010-4480-3193,카페 투어
692,이지원,26,용인 해운대구123-45,010-3320-7586,독서
693,신하은,31,대구 성동구123-45,010-4918-3262,유튜브 보기
694,한지안,57,서울 기흥구123-45,010-4560-5327,카페 투어
695,신유진,56,성남 분당구123-45,010-5180-8209,게임
696,오민수,67,창원 기흥구123-45,010-8991-6119,독서
697,신지안,65,대전 성북구123-45,010-6767-7229,웹서핑
698,박지후,77,안산 유성구123-45,010-8594-3253,등산
699,오수빈,27,전주 덕양구123-45,010-2108-5194,뜨개질
700,김예린,29,광주 팔달구123-45,010-8749-7744,보드게임
701,정예은,43,안양 덕진구123-45,010-6577-8754,게임
702,조서준,63,인천 장유동123-45,010-6254-8130,보드게임
703,정지안,45,창원 성동구123-45,010-5130-3428,보드게임
704,서지안,25,평택 일산동구123-45,010-7266-3403,자전거 타기
705,서하은,56,안양 중구123-45,010-2324-6635,수영
706,최수빈,43,수원 신제주123-45,010-6014-5269,자전거 타기
707,신서준,64,김해 달서구123-45,010-3564-9927,드로잉
708,이지원,59,제주 일산동구123-45,010-5279-8777,일기 쓰기
709,정민수,22,세종 달서구123-45,010-6048-6409,웹서핑
710,장유진,73,창원 송파구123-45,010-6641-7952,드로잉
711,김지후,47,창원 동구123-45,010-1940-4978,웹서핑
712,이도윤,50,남양주 강서구123-45,010-2122-7050,보드게임
713,이예린,63,안양 동구123-45,010-1389-5580,뜨개질
714,강예은,32,남양주 진해구123-45,010-2270-8497,유튜브 보기
715,김유진,29,천안 북구123-45,010-4777-5839,유튜브 보기
716,김서연,28,인천 분당구123-45,010-4732-6142,유튜브 보기
717,오하은,76,인천 강남구123-45,010-6588-5156,영화감상
718,박지안,78,전주 장유동123-45,010-6871-9193,요리
719,조시우,75,서울 장유동123-45,010-8731-6268,자전거 타기
720,정하은,71,부산 동구123-45,010-7109-2708,보드게임
721,서지안,61,천안 서구123-45,010-8947-9648,뜨개질
722,이지후,61,안양 분당구123-45,010-9243-1064,드로잉
723,신지원,21,성남 강서구123-45,010-3289-3530,뜨개질
724,한시우,76,서울 덕진구123-45,010-1854-2678,요리
725,강지후,58,부산 달서구123-45,010-6603-9073,영화감상
726,오유진,50,전주 강서구123-45,010-5786-2406,여행
727,한예은,30,대구 성동구123-45,010-1005-1624,독서
728,김민수,35,제주 송파구123-45,010-4629-1410,웹서핑
729,최지안,31,세종 팔달구123-45,010-5293-6648,여행
730,최서준,73,청주 진해구123-45,010-1196-5483,사진촬영
731,한건우,40,고양 신제주123-45,010-4030-8752,독서
732,박도윤,64,화성 북구123-45,010-8468-2841,여행
733,한하은,67,수원 진해구123-45,010-9351-9091,등산
734,신은우,41,세종 동구123-45,010-1305-9294,드로잉
735,강현우,65,울산 서구123-45,010-7348-8920,영화감상
736,강지원,58,전주 팔달구123-45,010-2465-6803,등산
737,서지후,59,안산 진해구123-45,010-4411-2162,드로잉
738,오도윤,24,대전 장유동123-45,010-8009-7344,등산
739,정태윤,74,고양 장유동123-45,010-4544-2570,드로잉
740,서하윤,63,전주 장유동123-45,010-4550-3703,카페 투어
741,임민수,67,수원 분당구123-45,010-7472-6055,유튜브 보기
742,조지민,32,수원 해운대구123-45,010-1268-8873,음악감상
743,서서준,71,성남 북구123-45,010-3264-1947,자전거 타기
744,장소율,21,울산 서북구123-45,010-1017-6151,영화감상
745,장지안,75,창원 유성구123-45,010-1365-5232,게임
746,임도윤,46,서울 장유동123-45,010-1410-5393,드로잉
747,이지민,56,대구 팔달구123-45,010-9757-8734,게임
748,정지원,61,제주 흥덕구123-45,010-4460-6489,영화감상
749,오지원,63,성남 중구123-45,010-6756-3126,카페 투어
750,조건우,66,청주 남구123-45,010-3596-4848,보드게임
751,최하은,73,서울 중구123-45,010-5103-6882,여행
752,정소율,38,수원 흥덕구123-45,010-4838-6334,운동
753,서하윤,46,울산 덕진구123-45,010-4372-9209,유튜브 보기
754,서지원,43,광주 수성구123-45,010-4816-8989,영화감상
755,임예은,41,천안 송파구123-45,010-8215-5078,드로잉
756,이수빈,70,김해 신제주123-45,010-6175-8270,여행
757,오현우,46,대전 달서구123-45,010-3077-1153,카페 투어
758,서태윤,63,수원 기흥구123-45,010-1360-5769,수영
759,박서연,29,포항 성북구123-45,010-6371-6516,보드게임
760,신지민,43,대구 강남구123-45,010-5327-9385,카페 투어
761,강태윤,65,천안 성동구123-45,010-5263-8366,사진촬영
762,조하은,72,고양 북구123-45,010-2186-4645,독서
763,장예은,65,서울 흥덕구123-45,010-1613-9586,자전거 타기
764,이소율,63,광주 강남구123-45,010-3518-1270,독서
765,조수빈,36,부산 송파구123-45,010-5458-3295,뜨개질
766,신예은,75,울산 해운대구123-45,010-4016-3806,영화감상
767,박민수,77,서울 송파구123-45,010-8651-6488,카페 투어
768,서지원,48,화성 성북구123-45,010-1268-6718,영화감상
769,이소율,54,울산 북구123-45,010-6486-7590,웹서핑
770,오소율,36,세종 송파구123-45,010-7936-4951,영화감상
771,김현우,73,남양주 일산동구123-45,010-5495-5856,카페 투어
772,신수빈,74,김해 기흥구123-45,010-3465-3794,요리
773,김지안,41,울산 신제주123-45,010-6539-1401,수영
774,한현우,75,남양주 성동구123-45,010-7868-7511,음악감상
775,조하윤,64,고양 해운대구123-45,010-2215-7593,드로잉
776,이도윤,43,안양 덕양구123-45,010-7829-6831,영화감상
777,최은우,47,창원 달서구123-45,010-8873-7617,웹서핑
778,이유진,68,세종 진해구123-45,010-2795-8653,게임
779,최지후,47,용인 서북구123-45,010-1021-6106,웹서핑
780,장도윤,61,세종 덕양구123-45,010-8145-4832,음악감상
781,오지후,49,안양 수성구123-45,010-6344-4397,등산
782,최지민,54,남양주 동구123-45,010-1836-9050,독서
783,강시우,74,청주 강남구123-45,010-3416-9004,요리
784,조지원,26,평택 팔달구123-45,010-5795-4372,수영
785,한수빈,27,안산 성동구123-45,010-2641-1103,독서
786,정지원,62,제주 달서구123-45,010-4409-3878,요리
787,김예은,45,인천 유성구123-45,010-9504-6167,등산
788,신현우,68,울산 중구123-45,010-3996-1458,독서
789,박태윤,25,청주 진해구123-45,010-3282-1597,사진촬영
790,윤지민,52,울산 덕진구123-45,010-8529-4745,웹서핑
791,조지안,60,창원 일산동구123-45,010-3221-5747,사진촬영
792,김수빈,56,대구 해운대구123-45,010-7797-1371,영화감상
793,이건우,71,창원 덕진구123-45,010-6621-1016,음악감상
794,장하은,32,고양 장유동123-45,010-8276-4834,유튜브 보기
795,윤지안,50,청주 서북구123-45,010-8871-8559,유튜브 보기
796,최서연,49,화성 장유동123-45,010-8612-7127,운동
797,최은우,24,천안 동구123-45,010-3840-4464,자전거 타기
798,오건우,53,부산 서북구123-45,010-2098-1531,요리
799,서민수,45,대전 유성구123-45,010-2518-9228,게임
800,김지후,69,인천 강서구123-45,010-6155-1478,사진촬영
801,최민수,57,대전 강남구123-45,010-8493-5781,요리
802,한태윤,45,남양주 유성구123-45,010-8275-2186,독서
803,윤시우,59,울산 동구123-45,010-5666-3347,카페 투어
804,최예린,34,창원 서구123-45,010-4504-6680,운동
805,윤하은,54,세종 팔달구123-45,010-3194-5543,영화감상
806,조현우,38,대전 달서구123-45,010-5151-5424,수영
807,강태윤,49,안양 수성구123-45,010-7043-2242,드로잉
808,정예린,65,천안 송파구123-45,010-1269-9956,수영
809,윤하은,63,청주 남구123-45,010-2625-1365,수영
810,서시우,61,김해 팔달구123-45,010-8903-4373,카페 투어
811,임예은,63,고양 강남구123-45,010-8049-2745,드로잉
812,박도윤,62,안산 송파구123-45,010-6729-7803,독서
813,임소율,68,인천 덕양구123-45,010-4601-7296,독서
814,윤하은,58,대구 서구123-45,010-4073-2129,운동
815,한현우,28,안양 신제주123-45,010-6149-5194,웹서핑
816,임지안,49,창원 팔달구123-45,010-9924-6685,독서
817,최지후,72,광주 강서구123-45,010-9466-1656,독서
818,최도윤,29,포항 기흥구123-45,010-4038-5291,보드게임
819,오유진,49,천안 성북구123-45,010-7101-1891,수영
820,한도윤,34,제주 일산동구123-45,010-1029-4338,드로잉
821,신수빈,57,수원 서북구123-45,010-3931-2269,웹서핑
822,한지후,25,수원 진해구123-45,010-9239-9196,웹서핑
823,정지민,79,대전 성동구123-45,010-5570-6646,사진촬영
824,윤예린,72,천안 성북구123-45,010-5518-8466,영화감상
825,윤건우,65,화성 덕양구123-45,010-6078-9927,사진촬영
826,조도윤,27,화성 강서구123-45,010-3946-6916,드로잉
827,신태윤,20,안산 중구123-45,010-1981-7233,유튜브 보기
828,오서준,32,광주 남구123-45,010-4998-3277,사진촬영
829,이도윤,41,화성 남구123-45,010-3746-1925,음악감상
830,임민수,52,서울 장유동123-45,010-3801-9795,운동
831,정하은,28,포항 장유동123-45,010-9428-6469,수영
832,박수빈,70,용인 신제주123-45,010-1605-4178,자전거 타기
833,이지원,76,서울 흥덕구123-45,010-9680-7296,운동
834,한지민,66,화성 동구123-45,010-5738-6377,독서
835,윤도윤,65,평택 진해구123-45,010-5001-8137,게임
836,장태윤,34,인천 팔달구123-45,010-1844-8154,음악감상
837,박유진,20,남양주 송파구123-45,010-8918-4576,사진촬영
838,한민수,57,부산 동구123-45,010-7831-3478,등산
839,오은우,26,인천 유성구123-45,010-5459-7991,보드게임
840,박지안,52,평택 송파구123-45,010-1817-4853,게임
841,장지민,71,안양 유성구123-45,010-3101-6037,웹서핑
842,서지원,35,수원 성북구123-45,010-1679-5649,영화감상
843,박지원,74,성남 성동구123-45,010-6321-2053,영화감상
844,최태윤,63,대구 서구123-45,010-2693-7963,유튜브 보기
845,장서준,58,대전 성동구123-45,010-1469-6919,음악감상
846,이지원,26,안산 동구123-45,010-7017-6179,카페 투어
847,서시우,26,창원 덕진구123-45,010-1013-2084,독서
848,임시우,65,인천 서구123-45,010-7472-8371,음악감상
849,임건우,33,고양 서북구123-45,010-3558-2733,등산
850,신도윤,71,인천 장유동123-45,010-3647-1860,수영
851,임유진,26,인천 흥덕구123-45,010-9254-5348,보드게임
852,최서준,36,청주 진해구123-45,010-2987-3007,여행
853,강도윤,44,포항 남구123-45,010-4273-1497,수영
854,오하윤,58,제주 중구123-45,010-9200-8452,유튜브 보기
855,임예린,49,울산 덕양구123-45,010-7596-4309,게임
856,최예린,56,대전 유성구123-45,010-4204-7765,보드게임
857,서건우,63,수원 유성구123-45,010-6116-3193,일기 쓰기
858,이예은,75,제주 성동구123-45,010-7140-5986,보드게임
859,장소율,33,전주 진해구123-45,010-3959-3238,카페 투어
860,이태윤,27,전주 장유동123-45,010-4853-9278,게임
861,오유진,49,성남 수성구123-45,010-1889-5542,여행
862,신하윤,26,안산 동구123-45,010-3299-2464,영화감상
863,정지안,60,대전 흥덕구123-45,010-5559-4841,유튜브 보기
864,임소율,76,수원 중구123-45,010-5564-6682,웹서핑
865,박예린,67,제주 북구123-45,010-9990-9768,드로잉
866,최민수,46,안양 흥덕구123-45,010-2805-9388,음악감상
867,강지민,39,평택 서구123-45,010-2748-6324,음악감상
868,오도윤,74,대구 유성구123-45,010-9499-5848,음악감상
869,장지민,65,세종 강서구123-45,010-2421-2598,수영
870,윤건우,28,부산 달서구123-45,010-9386-5767,드로잉
871,정지민,78,울산 남구123-45,010-6406-5168,뜨개질
872,오태윤,70,청주 수성구123-45,010-6185-1386,음악감상
873,오태윤,27,창원 송파구123-45,010-7013-7730,여행
874,오하은,64,인천 강서구123-45,010-1603-7577,자전거 타기
875,박태윤,21,제주 신제주123-45,010-1550-5589,독서
876,오도윤,28,화성 기흥구123-45,010-1749-9406,유튜브 보기
877,김하윤,53,청주 수성구123-45,010-8430-7362,카페 투어
878,최유진,42,창원 성북구123-45,010-4150-7297,요리
879,정현우,68,제주 중구123-45,010-8490-7002,독서
880,이지원,36,고양 동구123-45,010-7385-4525,뜨개질
881,오도윤,30,성남 달서구123-45,010-5399-8431,운동
882,한도윤,26,평택 송파구123-45,010-5716-4145,운동
883,박하윤,26,화성 흥덕구123-45,010-1139-5865,보드게임
884,한하윤,29,청주 해운대구123-45,010-9116-1559,음악감상
885,강예은,64,용인 팔달구123-45,010-1018-9145,카페 투어
886,김은우,55,부산 일산동구123-45,010-1894-6607,유튜브 보기
887,서태윤,40,평택 강남구123-45,010-2778-8600,등산
888,강지후,25,서울 수성구123-45,010-9566-3363,게임
889,이은우,65,전주 일산동구123-45,010-9214-2911,사진촬영
890,강서준,63,용인 남구123-45,010-8106-3604,음악감상
891,강현우,62,대전 덕진구123-45,010-8981-7136,사진촬영
892,강서준,50,안양 덕진구123-45,010-7423-4763,자전거 타기
893,이예은,58,안산 서북구123-45,010-3979-4643,운동
894,윤소율,52,대구 서북구123-45,010-8842-4864,웹서핑
895,박지안,28,세종 흥덕구123-45,010-4926-9137,운동
896,임지안,41,서울 중구123-45,010-5743-7317,자전거 타기
897,김현우,46,성남 장유동123-45,010-2905-2523,유튜브 보기
898,신예은,63,울산 분당구123-45,010-8420-9547,독서
899,윤시우,50,화성 해운대구123-45,010-7851-2002,등산
900,윤민수,58,청주 수성구123-45,010-3646-7090,드로잉
901,최수빈,27,청주 기흥구123-45,010-9952-6936,카페 투어
902,박지원,20,천안 팔달구123-45,010-6530-1620,운동
903,최민수,43,광주 성동구123-45,010-9134-9405,카페 투어
904,박소율,77,부산 일산동구123-45,010-7852-6882,카페 투어
905,이소율,59,창원 팔달구123-45,010-7841-1538,뜨개질
906,임유진,46,고양 신제주123-45,010-2155-8485,여행
907,오현우,40,김해 서구123-45,010-2678-8448,수영
908,이은우,25,전주 해운대구123-45,010-3146-3997,수영
909,한서연,51,포항 서북구123-45,010-4194-3721,웹서핑
910,임민수,54,고양 달서구123-45,010-4414-3812,요리
911,한지후,49,인천 일산동구123-45,010-1522-6044,운동
912,최지안,23,청주 해운대구123-45,010-8910-2475,여행
913,김하은,27,제주 강남구123-45,010-2700-4844,사진촬영
914,강서연,21,울산 송파구123-45,010-1189-4010,음악감상
915,서현우,22,청주 서구123-45,010-5772-4305,음악감상
916,강건우,31,김해 수성구123-45,010-1361-4091,웹서핑
917,오지안,63,대구 남구123-45,010-3112-5540,뜨개질
918,이지원,25,세종 성북구123-45,010-7799-1991,수영
919,임민수,67,인천 해운대구123-45,010-2595-8847,보드게임
920,윤건우,45,세종 중구123-45,010-6084-8358,수영
921,신예린,51,수원 진해구123-45,010-6316-7410,영화감상
922,서하은,66,광주 팔달구123-45,010-6788-9634,카페 투어
923,박시우,55,고양 해운대구123-45,010-7295-1789,유튜브 보기
924,한건우,57,울산 덕진구123-45,010-6189-9292,등산
925,오건우,22,제주 송파구123-45,010-6730-9091,등산
926,윤예린,26,울산 팔달구123-45,010-2372-3093,드로잉
927,한지안,60,천안 해운대구123-45,010-1704-7989,뜨개질
928,이지안,26,안양 신제주123-45,010-1390-4413,뜨개질
929,장태윤,29,고양 일산동구123-45,010-8904-7658,등산
930,한지안,71,안산 팔달구123-45,010-3831-7718,보드게임
931,윤민수,60,포항 장유동123-45,010-1558-5037,운동
932,정유진,62,안산 수성구123-45,010-7301-6977,영화감상
933,강은우,40,화성 해운대구123-45,010-7688-9454,등산
934,조태윤,55,대전 중구123-45,010-4973-4134,사진촬영
935,강서연,48,포항 신제주123-45,010-1354-4262,뜨개질
936,윤도윤,27,인천 일산동구123-45,010-3532-7439,자전거 타기
937,김건우,79,청주 팔달구123-45,010-2297-6326,수영
938,장예은,56,광주 중구123-45,010-9047-9237,유튜브 보기
939,임지안,36,전주 일산동구123-45,010-5722-5728,음악감상
940,서은우,70,평택 서구123-45,010-1058-8064,여행
941,김예린,70,대전 신제주123-45,010-9242-3323,요리
942,조도윤,79,포항 남구123-45,010-1291-5586,일기 쓰기
943,김지안,47,안산 달서구123-45,010-3127-6538,보드게임
944,장지후,43,성남 신제주123-45,010-2991-6316,웹서핑
945,장수빈,40,창원 중구123-45,010-1173-2533,등산
946,조서연,79,울산 북구123-45,010-4082-5551,뜨개질
947,오태윤,22,전주 팔달구123-45,010-5097-7998,요리
948,오은우,65,대구 강서구123-45,010-5971-3163,유튜브 보기
949,서예린,59,전주 달서구123-45,010-9801-7012,운동
950,김서준,34,김해 팔달구123-45,010-8861-1234,자전거 타기
951,서소율,26,수원 성북구123-45,010-3761-9146,웹서핑
952,한태윤,74,용인 강서구123-45,010-8470-3077,일기 쓰기
953,박은우,73,울산 기흥구123-45,010-5670-8552,웹서핑
954,신도윤,50,고양 분당구123-45,010-2434-1172,게임
955,이서준,21,창원 흥덕구123-45,010-4613-9295,자전거 타기
956,박소율,56,청주 진해구123-45,010-4328-5729,독서
957,박유진,71,창원 동구123-45,010-9388-8216,일기 쓰기
958,조은우,24,천안 성동구123-45,010-1139-1245,여행
959,정지안,59,전주 송파구123-45,010-9911-5493,웹서핑
960,최서연,64,남양주 동구123-45,010-7217-4601,게임
961,최은우,32,청주 서구123-45,010-9931-2270,뜨개질
962,서은우,36,천안 동구123-45,010-6982-5461,뜨개질
963,서유진,26,인천 중구123-45,010-5046-7987,요리
964,조지후,34,화성 서구123-45,010-5641-9603,수영
965,신예린,54,용인 송파구123-45,010-3875-5248,드로잉
966,김예린,22,평택 유성구123-45,010-3965-5171,게임
967,최예은,57,화성 송파구123-45,010-1009-2835,유튜브 보기
968,박예린,57,창원 일산동구123-45,010-2168-3920,웹서핑
969,임현우,79,안양 서구123-45,010-5092-5654,웹서핑
970,윤태윤,41,인천 송파구123-45,010-4223-8161,독서
971,오서준,75,제주 덕양구123-45,010-4858-7291,웹서핑
972,장예린,67,성남 서구123-45,010-9502-4471,등산
973,박지후,72,창원 성동구123-45,010-2287-7034,수영
974,윤유진,79,창원 진해구123-45,010-9491-1949,웹서핑
975,강예은,25,세종 서북구123-45,010-1712-6116,카페 투어
976,한지원,58,천안 덕양구123-45,010-1107-7914,게임
977,정시우,69,남양주 남구123-45,010-9066-8131,요리
978,오현우,38,고양 성동구123-45,010-2803-3864,카페 투어
979,박건우,43,대전 송파구123-45,010-4827-3038,웹서핑
980,박지민,71,세종 달서구123-45,010-8120-2175,카페 투어
981,조하윤,74,대전 진해구123-45,010-8798-5424,수영
982,신도윤,55,포항 유성구123-45,010-7558-5898,수영
983,조지후,52,부산 유성구123-45,010-8755-4593,운동
984,조지안,74,대구 서북구123-45,010-4435-6383,보드게임
985,최예은,35,수원 성북구123-45,010-1452-1434,보드게임
986,오태윤,22,김해 장유동123-45,010-7220-6082,일기 쓰기
987,윤민수,50,인천 해운대구123-45,010-9880-6749,웹서핑
988,이서연,79,전주 장유동123-45,010-1086-7170,웹서핑
989,박예은,55,광주 덕진구123-45,010-6130-6113,일기 쓰기
990,신서연,54,서울 일산동구123-45,010-1853-3418,독서
991,최민수,43,광주 유성구123-45,010-5722-3209,웹서핑
992,신예은,33,고양 서구123-45,010-1935-9440,사진촬영
993,임수빈,71,안산 성동구123-45,010-5234-2685,요리
994,최지안,77,용인 신제주123-45,010-2353-9408,보드게임
995,정태윤,76,인천 동구123-45,010-5329-2718,게임
996,신건우,50,남양주 달서구123-45,010-6912-4297,사진촬영
997,김시우,31,대전 서구123-45,010-4227-4877,일기 쓰기
998,조지후,57,대구 분당구123-45,010-3448-3061,영화감상
999,강서준,77,김해 수성구123-45,010-4117-5988,자전거 타기
1000,김현우,56,김해 북구123-45,010-8776-6884,웹서핑
1001,최예린,39,수원 장유동123-45,010-3940-6155,보드게임
1002,최수빈,35,천안 팔달구123-45,010-1699-9353,유튜브 보기
1003,장지민,54,광주 수성구123-45,010-8334-5699,일기 쓰기
1004,서예린,76,화성 장유동123-45,010-4654-3779,요리
1005,장소율,75,화성 수성구123-45,010-3807-9949,여행
1006,윤지안,55,천안 흥덕구123-45,010-1264-2763,독서
1007,서현우,43,화성 흥덕구123-45,010-2292-9570,여행
1008,장소율,25,안산 강서구123-45,010-5740-5596,등산
1009,이지원,26,전주 성북구123-45,010-8323-1964,독서
1010,이민수,24,고양 송파구123-45,010-2368-6277,수영
1011,한예린,39,세종 신제주123-45,010-7440-8291,요리
1012,장하윤,73,서울 해운대구123-45,010-1289-5919,뜨개질
1013,박지원,50,고양 덕진구123-45,010-9048-4872,등산
1014,정하윤,28,부산 해운대구123-45,010-6372-2077,유튜브 보기
1015,서도윤,43,울산 수성구123-45,010-8520-8284,보드게임
1016,조현우,54,화성 기흥구123-45,010-5461-1838,보드게임
1017,조예린,73,전주 팔달구123-45,010-7678-5616,독서
1018,강시우,57,울산 흥덕구123-45,010-8162-2156,여행
1019,정시우,23,인천 팔달구123-45,010-4342-4710,웹서핑
1020,조수빈,58,용인 달서구123-45,010-7944-2944,일기 쓰기
1021,김건우,44,천안 동구123-45,010-1973-1110,독서
1022,조민수,72,세종 장유동123-45,010-1228-7938,사진촬영
1023,오지안,79,화성 송파구123-45,010-9616-2001,일기 쓰기
1024,장예은,79,성남 유성구123-45,010-6026-1796,웹서핑
1025,오서연,42,화성 분당구123-45,010-6989-9768,드로잉
1026,윤은우,37,광주 진해구123-45,010-4656-3119,자전거 타기
1027,임수빈,47,수원 진해구123-45,010-5584-5557,게임
1028,김현우,65,서울 수성구123-45,010-2059-6691,독서
1029,이지후,49,성남 신제주123-45,010-5454-5975,음악감상
1030,한지후,64,울산 성북구123-45,010-9136-1898,자전거 타기
1031,조지안,66,포항 장유동123-45,010-4853-6281,웹서핑
1032,최건우,46,세종 송파구123-45,010-5299-8197,독서
1033,강현우,79,창원 강서구123-45,010-7088-9387,웹서핑
1034,강예린,29,광주 흥덕구123-45,010-4651-7909,뜨개질
1035,강예린,49,전주 일산동구123-45,010-7094-1814,보드게임
1036,임시우,69,화성 장유동123-45,010-6995-6850,수영
1037,조민수,77,김해 수성구123-45,010-1516-1396,자전거 타기
1038,이예린,31,화성 송파구123-45,010-6784-6358,자전거 타기
1039,장시우,72,평택 북구123-45,010-1581-5532,영화감상
1040,강예은,73,천안 덕양구123-45,010-2065-3457,독서
1041,임건우,39,안산 덕양구123-45,010-4656-6129,보드게임
1042,장하은,55,천안 강서구123-45,010-8489-7886,드로잉
1043,신은우,27,대전 유성구123-45,010-6417-4083,영화감상
1044,최도윤,27,대전 강서구123-45,010-2726-3028,웹서핑
1045,김유진,77,수원 달서구123-45,010-9797-9452,드로잉
1046,오은우,29,수원 장유동123-45,010-2013-5404,뜨개질
1047,최하윤,66,울산 팔달구123-45,010-5538-9547,요리
1048,강민수,31,천안 강남구123-45,010-5027-1841,보드게임
1049,정서준,23,서울 유성구123-45,010-6292-9731,음악감상
1050,서서준,53,세종 분당구123-45,010-8436-5026,드로잉
1051,한소율,76,화성 성북구123-45,010-2712-9812,보드게임
1052,오시우,24,천안 분당구123-45,010-6846-2913,영화감상
1053,김현우,44,김해 신제주123-45,010-9091-8839,웹서핑
1054,임하윤,42,성남 수성구123-45,010-4974-3438,보드게임
1055,최현우,71,광주 중구123-45,010-6075-5965,영화감상
1056,서지민,36,울산 일산동구123-45,010-1433-6996,게임
1057,서예은,73,남양주 진해구123-45,010-2212-3847,뜨개질
1058,한현우,54,대구 분당구123-45,010-4139-2226,뜨개질
1059,최예은,21,수원 해운대구123-45,010-5059-8367,수영
1060,오유진,45,세종 동구123-45,010-8331-9345,게임
1061,오태윤,54,청주 수성구123-45,010-4269-1101,드로잉
1062,윤서준,43,울산 팔달구123-45,010-5507-9012,독서
1063,정도윤,39,평택 동구123-45,010-2464-1346,보드게임
1064,박수빈,44,창원 팔달구123-45,010-6451-6186,뜨개질
1065,최은우,27,광주 일산동구123-45,010-5480-7215,보드게임
1066,박태윤,54,포항 장유동123-45,010-6559-4692,사진촬영
1067,윤시우,77,용인 수성구123-45,010-3618-8734,등산
1068,최시우,45,평택 수성구123-45,010-1003-8781,수영
1069,이민수,52,세종 진해구123-45,010-4356-3471,운동
1070,이지민,23,안산 덕진구123-45,010-4069-7828,드로잉
1071,서지안,54,평택 서구123-45,010-8522-7099,수영
1072,박민수,36,청주 신제주123-45,010-4098-8827,자전거 타기
1073,오하은,64,안양 송파구123-45,010-6313-6723,일기 쓰기
1074,김지안,26,안양 분당구123-45,010-3110-3787,여행
1075,윤수빈,75,제주 흥덕구123-45,010-1702-6744,게임
1076,한예은,61,전주 해운대구123-45,010-3376-4060,게임
1077,오도윤,37,청주 성북구123-45,010-7759-8491,음악감상
1078,서현우,30,성남 성북구123-45,010-3427-2672,독서
1079,정서준,25,용인 서북구123-45,010-5519-9246,자전거 타기
1080,조수빈,71,수원 북구123-45,010-3077-2184,카페 투어
1081,신서준,21,울산 기흥구123-45,010-8774-3105,운동
1082,조현우,25,인천 일산동구123-45,010-7290-9788,유튜브 보기
1083,한건우,54,천안 진해구123-45,010-7470-2381,드로잉
1084,임하은,55,안산 성동구123-45,010-9273-8638,뜨개질
1085,김은우,21,대구 서북구123-45,010-8734-3860,보드게임
1086,윤지민,33,김해 장유동123-45,010-6573-3711,운동
1087,신하은,78,남양주 신제주123-45,010-6578-1197,음악감상
1088,장수빈,41,울산 성동구123-45,010-8636-2135,독서
1089,한수빈,60,서울 덕진구123-45,010-8847-7019,웹서핑
1090,김건우,75,안양 팔달구123-45,010-3978-2521,카페 투어
1091,서하윤,59,청주 북구123-45,010-9466-6246,운동
1092,장예린,49,대구 진해구123-45,010-7670-7355,요리
1093,박서연,64,김해 달서구123-45,010-8921-5887,요리
1094,강수빈,26,평택 중구123-45,010-4043-4033,드로잉
1095,이지후,72,부산 수성구123-45,010-5896-7511,운동
1096,임건우,51,화성 강서구123-45,010-8943-1714,웹서핑
1097,신현우,35,광주 동구123-45,010-1596-6968,뜨개질
1098,윤현우,68,대전 기흥구123-45,010-6671-1264,등산
1099,오건우,32,광주 강서구123-45,010-9387-6786,게임
1100,신지후,30,평택 서구123-45,010-7159-4668,영화감상
1101,신도윤,58,성남 동구123-45,010-8344-2269,등산
1102,조현우,47,청주 기흥구123-45,010-5293-2271,웹서핑
1103,장도윤,72,울산 서북구123-45,010-4362-6829,웹서핑
1104,이유진,52,울산 흥덕구123-45,010-8551-1337,웹서핑
1105,강서준,49,부산 덕양구123-45,010-7470-2072,카페 투어
1106,최민수,72,창원 남구123-45,010-3479-3844,드로잉
1107,정유진,20,전주 유성구123-45,010-4775-8137,음악감상
1108,정유진,71,안산 분당구123-45,010-5717-6648,자전거 타기
1109,정예린,72,청주 진해구123-45,010-8644-6087,수영
1110,최유진,23,수원 진해구123-45,010-6628-3743,자전거 타기
1111,조시우,47,광주 동구123-45,010-7713-5709,웹서핑
1112,장수빈,28,서울 덕양구123-45,010-2090-3730,음악감상
1113,최소율,75,창원 성북구123-45,010-2835-7835,카페 투어
1114,최도윤,48,광주 덕양구123-45,010-1436-5770,요리
1115,조은우,75,창원 서구123-45,010-9560-4515,자전거 타기
1116,한예은,30,천안 일산동구123-45,010-2935-8751,독서
1117,오서연,41,세종 남구123-45,010-9844-5036,보드게임
1118,한은우,59,안양 강서구123-45,010-2735-3155,운동
1119,최민수,74,인천 성동구123-45,010-5300-9793,게임
1120,장현우,43,안산 흥덕구123-45,010-3114-6079,자전거 타기
1121,장하윤,27,창원 성동구123-45,010-5606-2146,독서
1122,최유진,63,김해 서구123-45,010-3421-7404,요리
1123,신서준,73,광주 송파구123-45,010-6517-9752,유튜브 보기
1124,장태윤,49,부산 중구123-45,010-2557-1586,독서
1125,신서연,33,인천 서구123-45,010-1352-3893,게임
1126,조소율,73,대구 성북구123-45,010-1455-6523,드로잉
1127,이지민,60,청주 달서구123-45,010-8627-1872,유튜브 보기
1128,장은우,37,포항 서구123-45,010-3023-7879,요리
1129,한수빈,51,수원 기흥구123-45,010-1148-9508,수영
1130,신소율,69,수원 북구123-45,010-8163-1720,자전거 타기
1131,김건우,51,평택 팔달구123-45,010-3111-5833,게임
1132,이지후,39,화성 덕진구123-45,010-1639-1839,운동
1133,오은우,69,서울 송파구123-45,010-7657-7656,일기 쓰기
1134,임은우,51,성남 일산동구123-45,010-3938-2781,수영
1135,김유진,74,화성 덕진구123-45,010-7047-2355,유튜브 보기
1136,조예은,75,천안 강남구123-45,010-6367-9546,여행
1137,한예은,26,인천 흥덕구123-45,010-4143-2041,여행
1138,윤지안,31,창원 성북구123-45,010-6308-9616,영화감상
1139,김지안,64,수원 진해구123-45,010-9116-3357,뜨개질
1140,신현우,21,안양 흥덕구123-45,010-6462-3352,웹서핑
1141,조지안,72,포항 성동구123-45,010-5933-3103,등산
1142,한지원,40,성남 강남구123-45,010-5794-9483,보드게임
1143,오건우,30,고양 성북구123-45,010-6295-3032,운동
1144,정예린,20,용인 유성구123-45,010-7780-1577,여행
1145,한수빈,29,화성 일산동구123-45,010-3189-1018,드로잉
1146,한예은,72,고양 강서구123-45,010-5586-6068,요리
1147,임현우,52,창원 남구123-45,010-2462-2308,음악감상
1148,강하은,33,용인 서구123-45,010-8313-1580,여행
1149,임민수,62,제주 남구123-45,010-2670-1697,운동
1150,박예린,77,청주 강서구123-45,010-4942-6564,수영
1151,조하윤,66,대전 북구123-45,010-1491-3081,게임
1152,한민수,64,인천 신제주123-45,010-8581-2387,뜨개질
1153,윤도윤,34,인천 강서구123-45,010-3968-5557,드로잉
1154,최태윤,20,인천 유성구123-45,010-2412-3666,자전거 타기
1155,윤건우,64,김해 성북구123-45,010-7692-1751,뜨개질
1156,조민수,45,광주 남구123-45,010-7704-2596,여행
1157,서건우,47,수원 해운대구123-45,010-5276-4983,일기 쓰기
1158,김현우,29,세종 강남구123-45,010-6686-2576,여행
1159,강하은,73,안산 강남구123-45,010-4139-9757,자전거 타기
1160,한민수,72,광주 진해구123-45,010-3403-5008,웹서핑
1161,윤지원,31,서울 서북구123-45,010-9848-4164,사진촬영
1162,장예린,23,화성 성북구123-45,010-4515-3692,여행
1163,강하은,22,용인 덕양구123-45,010-8503-4205,운동
1164,서지후,72,울산 성북구123-45,010-7460-4391,드로잉
1165,조수빈,23,인천 강남구123-45,010-1541-3191,자전거 타기
1166,조소율,51,안산 달서구123-45,010-8251-7687,웹서핑
1167,김건우,23,고양 일산동구123-45,010-1056-4237,뜨개질
1168,조민수,54,포항 흥덕구123-45,010-9028-1552,드로잉
1169,장지후,47,수원 유성구123-45,010-5275-4959,자전거 타기
1170,정소율,30,안산 팔달구123-45,010-2541-3969,등산
1171,임하은,44,울산 흥덕구123-45,010-5670-5502,웹서핑
1172,서지후,38,부산 덕양구123-45,010-2323-7268,독서
1173,한시우,59,포항 남구123-45,010-8571-1099,뜨개질
1174,최서준,22,창원 성동구123-45,010-9171-3450,수영
1175,한지안,57,김해 해운대구123-45,010-6280-2079,게임
1176,조예은,72,용인 성북구123-45,010-4626-8820,카페 투어
1177,오하은,63,서울 성동구123-45,010-6547-7980,일기 쓰기
1178,임수빈,51,김해 성동구123-45,010-4220-5778,운동
1179,정도윤,53,용인 분당구123-45,010-9888-3090,등산
1180,김예린,20,남양주 달서구123-45,010-4119-3454,보드게임
1181,윤지후,46,안양 강남구123-45,010-5157-6938,뜨개질
1182,박태윤,35,제주 서북구123-45,010-4136-2568,뜨개질
1183,최지안,62,안산 신제주123-45,010-6629-3157,운동
1184,조건우,45,창원 일산동구123-45,010-3748-6690,일기 쓰기
1185,윤수빈,53,성남 성북구123-45,010-6415-6581,뜨개질
1186,최수빈,44,부산 신제주123-45,010-9199-6941,요리
1187,한하윤,54,고양 진해구123-45,010-9704-1105,뜨개질
1188,장민수,53,용인 유성구123-45,010-1824-8018,음악감상
1189,오민수,44,평택 해운대구123-45,010-1939-4252,운동
1190,조하윤,20,포항 분당구123-45,010-6754-2057,게임
1191,이서연,74,대전 서구123-45,010-1375-5030,독서
1192,오도윤,50,울산 유성구123-45,010-1026-6196,드로잉
1193,이유진,51,청주 진해구123-45,010-8944-4033,일기 쓰기
1194,김건우,73,부산 성북구123-45,010-3975-8740,보드게임
1195,강하은,22,서울 덕양구123-45,010-4275-5996,카페 투어
1196,한예린,49,부산 북구123-45,010-6564-4186,영화감상
1197,이수빈,58,김해 일산동구123-45,010-7942-7738,사진촬영
1198,최현우,72,서울 서북구123-45,010-3407-8854,드로잉
1199,조지민,49,김해 일산동구123-45,010-6868-1107,등산
1200,윤지민,22,남양주 일산동구123-45,010-1013-5218,보드게임
1201,신서연,32,김해 서북구123-45,010-7580-2688,수영
1202,한서준,32,인천 성동구123-45,010-9426-8998,사진촬영
1203,강태윤,21,고양 해운대구123-45,010-2683-7130,드로잉
1204,신유진,20,평택 강남구123-45,010-4781-1261,여행
1205,오현우,43,성남 수성구123-45,010-6804-6707,게임
1206,조지후,59,성남 장유동123-45,010-7705-1278,운동
1207,임유진,68,화성 강남구123-45,010-1846-4410,사진촬영
1208,장은우,65,화성 덕양구123-45,010-4108-5786,유튜브 보기
1209,신지안,29,화성 덕양구123-45,010-3157-2586,등산
1210,윤소율,71,전주 성동구123-45,010-3050-8996,게임
1211,한유진,35,대구 성북구123-45,010-7319-7723,자전거 타기
1212,최하윤,67,용인 서구123-45,010-5066-6235,음악감상
1213,이도윤,55,청주 중구123-45,010-1783-3623,유튜브 보기
1214,김하은,25,전주 장유동123-45,010-8567-1729,뜨개질
1215,이현우,26,남양주 해운대구123-45,010-2660-5117,독서
1216,이은우,79,수원 서북구123-45,010-9095-2550,등산
1217,이현우,24,대전 진해구123-45,010-3890-6080,운동
1218,박지원,69,성남 북구123-45,010-5726-6556,운동
1219,장지후,52,대전 분당구123-45,010-9263-9376,보드게임
1220,김유진,45,화성 송파구123-45,010-2163-7180,뜨개질
1221,김하은,50,제주 진해구123-45,010-6054-9030,여행
1222,윤하은,71,안산 강서구123-45,010-4833-3295,여행
1223,정시우,79,안양 팔달구123-45,010-2814-4019,일기 쓰기
1224,박서준,48,용인 동구123-45,010-4142-6541,운동
1225,정태윤,59,청주 동구123-45,010-1612-4209,사진촬영
1226,오소율,38,서울 진해구123-45,010-6487-2960,수영
1227,오서준,73,고양 강서구123-45,010-1907-3072,웹서핑
1228,김지민,22,부산 신제주123-45,010-4664-8553,보드게임
1229,김지안,76,청주 팔달구123-45,010-2338-1625,뜨개질
1230,이예린,60,부산 중구123-45,010-6656-4608,보드게임
1231,조서연,47,남양주 덕진구123-45,010-6429-3525,독서
1232,윤도윤,29,수원 덕양구123-45,010-9266-9871,유튜브 보기
1233,조민수,33,화성 일산동구123-45,010-4537-2557,수영
1234,최유진,55,포항 분당구123-45,010-8907-1799,음악감상
1235,장태윤,77,세종 흥덕구123-45,010-9100-5875,뜨개질
1236,조현우,42,제주 강서구123-45,010-1546-7425,운동
1237,최지원,38,평택 남구123-45,010-9578-3487,수영
1238,박현우,32,수원 송파구123-45,010-3874-4525,웹서핑
1239,정은우,26,제주 강남구123-45,010-4472-1890,수영
1240,최도윤,37,화성 수성구123-45,010-9401-2341,사진촬영
1241,정하윤,55,서울 신제주123-45,010-1963-1165,수영
1242,서지안,79,제주 수성구123-45,010-7788-5050,보드게임
1243,이민수,64,화성 서구123-45,010-9465-2305,보드게임
1244,윤지후,70,대전 팔달구123-45,010-4632-5020,등산
1245,최하은,59,김해 덕양구123-45,010-4030-2312,자전거 타기
1246,강하윤,47,고양 성동구123-45,010-5945-1677,음악감상
1247,오지안,33,성남 수성구123-45,010-1063-9825,독서
1248,신예린,52,천안 성북구123-45,010-3333-5598,보드게임
1249,김태윤,39,안양 송파구123-45,010-4641-8151,요리
1250,정수빈,50,수원 달서구123-45,010-9241-6607,보드게임
1251,임지원,22,울산 덕진구123-45,010-3082-9427,일기 쓰기
1252,이은우,73,광주 동구123-45,010-8666-4178,드로잉
1253,정지안,71,부산 강서구123-45,010-8566-5412,영화감상
1254,강지원,70,용인 동구123-45,010-3405-1384,사진촬영
1255,조서준,27,제주 장유동123-45,010-1938-7589,독서
1256,최태윤,75,천안 송파구123-45,010-3694-1138,요리
1257,조현우,71,고양 해운대구123-45,010-1868-3021,영화감상
1258,신은우,56,평택 해운대구123-45,010-8763-8448,자전거 타기
1259,조소율,64,포항 흥덕구123-45,010-3879-5991,웹서핑
1260,오유진,23,대전 신제주123-45,010-4241-3588,사진촬영
1261,정지원,35,대구 신제주123-45,010-5210-3716,게임
1262,오수빈,24,전주 일산동구123-45,010-5708-4815,유튜브 보기
1263,오유진,33,남양주 신제주123-45,010-2218-6587,보드게임
1264,정민수,56,전주 덕진구123-45,010-6034-1609,게임
1265,최소율,22,세종 분당구123-45,010-1858-8663,카페 투어
1266,윤서준,46,울산 덕양구123-45,010-9232-1932,독서
1267,이예린,57,고양 유성구123-45,010-9401-5831,수영
1268,박서연,60,세종 분당구123-45,010-7331-6089,사진촬영
1269,김서준,70,천안 중구123-45,010-7139-1302,독서
1270,오예은,33,인천 팔달구123-45,010-9160-8289,뜨개질
1271,신건우,69,광주 신제주123-45,010-7637-4381,등산
1272,박태윤,41,부산 성북구123-45,010-7523-5812,유튜브 보기
1273,최현우,37,울산 덕양구123-45,010-2213-4579,여행
1274,정태윤,30,안산 동구123-45,010-2914-9572,여행
1275,조예은,45,대전 강서구123-45,010-9807-3163,사진촬영
1276,이하은,37,용인 팔달구123-45,010-8530-7137,뜨개질
1277,최소율,60,김해 덕진구123-45,010-2840-9636,보드게임
1278,강소율,57,서울 분당구123-45,010-5216-3973,사진촬영
1279,이하은,33,안양 기흥구123-45,010-4317-6609,독서
1280,임서준,34,대전 서북구123-45,010-1176-2626,요리
1281,김지후,38,제주 서구123-45,010-8612-7891,요리
1282,신현우,78,성남 신제주123-45,010-4920-2190,뜨개질
1283,박수빈,33,평택 팔달구123-45,010-8409-5353,게임
1284,장서연,48,포항 송파구123-45,010-5813-6341,게임
1285,임소율,73,화성 흥덕구123-45,010-2953-6494,웹서핑
1286,신도윤,33,포항 덕진구123-45,010-4948-9422,요리
1287,한하윤,72,울산 덕진구123-45,010-4458-5066,사진촬영
1288,박예은,33,평택 남구123-45,010-2162-6315,독서
1289,최예은,51,고양 유성구123-45,010-3887-7102,수영
1290,김지원,30,고양 북구123-45,010-4283-8068,영화감상
1291,서예은,71,서울 일산동구123-45,010-1135-6619,보드게임
1292,최서준,52,천안 남구123-45,010-7773-5619,독서
1293,장건우,61,남양주 강서구123-45,010-4271-3338,수영
1294,이하은,56,포항 진해구123-45,010-6277-7801,유튜브 보기
1295,윤서연,22,부산 강남구123-45,010-5714-2157,게임
1296,장서준,36,고양 유성구123-45,010-6031-8295,독서
1297,김지후,67,청주 분당구123-45,010-2023-7100,자전거 타기
1298,김서준,20,평택 흥덕구123-45,010-1345-3797,수영
1299,이시우,21,포항 기흥구123-45,010-9298-8560,카페 투어
1300,신예은,22,광주 성동구123-45,010-3385-1349,게임
1301,신건우,77,남양주 덕양구123-45,010-8432-4250,사진촬영
1302,한건우,54,부산 달서구123-45,010-2273-4432,일기 쓰기
1303,김민수,32,남양주 일산동구123-45,010-4823-7676,웹서핑
1304,정현우,42,서울 서북구123-45,010-1649-8062,독서
1305,이하윤,51,서울 중구123-45,010-7083-2157,독서
1306,오지후,62,청주 분당구123-45,010-3140-6122,영화감상
1307,오서준,54,수원 성북구123-45,010-5057-5392,자전거 타기
1308,한시우,43,천안 팔달구123-45,010-1240-4450,영화감상
1309,정도윤,20,전주 송파구123-45,010-9694-9157,뜨개질
1310,박시우,72,용인 팔달구123-45,010-5626-9482,유튜브 보기
1311,오현우,49,대구 분당구123-45,010-3368-2798,사진촬영
1312,윤소율,47,고양 진해구123-45,010-5103-9265,수영
1313,김현우,37,전주 성북구123-45,010-3515-3626,등산
1314,오은우,43,제주 성동구123-45,010-6779-6401,자전거 타기
1315,정예은,47,성남 서북구123-45,010-3956-4484,웹서핑
1316,최하은,32,울산 동구123-45,010-8317-5531,운동
1317,박서준,62,서울 덕진구123-45,010-9697-7372,독서
1318,한태윤,36,제주 덕진구123-45,010-6176-4503,드로잉
1319,이태윤,41,고양 성동구123-45,010-3853-3779,자전거 타기
1320,강하윤,59,청주 중구123-45,010-2025-1703,유튜브 보기
1321,장민수,67,천안 중구123-45,010-6919-9010,드로잉
1322,박하윤,35,광주 유성구123-45,010-7759-3380,등산
1323,정건우,51,천안 남구123-45,010-1924-3282,웹서핑
1324,조서준,72,고양 수성구123-45,010-6205-3278,등산
1325,박예린,44,안양 신제주123-45,010-5231-1357,일기 쓰기
1326,오지후,36,천안 동구123-45,010-5073-8664,영화감상
1327,조소율,32,창원 중구123-45,010-4631-6563,카페 투어
1328,장태윤,59,포항 강남구123-45,010-9200-4489,수영
1329,서시우,64,대전 덕진구123-45,010-1744-1965,보드게임
1330,강소율,63,성남 북구123-45,010-5726-3186,유튜브 보기
1331,김예린,46,성남 서구123-45,010-2271-5924,보드게임
1332,윤서준,72,천안 송파구123-45,010-7650-6301,수영
1333,한수빈,25,수원 기흥구123-45,010-1170-1658,카페 투어
1334,이소율,67,용인 성동구123-45,010-6927-9283,자전거 타기
1335,최소율,43,김해 기흥구123-45,010-8205-6175,일기 쓰기
1336,최하은,54,광주 서구123-45,010-5795-1653,요리
1337,김지원,45,화성 일산동구123-45,010-6821-1228,수영
1338,신서준,62,고양 흥덕구123-45,010-5178-7795,게임
1339,박건우,40,포항 장유동123-45,010-4159-4090,게임
1340,강민수,54,안산 분당구123-45,010-6475-4288,게임
1341,강민수,69,전주 서구123-45,010-3305-1738,등산
1342,강예린,54,인천 북구123-45,010-3889-7530,자전거 타기
1343,오지안,29,안양 동구123-45,010-9695-8254,게임
1344,서하윤,48,성남 강서구123-45,010-2826-2613,사진촬영
1345,조서연,60,김해 수성구123-45,010-6598-8453,여행
1346,강하은,64,김해 흥덕구123-45,010-8994-8568,뜨개질
1347,이민수,65,울산 강서구123-45,010-7667-1914,드로잉
1348,조지민,56,고양 서구123-45,010-3888-9077,뜨개질
1349,오서준,64,울산 달서구123-45,010-7508-3141,여행
1350,최지후,35,광주 성동구123-45,010-3799-2957,게임
1351,한은우,70,제주 서북구123-45,010-3301-1360,웹서핑
1352,임건우,34,김해 성동구123-45,010-3229-1096,뜨개질
1353,최예린,23,남양주 성동구123-45,010-7675-9610,여행
1354,조수빈,21,성남 덕진구123-45,010-3671-4248,운동
1355,정지원,70,세종 덕양구123-45,010-6188-2614,유튜브 보기
1356,이유진,41,김해 북구123-45,010-7785-7126,수영
1357,강수빈,74,울산 유성구123-45,010-1571-5100,독서
1358,오수빈,48,울산 흥덕구123-45,010-1346-2498,뜨개질
1359,이건우,70,청주 장유동123-45,010-4680-5901,게임
1360,정지안,75,고양 성동구123-45,010-5789-9054,웹서핑
1361,박서연,21,성남 장유동123-45,010-3501-6354,카페 투어
1362,박소율,53,남양주 수성구123-45,010-6855-9963,여행
1363,임지민,34,서울 수성구123-45,010-3032-2021,독서
1364,서현우,38,평택 남구123-45,010-7839-1274,운동
1365,최현우,48,창원 강남구123-45,010-2599-3390,뜨개질
1366,정태윤,28,고양 강남구123-45,010-1832-8939,수영
1367,강은우,57,성남 일산동구123-45,010-4798-4670,등산
1368,서하은,35,용인 유성구123-45,010-5137-2216,독서
1369,윤도윤,43,창원 수성구123-45,010-7139-8422,요리
1370,강하윤,61,부산 성북구123-45,010-8276-9689,수영
1371,서지후,77,안산 북구123-45,010-3129-9119,웹서핑
1372,서서준,77,청주 달서구123-45,010-6177-4977,사진촬영
1373,서수빈,49,용인 강서구123-45,010-4151-3707,영화감상
1374,박건우,72,전주 서북구123-45,010-5715-7983,웹서핑
1375,강지안,40,성남 성동구123-45,010-2009-9074,카페 투어
1376,김도윤,54,전주 일산동구123-45,010-5825-2229,수영
1377,최예은,55,창원 서구123-45,010-5573-8469,일기 쓰기
1378,서지후,60,포항 흥덕구123-45,010-1814-9555,드로잉
1379,이소율,59,포항 해운대구123-45,010-4022-7509,요리
1380,강예린,60,창원 덕양구123-45,010-9775-3075,보드게임
1381,정수빈,77,포항 일산동구123-45,010-7867-6899,카페 투어
1382,한예은,38,광주 기흥구123-45,010-9299-5646,음악감상
1383,이소율,46,평택 서구123-45,010-7817-5137,게임
1384,정지민,48,대구 흥덕구123-45,010-5021-7893,독서
1385,임하은,39,김해 신제주123-45,010-2867-7231,사진촬영
1386,박예은,54,천안 달서구123-45,010-3499-5768,사진촬영
1387,임현우,33,청주 덕양구123-45,010-1640-9406,영화감상
1388,한유진,26,천안 남구123-45,010-3458-9025,음악감상
1389,박민수,33,남양주 장유동123-45,010-2236-3895,사진촬영
1390,오하은,40,안산 해운대구123-45,010-4038-2401,수영
1391,이수빈,40,안양 북구123-45,010-8340-1035,자전거 타기
1392,윤예은,30,서울 남구123-45,010-4741-2320,영화감상
1393,최하은,22,인천 덕진구123-45,010-7238-9596,수영
1394,윤예린,76,천안 장유동123-45,010-4677-1224,여행
1395,오서준,62,평택 동구123-45,010-8294-4178,요리
1396,임지원,56,용인 신제주123-45,010-3200-1898,웹서핑
1397,정예린,36,용인 진해구123-45,010-9433-2006,독서
1398,임지안,66,안산 신제주123-45,010-4238-4262,드로잉
1399,신서연,32,세종 분당구123-45,010-3548-9793,보드게임
1400,이서준,59,세종 수성구123-45,010-7922-2310,드로잉
1401,조도윤,53,화성 수성구123-45,010-4749-4068,일기 쓰기
1402,장서연,61,화성 진해구123-45,010-6610-3667,웹서핑
1403,윤현우,62,성남 달서구123-45,010-5143-4041,자전거 타기
1404,서건우,60,성남 남구123-45,010-5363-4150,요리
1405,강시우,30,안산 동구123-45,010-5714-6928,여행
1406,장건우,74,천안 진해구123-45,010-4586-9167,드로잉
1407,강민수,56,용인 성북구123-45,010-6560-3586,카페 투어
1408,정지원,63,포항 서북구123-45,010-1811-5744,사진촬영
1409,신유진,38,용인 성북구123-45,010-9384-7768,영화감상
1410,임현우,25,서울 팔달구123-45,010-8949-7690,게임
1411,서지원,30,안산 달서구123-45,010-4502-4827,수영
1412,이태윤,68,안산 서북구123-45,010-2154-6389,자전거 타기
1413,윤예린,75,천안 성동구123-45,010-1719-4741,웹서핑
1414,윤예린,78,서울 성동구123-45,010-1386-7667,게임
1415,서민수,63,고양 장유동123-45,010-5112-4438,웹서핑
1416,임서연,51,창원 강서구123-45,010-7345-8885,여행
1417,김유진,79,부산 덕진구123-45,010-7207-5967,여행
1418,정지안,48,청주 분당구123-45,010-1419-3036,등산
1419,조하윤,76,대전 서구123-45,010-5528-3289,독서
1420,장지민,51,대전 수성구123-45,010-7934-7304,뜨개질
1421,윤현우,63,세종 북구123-45,010-6472-4374,영화감상
1422,임시우,36,광주 분당구123-45,010-6631-6699,게임
1423,이도윤,69,서울 흥덕구123-45,010-6557-2525,사진촬영
1424,신지원,77,성남 신제주123-45,010-5306-3150,드로잉
1425,오소율,23,수원 성북구123-45,010-6435-3553,보드게임
1426,최시우,27,부산 서구123-45,010-1670-4833,사진촬영
1427,한하은,70,부산 해운대구123-45,010-2535-4258,유튜브 보기
1428,정예은,29,수원 덕양구123-45,010-2678-9734,수영
1429,장현우,71,인천 덕양구123-45,010-3614-4137,게임
1430,강시우,67,부산 달서구123-45,010-8319-5814,유튜브 보기
1431,장하윤,51,수원 팔달구123-45,010-1166-1872,뜨개질
1432,장유진,75,전주 송파구123-45,010-5096-2801,사진촬영
1433,정지원,39,서울 팔달구123-45,010-2130-4495,요리
1434,최지원,76,제주 덕진구123-45,010-5196-6057,독서
1435,최건우,71,대전 해운대구123-45,010-9450-7718,독서
1436,임서준,35,광주 송파구123-45,010-7210-9135,드로잉
1437,서지안,26,수원 강남구123-45,010-7936-6497,드로잉
1438,김민수,32,창원 흥덕구123-45,010-9444-6180,카페 투어
1439,장지안,76,김해 기흥구123-45,010-8523-4886,영화감상
1440,강지후,49,안산 수성구123-45,010-5498-5720,게임
1441,김하윤,25,대구 덕양구123-45,010-8279-1447,여행
1442,신은우,49,화성 덕진구123-45,010-9112-7069,뜨개질
1443,장현우,60,인천 분당구123-45,010-5817-9502,음악감상
1444,최하윤,36,평택 수성구123-45,010-7274-2580,뜨개질
1445,이시우,56,화성 강남구123-45,010-9542-3995,웹서핑
1446,서소율,33,창원 서북구123-45,010-9542-7349,요리
1447,조건우,52,광주 중구123-45,010-4132-9127,드로잉
1448,강은우,57,고양 유성구123-45,010-3680-1706,여행
1449,임도윤,31,남양주 중구123-45,010-1943-6683,사진촬영
1450,윤수빈,70,전주 강남구123-45,010-2447-3380,드로잉
1451,김지민,28,평택 신제주123-45,010-5564-9593,사진촬영
1452,장소율,64,김해 중구123-45,010-2462-6059,요리
1453,이지원,62,울산 북구123-45,010-1993-8096,보드게임
1454,오유진,45,부산 중구123-45,010-9067-7257,등산
1455,신지민,63,포항 분당구123-45,010-7577-2235,독서
1456,신현우,37,김해 수성구123-45,010-7427-6639,드로잉
1457,최유진,32,고양 해운대구123-45,010-3571-4554,보드게임
1458,한은우,33,서울 중구123-45,010-3547-7582,여행
1459,정민수,31,용인 분당구123-45,010-6236-6359,자전거 타기
1460,강소율,27,부산 신제주123-45,010-8751-1878,사진촬영
1461,임지원,35,울산 동구123-45,010-2391-2345,자전거 타기
1462,신서연,64,안양 달서구123-45,010-1093-5457,드로잉
1463,이서준,62,대전 장유동123-45,010-9131-3003,운동
1464,정시우,40,고양 서북구123-45,010-4906-2016,등산
1465,최시우,61,울산 송파구123-45,010-1764-1565,게임
1466,최예은,72,안산 수성구123-45,010-7210-6187,드로잉
1467,임소율,61,천안 덕진구123-45,010-3760-9480,뜨개질
1468,최서연,62,성남 성동구123-45,010-1964-9260,여행
1469,장소율,55,서울 덕양구123-45,010-4298-3973,독서
1470,정유진,66,포항 기흥구123-45,010-1539-3116,운동
1471,한하윤,72,안산 신제주123-45,010-7145-4838,카페 투어
1472,조시우,78,인천 송파구123-45,010-1365-8788,게임
1473,강예린,32,대전 유성구123-45,010-2201-2603,여행
1474,박현우,22,수원 팔달구123-45,010-4783-2788,일기 쓰기
1475,임예은,38,포항 서북구123-45,010-4680-5093,자전거 타기
1476,장유진,32,천안 일산동구123-45,010-3845-7278,운동
1477,장시우,54,광주 송파구123-45,010-6818-8757,여행
1478,임지민,40,청주 동구123-45,010-3477-8786,뜨개질
1479,김예은,53,대구 중구123-45,010-7356-8532,여행
1480,박지안,23,포항 서북구123-45,010-5508-2683,자전거 타기
1481,신소율,47,천안 성북구123-45,010-8251-1940,음악감상
1482,최지후,67,남양주 강서구123-45,010-9759-1896,유튜브 보기
1483,박유진,23,안양 성동구123-45,010-1692-5412,여행
1484,오지민,21,부산 중구123-45,010-1754-6154,여행
1485,윤예은,36,서울 서구123-45,010-6741-1159,유튜브 보기
1486,정지안,21,대구 장유동123-45,010-1596-2404,게임
1487,신지원,21,인천 서구123-45,010-8114-4261,웹서핑
1488,오은우,44,인천 기흥구123-45,010-4584-5349,영화감상
1489,강예은,73,울산 기흥구123-45,010-4360-7696,여행
1490,한예은,60,안양 송파구123-45,010-9556-3871,독서
1491,조도윤,71,고양 북구123-45,010-1341-3039,영화감상
1492,임지안,57,화성 팔달구123-45,010-9132-6194,요리
1493,박유진,26,전주 서북구123-45,010-2477-3261,운동
1494,장서준,57,평택 강서구123-45,010-3734-1521,카페 투어
1495,서예은,72,대전 흥덕구123-45,010-2925-8282,자전거 타기
1496,윤시우,36,부산 일산동구123-45,010-1528-6587,독서
1497,신예린,31,수원 남구123-45,010-6826-2607,독서
1498,한지민,56,청주 수성구123-45,010-6132-4921,독서
1499,강민수,38,창원 덕진구123-45,010-2786-1190,보드게임
1500,오수빈,45,청주 성동구123-45,010-4338-5390,카페 투어
1501,최은우,71,천안 동구123-45,010-9513-9222,요리
1502,한지민,20,평택 달서구123-45,010-7813-4073,등산
1503,박민수,35,고양 강서구123-45,010-8140-1770,등산
1504,조서준,47,서울 서북구123-45,010-4124-7507,사진촬영
1505,정소율,75,광주 서구123-45,010-8400-6330,일기 쓰기
1506,김도윤,71,대전 강남구123-45,010-4906-4711,유튜브 보기
1507,정서연,48,서울 분당구123-45,010-3571-1463,여행
1508,이수빈,20,안양 분당구123-45,010-3348-4044,영화감상
1509,최지원,59,대전 강서구123-45,010-8257-1890,웹서핑
1510,한지안,55,안양 북구123-45,010-6905-3844,사진촬영
1511,윤유진,57,대전 팔달구123-45,010-2495-3517,운동
1512,조지원,78,창원 송파구123-45,010-3772-1143,수영
1513,장태윤,59,부산 해운대구123-45,010-4147-1600,요리
1514,한태윤,65,창원 중구123-45,010-4603-8448,카페 투어
1515,조예은,26,부산 유성구123-45,010-2160-3844,요리
1516,최유진,66,남양주 덕진구123-45,010-5755-9150,음악감상
1517,임서준,71,제주 중구123-45,010-1965-8194,유튜브 보기
1518,박은우,41,창원 송파구123-45,010-4696-2002,카페 투어
1519,신수빈,35,안산 서구123-45,010-4879-6931,사진촬영
1520,조지원,63,김해 강서구123-45,010-8257-5911,사진촬영
1521,김태윤,26,포항 유성구123-45,010-5513-8073,카페 투어
1522,이은우,55,안양 성북구123-45,010-4873-7492,여행
1523,임건우,79,용인 유성구123-45,010-2562-9932,보드게임
1524,장지후,23,세종 서북구123-45,010-9533-3011,카페 투어
1525,윤건우,38,부산 일산동구123-45,010-3814-8445,뜨개질
1526,이지원,78,청주 강남구123-45,010-6492-9636,영화감상
1527,정서연,47,대구 성북구123-45,010-9491-7037,뜨개질
1528,강시우,72,청주 덕진구123-45,010-8977-3305,유튜브 보기
1529,박시우,69,전주 동구123-45,010-4332-8486,영화감상
1530,임민수,43,고양 서구123-45,010-1210-6355,등산
1531,한예린,27,세종 남구123-45,010-3240-4943,뜨개질
1532,박도윤,60,평택 서북구123-45,010-2044-4851,드로잉
1533,조하윤,24,천안 중구123-45,010-2291-5107,게임
1534,박은우,22,평택 강남구123-45,010-3748-4145,수영
1535,한하윤,67,대구 서구123-45,010-8219-8778,독서
1536,임하은,33,서울 강남구123-45,010-1486-5975,음악감상
1537,오민수,42,포항 장유동123-45,010-8819-1957,여행
1538,서수빈,47,제주 유성구123-45,010-8729-5398,영화감상
1539,서서준,39,광주 북구123-45,010-4970-2710,독서
1540,신은우,67,포항 신제주123-45,010-5728-2742,드로잉
1541,정도윤,53,인천 성북구123-45,010-1572-8724,웹서핑
1542,오현우,42,수원 덕진구123-45,010-7536-3081,카페 투어
1543,조현우,38,안양 분당구123-45,010-6799-1410,게임
1544,장지민,64,남양주 분당구123-45,010-9952-3720,일기 쓰기
1545,신민수,47,김해 성동구123-45,010-1807-6528,게임
1546,정민수,79,화성 신제주123-45,010-1691-6596,음악감상
1547,임시우,37,대구 서북구123-45,010-6913-8983,음악감상
1548,임민수,79,남양주 남구123-45,010-4711-6909,카페 투어
1549,오지민,45,부산 팔달구123-45,010-2378-6993,일기 쓰기
1550,박지민,61,고양 신제주123-45,010-3545-4381,사진촬영
1551,최도윤,52,포항 해운대구123-45,010-3583-5342,유튜브 보기
1552,장지민,51,안양 송파구123-45,010-9389-6652,카페 투어
1553,강민수,43,안양 송파구123-45,010-3742-9782,음악감상
1554,이지후,33,제주 달서구123-45,010-6746-7077,카페 투어
1555,장예은,27,평택 서북구123-45,010-5915-7364,보드게임
1556,강유진,61,안양 강서구123-45,010-9203-5423,음악감상
1557,서서준,33,부산 유성구123-45,010-5652-9761,카페 투어
1558,정현우,59,평택 유성구123-45,010-6078-7595,음악감상
1559,윤현우,62,용인 진해구123-45,010-1076-5900,수영
1560,신서연,45,안양 송파구123-45,010-9199-2036,등산
1561,최지후,27,수원 중구123-45,010-3226-2760,운동
1562,신건우,43,부산 수성구123-45,010-4620-5585,등산
1563,이유진,44,대구 유성구123-45,010-7602-4301,드로잉
1564,박수빈,47,안양 중구123-45,010-9795-8508,웹서핑
1565,임수빈,64,평택 해운대구123-45,010-8882-2188,일기 쓰기
1566,서태윤,29,천안 동구123-45,010-9823-1661,등산
1567,정민수,39,수원 유성구123-45,010-9861-6190,사진촬영
1568,이하윤,42,대전 신제주123-45,010-1701-5055,요리
1569,최태윤,77,울산 성북구123-45,010-5938-8349,카페 투어
1570,임태윤,72,천안 동구123-45,010-3964-5713,게임
1571,임도윤,25,안양 성동구123-45,010-3053-7160,뜨개질
1572,장지원,63,전주 중구123-45,010-4463-7468,운동
1573,이도윤,26,안양 흥덕구123-45,010-1476-6354,일기 쓰기
1574,한지안,61,김해 덕양구123-45,010-4620-7363,게임
1575,장지원,55,세종 일산동구123-45,010-2210-6307,유튜브 보기
1576,윤건우,51,세종 송파구123-45,010-2760-2973,게임
1577,신예은,63,천안 진해구123-45,010-9478-3517,독서
1578,최수빈,56,김해 덕양구123-45,010-3503-2972,자전거 타기
1579,오태윤,29,창원 장유동123-45,010-6197-6927,자전거 타기
1580,조하윤,23,서울 팔달구123-45,010-7567-3528,웹서핑
1581,오하윤,52,서울 팔달구123-45,010-1458-4188,보드게임
1582,장현우,29,울산 신제주123-45,010-6389-4635,영화감상
1583,박수빈,22,포항 해운대구123-45,010-6708-9356,게임
1584,김시우,66,대구 송파구123-45,010-1462-5902,운동
1585,윤지민,72,대전 강남구123-45,010-7295-7920,카페 투어
1586,장지후,20,세종 서구123-45,010-2887-6722,요리
1587,조지후,36,청주 흥덕구123-45,010-8808-2665,등산
1588,오현우,67,남양주 중구123-45,010-2316-5295,드로잉
1589,임지안,29,남양주 팔달구123-45,010-4701-5537,수영
1590,윤시우,40,광주 흥덕구123-45,010-8203-2031,유튜브 보기
1591,서지민,65,서울 흥덕구123-45,010-4626-9663,사진촬영
1592,서태윤,21,포항 서북구123-45,010-4673-3643,독서
1593,이예은,25,전주 남구123-45,010-9220-1062,카페 투어
1594,박은우,27,전주 북구123-45,010-6611-9939,카페 투어
1595,신하윤,38,성남 북구123-45,010-3584-5894,음악감상
1596,박건우,37,대구 진해구123-45,010-3069-5689,자전거 타기
1597,신은우,73,안산 서구123-45,010-2228-4561,사진촬영
1598,장도윤,63,청주 서북구123-45,010-4749-6486,뜨개질
1599,장민수,43,평택 유성구123-45,010-9780-9638,드로잉
1600,이서연,39,남양주 송파구123-45,010-7944-8842,영화감상
1601,신유진,68,부산 덕진구123-45,010-5469-5832,게임
1602,신지민,41,전주 수성구123-45,010-8555-9752,웹서핑
1603,신현우,23,부산 서북구123-45,010-2836-6679,사진촬영
1604,최지안,39,서울 성동구123-45,010-2034-7551,여행
1605,강건우,72,성남 송파구123-45,010-7215-2108,여행
1606,오태윤,24,천안 북구123-45,010-7099-2784,일기 쓰기
1607,임예은,20,울산 성동구123-45,010-3442-7536,등산
1608,이은우,61,청주 강서구123-45,010-8443-2997,게임
1609,박하은,71,대전 송파구123-45,010-9106-8197,영화감상
1610,신지후,74,서울 북구123-45,010-9983-8135,음악감상
1611,강도윤,60,부산 북구123-45,010-8957-5003,웹서핑
1612,장지안,28,창원 남구123-45,010-4572-3103,사진촬영
1613,서도윤,38,성남 해운대구123-45,010-2383-7107,운동
1614,정지후,37,포항 송파구123-45,010-9942-6862,일기 쓰기
1615,강서연,28,대구 강남구123-45,010-7733-8302,게임
1616,김도윤,22,대전 기흥구123-45,010-8187-4524,여행
1617,윤유진,61,대구 서구123-45,010-7116-6581,수영
1618,정태윤,74,인천 팔달구123-45,010-8008-7987,수영
1619,오소율,60,평택 유성구123-45,010-7258-2466,웹서핑
1620,정지원,41,김해 덕양구123-45,010-2889-4187,독서
1621,임시우,32,청주 성동구123-45,010-6674-8868,유튜브 보기
1622,장하은,73,성남 서구123-45,010-9581-9270,웹서핑
1623,오예은,79,수원 팔달구123-45,010-7851-6958,드로잉
1624,장하은,34,울산 송파구123-45,010-4343-6453,보드게임
1625,강유진,79,서울 덕양구123-45,010-6794-1720,등산
1626,서은우,54,포항 송파구123-45,010-3893-5513,수영
1627,장시우,23,대전 일산동구123-45,010-2666-2284,사진촬영
1628,서수빈,40,안양 북구123-45,010-2347-3722,영화감상
1629,윤지원,65,세종 장유동123-45,010-2810-9857,운동
1630,정현우,65,세종 팔달구123-45,010-3240-7946,여행
1631,강하윤,78,수원 강남구123-45,010-1454-2682,운동
1632,서도윤,41,김해 덕양구123-45,010-1463-9898,요리
1633,정지안,39,서울 팔달구123-45,010-4124-1735,게임
1634,한서연,37,청주 기흥구123-45,010-3750-6843,카페 투어
1635,박지후,57,부산 신제주123-45,010-7496-2825,게임
1636,박수빈,63,포항 서구123-45,010-4153-7085,게임
1637,박지안,77,용인 서구123-45,010-9735-2618,드로잉
1638,서태윤,51,남양주 송파구123-45,010-2687-5674,요리
1639,강수빈,52,수원 흥덕구123-45,010-9742-2729,음악감상
1640,강하윤,43,화성 서구123-45,010-3179-4658,자전거 타기
1641,이은우,35,김해 기흥구123-45,010-8938-6665,요리
1642,장하은,28,성남 서구123-45,010-5611-4951,보드게임
1643,박현우,35,울산 유성구123-45,010-2905-7306,여행
1644,정하은,65,광주 진해구123-45,010-4668-3962,자전거 타기
1645,강태윤,73,고양 성북구123-45,010-1167-1845,사진촬영
1646,김서준,77,광주 성동구123-45,010-1914-6156,유튜브 보기
1647,강지민,78,평택 송파구123-45,010-6601-6276,수영
1648,장지민,37,안산 남구123-45,010-5044-6613,유튜브 보기
1649,최시우,42,안산 기흥구123-45,010-5685-4094,자전거 타기
1650,최서연,41,대구 신제주123-45,010-6589-2736,운동
1651,정수빈,64,천안 덕양구123-45,010-1207-8326,유튜브 보기
1652,한지후,75,성남 송파구123-45,010-5098-6195,자전거 타기
1653,한현우,68,창원 장유동123-45,010-8284-2620,게임
1654,최소율,71,천안 강남구123-45,010-9458-6410,요리
1655,강지원,54,대전 수성구123-45,010-1001-1881,일기 쓰기
1656,최민수,22,성남 달서구123-45,010-7456-8796,여행
1657,윤서준,33,전주 흥덕구123-45,010-7428-3063,음악감상
1658,이소율,30,용인 기흥구123-45,010-2179-5403,보드게임
1659,정유진,76,광주 중구123-45,010-1561-9101,등산
1660,이도윤,71,대구 강서구123-45,010-7573-9239,보드게임
1661,임소율,58,수원 기흥구123-45,010-4109-4870,음악감상
1662,박유진,67,전주 중구123-45,010-2006-1139,사진촬영
1663,박현우,58,평택 흥덕구123-45,010-2829-7418,보드게임
1664,한지후,54,대구 달서구123-45,010-5969-5854,영화감상
1665,김건우,50,용인 중구123-45,010-1151-2691,음악감상
1666,한수빈,70,화성 성동구123-45,010-4261-1082,드로잉
1667,윤도윤,68,남양주 흥덕구123-45,010-4047-2232,자전거 타기
1668,한예은,23,대구 분당구123-45,010-7533-6935,독서
1669,이하윤,59,김해 성동구123-45,010-5746-9444,등산
1670,최서연,47,고양 장유동123-45,010-8630-7895,유튜브 보기
1671,이현우,57,제주 북구123-45,010-3053-2446,드로잉
1672,윤건우,74,인천 수성구123-45,010-4215-6283,게임
1673,이지안,75,고양 분당구123-45,010-8918-6249,게임
1674,장서준,53,김해 흥덕구123-45,010-1867-6515,사진촬영
1675,신하윤,22,제주 장유동123-45,010-5289-5702,여행
1676,정현우,66,청주 성북구123-45,010-1336-6970,여행
1677,정예은,67,안산 덕진구123-45,010-6755-1500,독서
1678,장하윤,62,대전 일산동구123-45,010-2787-9847,자전거 타기
1679,김지원,75,울산 남구123-45,010-5794-7374,수영
1680,서시우,76,울산 송파구123-45,010-6744-7267,보드게임
1681,김태윤,67,창원 기흥구123-45,010-2946-1324,운동
1682,신서연,56,화성 중구123-45,010-4342-4064,여행
1683,장하은,56,안산 강남구123-45,010-2136-3111,여행
1684,윤지민,64,제주 수성구123-45,010-8192-8952,웹서핑
1685,이건우,31,포항 장유동123-45,010-8777-3120,여행
1686,서태윤,40,인천 해운대구123-45,010-2012-6545,수영
1687,최하윤,65,울산 진해구123-45,010-7787-4992,요리
1688,정민수,62,부산 덕양구123-45,010-1726-2535,게임
1689,조유진,75,김해 성동구123-45,010-2066-2721,운동
1690,신하윤,29,광주 팔달구123-45,010-3949-4705,영화감상
1691,강건우,34,수원 중구123-45,010-2747-9907,카페 투어
1692,오소율,26,청주 장유동123-45,010-3228-2569,웹서핑
1693,박은우,74,안양 수성구123-45,010-9299-5231,영화감상
1694,장지민,69,부산 신제주123-45,010-3529-4927,뜨개질
1695,장수빈,50,제주 일산동구123-45,010-7384-6710,자전거 타기
1696,김수빈,36,울산 남구123-45,010-9176-7269,사진촬영
1697,강예린,73,성남 일산동구123-45,010-5494-7026,수영
1698,조지안,42,용인 장유동123-45,010-3568-2332,영화감상
1699,조지민,70,남양주 신제주123-45,010-4666-3227,카페 투어
1700,오지원,63,부산 달서구123-45,010-8884-8661,드로잉
1701,김하은,24,평택 유성구123-45,010-3497-8681,자전거 타기
1702,박은우,78,김해 수성구123-45,010-3642-4544,뜨개질
1703,장도윤,50,대구 해운대구123-45,010-3857-7551,음악감상
1704,장소율,48,광주 남구123-45,010-8263-8736,여행
1705,정소율,35,남양주 일산동구123-45,010-2526-5278,사진촬영
1706,최시우,47,광주 유성구123-45,010-7695-2155,요리
1707,신소율,46,대전 강서구123-45,010-3821-7517,뜨개질
1708,임민수,63,수원 서구123-45,010-9288-1453,웹서핑
1709,한소율,74,대구 북구123-45,010-3628-4399,일기 쓰기
1710,서예린,58,대구 해운대구123-45,010-9271-9797,여행
1711,서소율,29,전주 동구123-45,010-2023-6692,카페 투어
1712,최지안,36,안양 남구123-45,010-6769-4813,등산
1713,박지안,48,김해 유성구123-45,010-3915-5597,드로잉
1714,조도윤,66,전주 동구123-45,010-6979-1301,웹서핑
1715,윤하은,53,대전 서북구123-45,010-6757-3147,음악감상
1716,강지안,70,수원 덕양구123-45,010-8881-5016,사진촬영
1717,박수빈,43,용인 수성구123-45,010-2331-8696,웹서핑
1718,최유진,49,남양주 서북구123-45,010-1257-4773,영화감상
1719,강서준,68,용인 서구123-45,010-1152-4924,여행
1720,신서준,59,천안 덕진구123-45,010-1864-9765,게임
1721,장서준,49,제주 흥덕구123-45,010-7955-5487,음악감상
1722,김도윤,53,김해 서구123-45,010-9147-4283,영화감상
1723,최시우,31,제주 흥덕구123-45,010-6169-5565,유튜브 보기
1724,임예린,41,대구 수성구123-45,010-4022-9038,독서
1725,김서연,63,남양주 서구123-45,010-5398-6036,웹서핑
1726,정예은,35,고양 송파구123-45,010-1287-8640,여행
1727,김소율,62,부산 해운대구123-45,010-8598-7886,게임
1728,김소율,61,제주 진해구123-45,010-4563-2777,음악감상
1729,신수빈,48,천안 분당구123-45,010-4865-9837,카페 투어
1730,오예은,75,남양주 강남구123-45,010-4847-8923,요리
1731,김시우,36,대구 서북구123-45,010-2833-4137,유튜브 보기
1732,박지안,71,광주 덕진구123-45,010-7455-9895,영화감상
1733,오하윤,66,서울 강남구123-45,010-2933-1195,일기 쓰기
1734,이지후,49,대전 덕진구123-45,010-5665-6182,수영
1735,이예린,39,부산 덕양구123-45,010-3097-7373,뜨개질
1736,신지원,34,대구 중구123-45,010-3034-4576,일기 쓰기
1737,이지원,43,대전 남구123-45,010-1242-1382,카페 투어
1738,정태윤,24,평택 서북구123-45,010-4343-1735,운동
1739,한지민,53,울산 송파구123-45,010-7445-7849,카페 투어
1740,윤현우,64,창원 동구123-45,010-7237-9508,드로잉
1741,김하은,72,광주 덕양구123-45,010-6496-2406,음악감상
1742,박소율,30,안양 서구123-45,010-5848-1103,드로잉
1743,강지원,75,평택 해운대구123-45,010-6767-2558,뜨개질
1744,윤지민,43,울산 일산동구123-45,010-1830-3347,수영
1745,강현우,61,전주 덕양구123-45,010-2768-8778,유튜브 보기
1746,강태윤,37,부산 일산동구123-45,010-7980-1078,사진촬영
1747,강건우,69,용인 장유동123-45,010-8550-3532,음악감상
1748,오지원,56,대전 중구123-45,010-3878-7484,여행
1749,임서연,74,성남 서구123-45,010-2960-7980,드로잉
1750,박시우,70,인천 신제주123-45,010-1371-5188,자전거 타기
1751,조예은,71,청주 흥덕구123-45,010-7346-3235,드로잉
1752,장수빈,79,광주 신제주123-45,010-4582-1816,영화감상
1753,윤하은,75,부산 중구123-45,010-7041-5762,뜨개질
1754,한시우,73,고양 장유동123-45,010-8021-5697,영화감상
1755,임하윤,24,평택 서북구123-45,010-5307-3402,카페 투어
1756,강지안,64,인천 장유동123-45,010-9204-2511,카페 투어
1757,서수빈,31,부산 강서구123-45,010-1348-8845,드로잉
1758,한서연,33,안양 북구123-45,010-4226-1604,드로잉
1759,오수빈,57,포항 강남구123-45,010-3185-6042,여행
1760,장지안,26,안산 남구123-45,010-6842-2937,뜨개질
1761,임지원,67,안양 덕양구123-45,010-7511-9452,카페 투어
1762,강하은,72,안산 분당구123-45,010-4114-1182,뜨개질
1763,박하은,78,대구 분당구123-45,010-6796-2596,운동
1764,김유진,71,안산 중구123-45,010-3190-3197,사진촬영
1765,박서준,63,부산 흥덕구123-45,010-3300-3313,유튜브 보기
1766,박시우,28,울산 팔달구123-45,010-8181-1439,영화감상
1767,장지민,39,안양 일산동구123-45,010-5788-2774,독서
1768,윤예린,65,인천 성북구123-45,010-9010-3669,자전거 타기
1769,조소율,63,고양 장유동123-45,010-5010-1890,사진촬영
1770,한지안,62,남양주 서북구123-45,010-9755-6815,웹서핑
1771,한시우,60,용인 동구123-45,010-6410-1792,음악감상
1772,윤현우,25,청주 덕진구123-45,010-3429-8231,사진촬영
1773,김지안,55,인천 팔달구123-45,010-3073-8617,요리
1774,정태윤,38,고양 북구123-45,010-1460-3326,수영
1775,강지민,49,김해 팔달구123-45,010-4508-4836,드로잉
1776,신시우,63,대전 유성구123-45,010-6639-6964,독서
1777,오소율,46,포항 동구123-45,010-7752-3428,독서
1778,정도윤,44,고양 일산동구123-45,010-4057-8187,자전거 타기
1779,장태윤,61,화성 해운대구123-45,010-4227-8360,뜨개질
1780,오은우,38,울산 서구123-45,010-7896-2452,보드게임
1781,김소율,74,울산 북구123-45,010-4841-2531,여행
1782,윤민수,43,남양주 중구123-45,010-1600-6120,드로잉
1783,서지원,45,서울 장유동123-45,010-5080-9790,독서
1784,장예은,27,세종 북구123-45,010-3360-6551,보드게임
1785,임지안,57,포항 유성구123-45,010-1803-8336,음악감상
1786,오소율,36,화성 북구123-45,010-6283-4043,사진촬영
1787,정서연,21,김해 성동구123-45,010-2641-4284,게임
1788,박은우,59,고양 진해구123-45,010-3951-5084,음악감상
1789,박은우,64,평택 중구123-45,010-2862-5522,웹서핑
1790,장서연,27,인천 장유동123-45,010-5824-2685,사진촬영
1791,최서준,45,부산 달서구123-45,010-5856-5275,일기 쓰기
1792,이하윤,68,용인 수성구123-45,010-3725-2845,보드게임
1793,이예은,62,제주 덕양구123-45,010-4378-6736,일기 쓰기
1794,장예린,48,청주 송파구123-45,010-1313-3741,여행
1795,조유진,49,화성 북구123-45,010-1731-3394,유튜브 보기
1796,오은우,63,울산 흥덕구123-45,010-1802-7432,웹서핑
1797,신지민,41,제주 달서구123-45,010-7776-6899,영화감상
1798,오서준,31,성남 서구123-45,010-4668-9877,음악감상
1799,최지안,68,평택 신제주123-45,010-6108-1083,자전거 타기
1800,강하윤,79,고양 동구123-45,010-4902-1110,자전거 타기
1801,정지원,43,고양 장유동123-45,010-7310-5131,일기 쓰기
1802,임유진,48,광주 송파구123-45,010-8411-6027,드로잉
1803,정예은,23,천안 북구123-45,010-6426-2444,뜨개질
1804,강지안,22,광주 진해구123-45,010-6809-1718,음악감상
1805,윤지원,53,전주 분당구123-45,010-1605-3359,사진촬영
1806,김시우,46,대구 유성구123-45,010-4357-5096,게임
1807,한지원,26,대전 서북구123-45,010-7421-8622,등산
1808,신하윤,42,세종 진해구123-45,010-8907-1762,일기 쓰기
1809,신예린,35,청주 분당구123-45,010-9813-5177,유튜브 보기
1810,조하윤,26,안양 신제주123-45,010-6690-2260,독서
1811,조지후,45,광주 성동구123-45,010-2732-9497,유튜브 보기
1812,강서준,24,안산 강서구123-45,010-2181-8784,뜨개질
1813,정하윤,57,천안 강서구123-45,010-7223-2215,보드게임
1814,장시우,52,용인 서구123-45,010-7658-2663,뜨개질
1815,최지안,52,부산 송파구123-45,010-3297-1685,일기 쓰기
1816,이예은,24,제주 진해구123-45,010-3909-4297,자전거 타기
1817,장지안,71,고양 서북구123-45,010-6953-1842,드로잉
1818,최하은,72,제주 해운대구123-45,010-9645-9185,유튜브 보기
1819,한수빈,47,천안 덕진구123-45,010-3883-6537,뜨개질
1820,김지안,34,용인 팔달구123-45,010-5509-9317,요리
1821,김태윤,56,화성 성동구123-45,010-9189-9162,보드게임
1822,한하은,26,울산 강서구123-45,010-8563-6977,음악감상
1823,윤유진,41,포항 서북구123-45,010-1090-9679,유튜브 보기
1824,임건우,21,수원 진해구123-45,010-6691-3364,등산
1825,김지민,73,화성 동구123-45,010-6945-9015,수영
1826,이하은,21,성남 흥덕구123-45,010-7924-5928,드로잉
1827,최태윤,23,제주 성동구123-45,010-4886-9933,뜨개질
1828,서은우,78,대전 신제주123-45,010-2537-2926,카페 투어
1829,신서준,58,김해 달서구123-45,010-6607-4513,게임
1830,정지민,74,대구 덕진구123-45,010-6608-2126,드로잉
1831,서민수,29,대전 덕진구123-45,010-3304-6396,등산
1832,이태윤,34,평택 해운대구123-45,010-5422-9994,뜨개질
1833,최민수,67,남양주 팔달구123-45,010-1622-2967,드로잉
1834,윤지원,57,울산 동구123-45,010-6023-6699,유튜브 보기
1835,윤도윤,79,평택 장유동123-45,010-7438-8132,여행
1836,한현우,70,서울 유성구123-45,010-5089-3066,게임
1837,조은우,76,청주 신제주123-45,010-5269-8730,음악감상
1838,박소율,70,포항 강서구123-45,010-5481-4743,요리
1839,박서준,24,천안 신제주123-45,010-2521-6476,요리
1840,최소율,57,화성 달서구123-45,010-2116-9836,드로잉
1841,임건우,36,남양주 성북구123-45,010-2430-6586,등산
1842,오현우,77,청주 수성구123-45,010-6823-8625,카페 투어
1843,신지후,30,울산 덕양구123-45,010-9082-8502,뜨개질
1844,윤서연,38,청주 팔달구123-45,010-7910-1040,카페 투어
1845,임지후,41,부산 강서구123-45,010-6816-5359,요리
1846,이도윤,45,화성 분당구123-45,010-7255-4682,웹서핑
1847,정지후,47,전주 중구123-45,010-1247-4248,뜨개질
1848,김지후,32,대구 해운대구123-45,010-8711-8152,보드게임
1849,임민수,73,포항 성동구123-45,010-6971-5841,카페 투어
1850,장지안,32,용인 신제주123-45,010-5819-7219,사진촬영
1851,장하윤,48,청주 달서구123-45,010-5745-5259,음악감상
1852,한은우,64,김해 장유동123-45,010-1591-3843,요리
1853,강하윤,25,세종 덕양구123-45,010-2271-9095,여행
1854,강소율,44,천안 장유동123-45,010-3385-9577,운동
1855,이소율,69,서울 성동구123-45,010-3601-8583,운동
1856,최예린,74,창원 북구123-45,010-9222-2824,자전거 타기
1857,박지안,32,김해 흥덕구123-45,010-2924-8154,보드게임
1858,임시우,58,인천 성동구123-45,010-2659-6071,음악감상
1859,박민수,61,인천 유성구123-45,010-3974-9003,자전거 타기
1860,신건우,66,서울 수성구123-45,010-5340-8544,수영
1861,장예린,36,화성 덕양구123-45,010-5506-6018,등산
1862,윤서준,61,울산 성북구123-45,010-8175-6748,유튜브 보기
1863,조건우,42,청주 중구123-45,010-6319-8041,음악감상
1864,서수빈,64,창원 중구123-45,010-4049-1651,요리
1865,임시우,75,대전 흥덕구123-45,010-5890-8495,카페 투어
1866,김현우,47,천안 장유동123-45,010-5071-7159,음악감상
1867,윤하윤,62,인천 서북구123-45,010-8694-1719,등산
1868,장건우,67,수원 진해구123-45,010-6518-1601,운동
1869,조유진,70,세종 남구123-45,010-4314-1825,일기 쓰기
1870,김태윤,58,창원 송파구123-45,010-7314-6361,음악감상
1871,강서연,50,김해 일산동구123-45,010-7754-5030,뜨개질
1872,박도윤,65,서울 강서구123-45,010-6745-8281,게임
1873,서지안,57,성남 분당구123-45,010-6083-8520,유튜브 보기
1874,박현우,75,서울 진해구123-45,010-3704-4378,웹서핑
1875,정은우,38,대전 흥덕구123-45,010-5219-6238,뜨개질
1876,이예린,28,고양 신제주123-45,010-3099-3853,자전거 타기
1877,박현우,32,서울 신제주123-45,010-9334-7059,사진촬영
1878,김서준,38,광주 성북구123-45,010-2873-4738,수영
1879,오도윤,54,포항 성북구123-45,010-4641-3575,수영
1880,임태윤,69,대구 진해구123-45,010-5477-4211,자전거 타기
1881,조하윤,71,고양 송파구123-45,010-1801-8963,드로잉
1882,조도윤,35,청주 중구123-45,010-3053-5472,요리
1883,임예은,41,포항 서구123-45,010-4940-4544,보드게임
1884,최현우,55,용인 일산동구123-45,010-6909-4988,유튜브 보기
1885,이예은,37,용인 해운대구123-45,010-5821-6184,유튜브 보기
1886,윤유진,46,서울 남구123-45,010-7540-3046,웹서핑
1887,최서준,76,전주 강서구123-45,010-1100-2851,독서
1888,이시우,72,대전 수성구123-45,010-2261-2088,일기 쓰기
1889,강예린,31,수원 진해구123-45,010-3795-5714,보드게임
1890,임현우,62,부산 수성구123-45,010-9230-8266,사진촬영
1891,윤지후,67,용인 해운대구123-45,010-4705-7238,일기 쓰기
1892,최하윤,42,제주 성동구123-45,010-3692-4614,운동
1893,이예린,25,서울 분당구123-45,010-1186-6512,운동
1894,박지안,45,전주 덕양구123-45,010-8619-6605,드로잉
1895,김은우,70,포항 덕양구123-45,010-8635-3650,독서
1896,신도윤,74,부산 기흥구123-45,010-6497-3944,웹서핑
1897,박현우,39,고양 송파구123-45,010-1361-2044,게임
1898,박지민,41,수원 성동구123-45,010-2267-5039,게임
1899,정지안,41,수원 진해구123-45,010-6906-8535,웹서핑
1900,서건우,20,광주 서북구123-45,010-2038-7188,웹서핑
1901,조유진,69,천안 성동구123-45,010-4450-4740,웹서핑
1902,강지후,34,대전 서구123-45,010-3334-5048,수영
1903,김유진,68,창원 진해구123-45,010-1830-2612,게임
1904,장하윤,20,화성 일산동구123-45,010-1506-4427,자전거 타기
1905,한하윤,62,안산 북구123-45,010-2716-9305,운동
1906,강현우,54,세종 달서구123-45,010-6277-2615,보드게임
1907,장지민,78,세종 강남구123-45,010-5856-6803,영화감상
1908,정유진,78,평택 수성구123-45,010-8925-9781,뜨개질
1909,최은우,56,청주 서북구123-45,010-2487-8179,일기 쓰기
1910,윤지원,56,전주 장유동123-45,010-3454-9461,여행
1911,최현우,20,광주 남구123-45,010-1190-9530,독서
1912,정건우,21,남양주 성북구123-45,010-8919-8802,자전거 타기
1913,정서연,29,제주 진해구123-45,010-5459-3769,운동
1914,조은우,47,김해 송파구123-45,010-4523-2274,뜨개질
1915,조소율,42,제주 기흥구123-45,010-9714-8490,웹서핑
1916,오지후,66,김해 강서구123-45,010-5944-7849,수영
1917,조지원,50,청주 덕진구123-45,010-1088-4525,운동
1918,오은우,32,창원 성동구123-45,010-2970-3014,영화감상
1919,최수빈,72,창원 송파구123-45,010-1834-5579,운동
1920,이서준,21,대전 중구123-45,010-6288-2715,유튜브 보기
1921,이유진,78,안산 수성구123-45,010-6270-8325,자전거 타기
1922,김건우,43,용인 성동구123-45,010-3117-4377,운동
1923,조도윤,58,세종 강남구123-45,010-3792-2964,여행
1924,정서준,74,평택 북구123-45,010-3303-4232,사진촬영
1925,정예은,51,대전 덕진구123-45,010-1893-1090,보드게임
1926,이현우,64,성남 중구123-45,010-1418-9027,음악감상
1927,박소율,71,남양주 강남구123-45,010-3731-3783,독서
1928,오시우,73,울산 달서구123-45,010-6245-6200,등산
1929,이시우,79,고양 성동구123-45,010-5981-5708,요리
1930,윤은우,46,전주 성동구123-45,010-9091-5131,일기 쓰기
1931,강지민,40,평택 분당구123-45,010-7786-2442,여행
1932,오도윤,65,인천 해운대구123-45,010-3130-9155,카페 투어
1933,이민수,71,수원 남구123-45,010-2391-3571,등산
1934,정소율,75,세종 서북구123-45,010-2487-4898,웹서핑
1935,장도윤,25,안양 팔달구123-45,010-1999-3318,음악감상
1936,한수빈,59,김해 수성구123-45,010-1111-8137,등산
1937,한지민,67,창원 진해구123-45,010-9577-9806,운동
1938,오하은,73,안산 기흥구123-45,010-4790-7432,수영
1939,최소율,46,남양주 동구123-45,010-7705-8523,자전거 타기
1940,최하은,75,제주 해운대구123-45,010-6634-4921,사진촬영
1941,장소율,59,인천 흥덕구123-45,010-3524-7047,카페 투어
1942,강하은,45,안양 유성구123-45,010-8248-8181,영화감상
1943,박유진,23,안양 성북구123-45,010-2376-2441,요리
1944,서하윤,33,남양주 달서구123-45,010-3516-1556,수영
1945,조지원,75,부산 진해구123-45,010-6353-5892,보드게임
1946,한유진,74,고양 흥덕구123-45,010-9477-4256,일기 쓰기
1947,강건우,76,평택 흥덕구123-45,010-2012-3192,보드게임
1948,오현우,61,인천 해운대구123-45,010-4406-7522,음악감상
1949,이지안,78,수원 흥덕구123-45,010-2782-2446,음악감상
1950,임서연,26,용인 일산동구123-45,010-1157-4579,웹서핑
1951,신서준,28,울산 기흥구123-45,010-8981-6095,드로잉
1952,김지민,59,평택 팔달구123-45,010-9014-2339,카페 투어
1953,신하윤,69,대구 강남구123-45,010-1293-5316,일기 쓰기
1954,정지민,76,서울 달서구123-45,010-4800-1732,여행
1955,서서준,40,창원 해운대구123-45,010-9483-9279,웹서핑
1956,오지후,66,서울 성북구123-45,010-6654-8263,일기 쓰기
1957,윤예은,68,세종 일산동구123-45,010-1804-6080,보드게임
1958,이민수,59,안산 송파구123-45,010-4518-9108,카페 투어
1959,윤현우,52,서울 신제주123-45,010-9550-9304,여행
1960,장현우,75,서울 흥덕구123-45,010-9005-3517,유튜브 보기
1961,신민수,39,천안 남구123-45,010-4229-5584,카페 투어
1962,이건우,72,고양 성동구123-45,010-7487-1835,여행
1963,박수빈,68,제주 신제주123-45,010-8046-8770,독서
1964,오지원,46,포항 장유동123-45,010-6506-2598,카페 투어
1965,조지원,42,전주 일산동구123-45,010-6383-2413,요리
1966,한도윤,59,안양 송파구123-45,010-7252-4240,일기 쓰기
1967,이서준,67,청주 유성구123-45,010-2436-5476,보드게임
1968,강태윤,79,세종 팔달구123-45,010-2271-8738,수영
1969,이시우,20,김해 수성구123-45,010-8610-5120,독서
1970,오하윤,27,안산 서북구123-45,010-8187-4925,드로잉
1971,장민수,27,세종 해운대구123-45,010-1014-3264,음악감상
1972,서지원,37,세종 성북구123-45,010-5171-4905,여행
1973,임서연,67,세종 유성구123-45,010-3390-1990,운동
1974,장은우,22,화성 성동구123-45,010-4965-4992,뜨개질
1975,윤은우,78,부산 성북구123-45,010-4910-4404,자전거 타기
1976,윤하윤,62,창원 중구123-45,010-3982-2035,일기 쓰기
1977,신태윤,45,세종 흥덕구123-45,010-9499-2122,요리
1978,김하윤,22,전주 북구123-45,010-5627-9746,보드게임
1979,한은우,21,김해 덕진구123-45,010-2314-4977,게임
1980,서지후,56,김해 성북구123-45,010-8008-2335,드로잉
1981,이지민,79,부산 중구123-45,010-1849-4042,음악감상
1982,조서연,44,평택 서구123-45,010-7811-9299,게임
1983,임서준,64,세종 중구123-45,010-3788-8495,게임
1984,박지안,28,성남 서구123-45,010-3921-2519,독서
1985,오태윤,20,남양주 일산동구123-45,010-2880-4016,요리
1986,이건우,56,성남 성동구123-45,010-5223-4427,사진촬영
1987,장예은,38,청주 강서구123-45,010-3722-6510,등산
1988,신도윤,26,인천 진해구123-45,010-1457-9265,등산
1989,김지원,34,청주 장유동123-45,010-9168-4346,뜨개질
1990,김서연,46,포항 기흥구123-45,010-5630-7713,자전거 타기
1991,김건우,37,세종 성북구123-45,010-1574-9541,운동
1992,최건우,37,남양주 성동구123-45,010-2489-8990,사진촬영
1993,정서준,55,천안 성동구123-45,010-1817-2537,운동
1994,장하은,21,수원 덕진구123-45,010-5703-8943,게임
1995,임예은,27,서울 성북구123-45,010-6935-4613,독서
1996,최태윤,31,세종 진해구123-45,010-5647-6382,여행
1997,김도윤,48,부산 해운대구123-45,010-1603-8596,보드게임
1998,한예은,79,천안 일산동구123-45,010-2108-7171,게임
1999,임지원,73,수원 장유동123-45,010-8156-9950,보드게임
2000,김하윤,26,대구 수성구123-45,010-7468-7096,드로잉
2001,이도윤,57,울산 송파구123-45,010-2295-5805,뜨개질
2002,서현우,70,화성 강남구123-45,010-4180-2422,여행
2003,정하윤,79,전주 덕양구123-45,010-9495-1584,독서
2004,정예은,31,안양 송파구123-45,010-3784-5525,여행
2005,임수빈,78,포항 남구123-45,010-7795-8642,수영
2006,조현우,55,광주 진해구123-45,010-2551-7224,유튜브 보기
2007,박도윤,21,평택 일산동구123-45,010-5503-1515,운동
2008,박현우,46,제주 남구123-45,010-7028-5334,보드게임
2009,한태윤,75,고양 수성구123-45,010-2609-8092,자전거 타기
2010,오도윤,70,화성 덕양구123-45,010-4453-4840,음악감상
2011,이하은,22,청주 장유동123-45,010-1564-5711,유튜브 보기
2012,장현우,67,안산 성북구123-45,010-1230-2153,사진촬영
2013,이도윤,67,울산 북구123-45,010-6535-4411,사진촬영
2014,최현우,34,천안 강서구123-45,010-7414-9040,자전거 타기
2015,최소율,23,남양주 성동구123-45,010-9966-4643,일기 쓰기
2016,정태윤,49,화성 강남구123-45,010-5720-4118,게임
2017,장서준,67,청주 분당구123-45,010-1975-5287,요리
2018,윤유진,61,수원 성북구123-45,010-6866-7558,수영
2019,신현우,68,광주 덕진구123-45,010-1221-1288,요리
2020,정현우,38,성남 달서구123-45,010-2425-8103,뜨개질
2021,장도윤,75,울산 남구123-45,010-5927-6448,운동
2022,최건우,41,세종 달서구123-45,010-4001-3171,웹서핑
2023,조예은,33,성남 팔달구123-45,010-6050-5358,여행
2024,강지민,28,포항 서구123-45,010-1408-8714,사진촬영
2025,이지원,75,고양 강서구123-45,010-1225-7125,보드게임
2026,서지민,31,성남 성북구123-45,010-3683-6087,카페 투어
2027,조예은,46,화성 신제주123-45,010-4395-6301,일기 쓰기
2028,박태윤,36,안산 분당구123-45,010-6263-9833,드로잉
2029,서은우,55,제주 장유동123-45,010-8532-4983,음악감상
2030,김지민,75,평택 동구123-45,010-1769-5553,유튜브 보기
2031,최지민,75,서울 강서구123-45,010-1105-2837,보드게임
2032,신예은,38,서울 일산동구123-45,010-4413-4770,영화감상
2033,이지원,22,서울 덕양구123-45,010-5344-9494,운동
2034,한서준,73,전주 해운대구123-45,010-1017-4019,사진촬영
2035,오지원,55,서울 기흥구123-45,010-6092-1117,드로잉
2036,이수빈,29,천안 북구123-45,010-2418-4414,운동
2037,강하윤,66,평택 해운대구123-45,010-1220-1562,카페 투어
2038,장유진,56,울산 덕양구123-45,010-6020-6739,요리
2039,오현우,47,제주 일산동구123-45,010-9869-1102,여행
2040,이수빈,79,용인 팔달구123-45,010-2902-3316,영화감상
2041,이시우,61,세종 성북구123-45,010-3626-9899,웹서핑
2042,임도윤,69,인천 분당구123-45,010-5899-5866,음악감상
2043,오서연,27,안양 달서구123-45,010-4778-3720,영화감상
2044,장수빈,42,부산 서북구123-45,010-7785-2070,수영
2045,신민수,60,전주 유성구123-45,010-7785-1880,운동
2046,이유진,72,청주 북구123-45,010-5676-2128,등산
2047,조유진,35,세종 북구123-45,010-6229-5099,카페 투어
2048,정도윤,27,세종 유성구123-45,010-2123-2234,요리
2049,강지안,38,창원 서북구123-45,010-4290-7458,뜨개질
2050,강서연,37,부산 유성구123-45,010-6441-6221,유튜브 보기
2051,한소율,79,김해 송파구123-45,010-1228-4175,게임
2052,이지민,50,남양주 해운대구123-45,010-3036-8873,음악감상
2053,임도윤,37,인천 북구123-45,010-9331-1017,자전거 타기
2054,강태윤,68,인천 중구123-45,010-5345-8576,등산
2055,서소율,58,고양 북구123-45,010-2385-4083,유튜브 보기
2056,이태윤,70,안양 흥덕구123-45,010-5012-6787,등산
2057,임수빈,63,김해 성동구123-45,010-4933-2213,유튜브 보기
2058,최서연,49,부산 서북구123-45,010-3907-9595,등산
2059,장서연,73,제주 덕양구123-45,010-6139-2464,등산
2060,한도윤,77,안산 덕진구123-45,010-5067-2280,요리
2061,정유진,69,성남 성동구123-45,010-8416-7902,드로잉
2062,강태윤,79,인천 유성구123-45,010-2945-6716,자전거 타기
2063,이도윤,72,안산 일산동구123-45,010-4994-9463,독서
2064,최도윤,77,대구 덕양구123-45,010-4586-8391,운동
2065,강하은,43,남양주 덕양구123-45,010-2236-8747,독서
2066,오지민,67,평택 덕양구123-45,010-4410-1580,여행
2067,조태윤,75,전주 중구123-45,010-8054-5958,등산
2068,서하윤,31,평택 북구123-45,010-9319-8898,보드게임
2069,조지후,37,평택 달서구123-45,010-4146-8614,웹서핑
2070,신서연,77,남양주 흥덕구123-45,010-3782-1867,독서
2071,서수빈,46,제주 덕진구123-45,010-8254-9797,뜨개질
2072,임수빈,47,성남 성동구123-45,010-3779-3311,등산
2073,조은우,71,김해 남구123-45,010-6032-9101,영화감상
2074,장예린,29,안양 덕진구123-45,010-3445-4688,카페 투어
2075,임지민,61,세종 성동구123-45,010-6132-3102,유튜브 보기
2076,임서연,65,인천 강서구123-45,010-6383-3647,수영
2077,강지민,64,용인 흥덕구123-45,010-8080-3081,수영
2078,임서준,63,제주 유성구123-45,010-5079-4197,영화감상
2079,신소율,55,남양주 신제주123-45,010-4056-1727,음악감상
2080,김은우,36,안산 장유동123-45,010-4610-4194,수영
2081,정도윤,77,제주 흥덕구123-45,010-3304-2394,운동
2082,박유진,78,포항 팔달구123-45,010-6428-4512,영화감상
2083,박서연,25,고양 강남구123-45,010-3688-1265,음악감상
2084,김시우,77,광주 흥덕구123-45,010-5771-9903,일기 쓰기
2085,강지원,46,남양주 중구123-45,010-7090-4383,영화감상
2086,윤은우,75,용인 팔달구123-45,010-6372-4258,운동
2087,신하은,67,용인 달서구123-45,010-1365-4044,등산
2088,이예은,53,대전 일산동구123-45,010-4244-1536,등산
2089,한지원,79,남양주 흥덕구123-45,010-7117-4130,게임
2090,강하윤,38,광주 강남구123-45,010-3087-5563,웹서핑
2091,장건우,21,광주 남구123-45,010-2415-3664,드로잉
2092,김지원,50,세종 성동구123-45,010-4540-2587,수영
2093,장민수,48,서울 동구123-45,010-4433-9217,사진촬영
2094,정시우,31,창원 기흥구123-45,010-2350-5754,영화감상
2095,윤지민,30,안산 해운대구123-45,010-4302-6925,운동
2096,조지안,32,김해 유성구123-45,010-4698-1521,여행
2097,서서준,68,화성 서구123-45,010-1917-1197,등산
2098,오지민,54,부산 서구123-45,010-5303-2433,음악감상
2099,정예린,36,김해 일산동구123-45,010-6323-2898,수영
2100,김도윤,53,용인 강서구123-45,010-9664-5074,게임
2101,박하은,61,천안 기흥구123-45,010-4283-1126,등산
2102,정소율,38,세종 서북구123-45,010-6619-5702,자전거 타기
2103,이예린,41,광주 해운대구123-45,010-9604-5392,유튜브 보기
2104,장시우,79,화성 덕진구123-45,010-8909-9414,요리
2105,정시우,77,세종 서구123-45,010-3306-3331,뜨개질
2106,한지민,77,서울 중구123-45,010-8571-8634,카페 투어
2107,서하은,70,전주 송파구123-45,010-4875-7951,드로잉
2108,최수빈,75,창원 서북구123-45,010-5273-4516,보드게임
2109,강서연,45,용인 신제주123-45,010-9898-6342,여행
2110,조지후,73,전주 팔달구123-45,010-5565-7805,일기 쓰기
2111,오유진,47,세종 중구123-45,010-3390-7623,음악감상
2112,오시우,33,안양 덕진구123-45,010-6660-5093,사진촬영
2113,신은우,72,성남 달서구123-45,010-4731-6421,요리
2114,이지안,55,김해 분당구123-45,010-3539-6527,보드게임
2115,최하윤,43,남양주 성북구123-45,010-2079-2424,음악감상
2116,강건우,77,세종 일산동구123-45,010-4806-3058,운동
2117,오민수,68,대구 수성구123-45,010-8149-2641,운동
2118,정지후,70,세종 덕진구123-45,010-3796-5847,요리
2119,서건우,76,평택 북구123-45,010-6164-2873,보드게임
2120,장현우,59,인천 진해구123-45,010-1584-2825,요리
2121,이하은,35,남양주 서구123-45,010-7025-4738,웹서핑
2122,서지민,68,대구 강남구123-45,010-3703-1319,뜨개질
2123,최하윤,68,천안 덕양구123-45,010-2167-1764,음악감상
2124,강서연,22,세종 서북구123-45,010-4624-5850,일기 쓰기
2125,강하윤,66,안산 팔달구123-45,010-1597-1488,보드게임
2126,서유진,67,평택 달서구123-45,010-8230-6765,운동
2127,조건우,24,세종 강서구123-45,010-4743-5087,요리
2128,임지후,32,용인 덕양구123-45,010-7231-8791,등산
2129,한은우,69,용인 북구123-45,010-9402-6402,웹서핑
2130,윤서준,64,천안 분당구123-45,010-6176-1674,독서
2131,강예린,28,제주 동구123-45,010-3380-4339,보드게임
2132,조지후,59,서울 동구123-45,010-2702-9270,등산
2133,최지후,40,대전 해운대구123-45,010-7345-6961,게임
2134,윤지후,51,천안 동구123-45,010-2941-1109,일기 쓰기
2135,한도윤,40,남양주 덕양구123-45,010-7398-3519,수영
2136,임예은,28,천안 덕양구123-45,010-6003-7720,유튜브 보기
2137,오시우,79,부산 수성구123-45,010-1160-3150,자전거 타기
2138,이현우,56,김해 장유동123-45,010-8989-3800,운동
2139,김예은,71,대구 진해구123-45,010-9949-1133,게임
2140,이건우,46,성남 중구123-45,010-4399-3005,사진촬영
2141,한하윤,77,창원 분당구123-45,010-4185-4222,일기 쓰기
2142,신지후,59,대구 서북구123-45,010-6384-8049,요리
2143,최수빈,78,안양 기흥구123-45,010-9249-3115,요리
2144,최수빈,27,창원 북구123-45,010-2451-9029,수영
2145,이수빈,39,부산 기흥구123-45,010-2050-2404,운동
2146,조예린,67,울산 성북구123-45,010-9254-4826,독서
2147,윤예린,29,대전 송파구123-45,010-7882-5978,일기 쓰기
2148,오서연,65,울산 기흥구123-45,010-5158-4664,운동
2149,장현우,41,광주 해운대구123-45,010-2757-3119,보드게임
2150,윤예린,26,서울 북구123-45,010-9095-5905,수영
2151,신예린,40,대전 장유동123-45,010-4496-7898,웹서핑
2152,신서연,37,청주 신제주123-45,010-2743-5749,뜨개질
2153,최예린,59,성남 성북구123-45,010-7137-2366,게임
2154,조은우,34,남양주 덕진구123-45,010-2467-3494,웹서핑
2155,조현우,59,용인 해운대구123-45,010-2107-4091,요리
2156,임건우,79,용인 서북구123-45,010-1336-7165,뜨개질
2157,정건우,73,부산 서구123-45,010-3085-9346,영화감상
2158,장도윤,39,제주 신제주123-45,010-2531-4843,영화감상
2159,신서준,70,제주 덕양구123-45,010-8796-5509,운동
2160,신도윤,47,대구 덕양구123-45,010-3128-4761,일기 쓰기
2161,조은우,46,안양 성동구123-45,010-9867-1459,독서
2162,강지민,47,천안 강남구123-45,010-6277-3399,음악감상
2163,임지민,44,부산 신제주123-45,010-1705-2839,게임
2164,한하윤,65,부산 해운대구123-45,010-8911-1118,사진촬영
2165,정지민,52,서울 강남구123-45,010-1042-6449,보드게임
2166,서하은,29,제주 북구123-45,010-6762-7649,보드게임
2167,최민수,58,성남 진해구123-45,010-4115-8274,웹서핑
2168,정시우,72,창원 남구123-45,010-6541-2327,뜨개질
2169,이예은,33,포항 흥덕구123-45,010-2074-6188,드로잉
2170,최지원,44,화성 남구123-45,010-1411-9050,드로잉
2171,이서준,28,김해 덕양구123-45,010-5835-2206,유튜브 보기
2172,신지민,45,창원 성북구123-45,010-9474-3211,드로잉
2173,박서준,42,서울 서구123-45,010-8187-9123,웹서핑
2174,최건우,37,고양 해운대구123-45,010-1710-5794,카페 투어
2175,박서준,46,화성 송파구123-45,010-6807-7067,웹서핑
2176,조현우,32,창원 일산동구123-45,010-5998-7865,드로잉
2177,임도윤,62,안양 분당구123-45,010-9973-9904,요리
2178,강민수,48,창원 서북구123-45,010-5517-2809,영화감상
2179,장하은,60,성남 서북구123-45,010-3041-1257,유튜브 보기
2180,한지안,49,고양 분당구123-45,010-1001-9818,영화감상
2181,윤현우,59,부산 덕진구123-45,010-5624-3449,여행
2182,김유진,61,청주 팔달구123-45,010-9983-8526,음악감상
2183,강소율,29,청주 기흥구123-45,010-1376-8447,보드게임
2184,강유진,56,성남 성북구123-45,010-4435-2870,유튜브 보기
2185,한민수,39,대구 달서구123-45,010-7396-6879,드로잉
2186,임태윤,71,청주 서구123-45,010-5091-4650,뜨개질
2187,최소율,70,안양 진해구123-45,010-1483-2511,보드게임
2188,최태윤,48,인천 송파구123-45,010-6852-4861,독서
2189,오시우,39,광주 북구123-45,010-2378-7353,등산
2190,장예은,60,서울 수성구123-45,010-5731-7318,자전거 타기
2191,윤서연,48,안산 달서구123-45,010-4172-5823,요리
2192,김소율,26,광주 수성구123-45,010-3869-2526,드로잉
2193,윤태윤,75,고양 덕진구123-45,010-5792-2001,요리
2194,한지민,70,창원 일산동구123-45,010-8782-2704,웹서핑
2195,한서준,56,포항 팔달구123-45,010-7010-8264,카페 투어
2196,정태윤,71,울산 강남구123-45,010-4468-9179,보드게임
2197,장건우,43,서울 해운대구123-45,010-2623-6917,드로잉
2198,임유진,38,천안 남구123-45,010-9028-4952,드로잉
2199,서지민,61,안산 중구123-45,010-2933-3218,보드게임
2200,오지원,48,서울 달서구123-45,010-1467-6330,요리
2201,김소율,75,김해 강남구123-45,010-5992-5006,게임
2202,정시우,48,울산 수성구123-45,010-6317-4712,요리
2203,최하은,62,안양 신제주123-45,010-7245-3036,유튜브 보기
2204,박건우,20,성남 중구123-45,010-4976-9228,음악감상
2205,김시우,30,남양주 덕양구123-45,010-3849-7836,웹서핑
2206,윤민수,23,청주 서북구123-45,010-5561-2598,일기 쓰기
2207,박지민,78,청주 강서구123-45,010-7546-8807,뜨개질
2208,조지안,74,남양주 진해구123-45,010-5013-3161,영화감상
2209,김은우,21,용인 팔달구123-45,010-7212-2783,요리
2210,김시우,29,울산 달서구123-45,010-9576-5268,유튜브 보기
2211,장서준,22,성남 중구123-45,010-2268-3892,운동
2212,장수빈,53,서울 서구123-45,010-6352-4616,사진촬영
2213,신지민,60,용인 송파구123-45,010-4464-8422,운동
2214,임서준,72,청주 덕양구123-45,010-3170-5576,게임
2215,최하윤,66,울산 분당구123-45,010-8979-5385,뜨개질
2216,윤하윤,26,인천 팔달구123-45,010-5907-9819,독서
2217,이예린,67,화성 성동구123-45,010-1284-7603,영화감상
2218,장지안,77,전주 덕양구123-45,010-1823-8882,영화감상
2219,김유진,50,부산 팔달구123-45,010-6008-7582,음악감상
2220,오시우,73,제주 일산동구123-45,010-5653-3032,웹서핑
2221,윤은우,78,성남 장유동123-45,010-7722-5372,유튜브 보기
2222,정지민,40,천안 덕양구123-45,010-8776-6052,뜨개질
2223,윤지민,49,평택 성동구123-45,010-5585-7589,게임
2224,장예린,38,안산 북구123-45,010-2933-2952,영화감상
2225,윤현우,60,대구 동구123-45,010-2889-3818,드로잉
2226,오예은,36,서울 일산동구123-45,010-7171-6916,여행
2227,정지안,73,성남 진해구123-45,010-1239-6708,드로잉
2228,이은우,40,세종 분당구123-45,010-3389-1547,게임
2229,임유진,39,안산 북구123-45,010-3033-5997,사진촬영
2230,박태윤,35,포항 성동구123-45,010-6449-3580,드로잉
2231,조은우,48,포항 덕진구123-45,010-8867-3981,독서
2232,윤태윤,41,인천 중구123-45,010-2260-9056,등산
2233,오유진,49,세종 강서구123-45,010-6394-3700,뜨개질
2234,한서준,31,인천 분당구123-45,010-5651-7114,사진촬영
2235,윤예은,75,인천 남구123-45,010-4427-1950,음악감상
2236,박지민,63,서울 동구123-45,010-2386-7153,음악감상
2237,박민수,51,대전 흥덕구123-45,010-2652-6993,카페 투어
2238,최하은,33,인천 팔달구123-45,010-5647-5095,요리
2239,박수빈,78,전주 서구123-45,010-4945-9199,운동
2240,이지원,31,대전 성동구123-45,010-2671-4780,운동
2241,서지민,60,전주 북구123-45,010-5247-3138,뜨개질
2242,이민수,77,포항 강남구123-45,010-3375-9834,보드게임
2243,신건우,60,화성 유성구123-45,010-1579-3210,독서
2244,오은우,25,안산 흥덕구123-45,010-6387-2154,사진촬영
2245,박소율,70,고양 해운대구123-45,010-4987-6672,요리
2246,한지안,23,서울 남구123-45,010-5906-4381,뜨개질
2247,장건우,47,천안 송파구123-45,010-2787-6038,독서
2248,조지후,76,서울 수성구123-45,010-1335-6923,사진촬영
2249,이하은,23,울산 성북구123-45,010-3512-2867,드로잉
2250,김예은,66,천안 성북구123-45,010-4839-8054,수영
2251,정시우,73,안산 장유동123-45,010-3392-7938,드로잉
2252,한시우,34,세종 기흥구123-45,010-9217-5775,자전거 타기
2253,이소율,49,대전 송파구123-45,010-4295-7499,음악감상
2254,조건우,48,화성 기흥구123-45,010-1912-5142,자전거 타기
2255,임서연,31,화성 진해구123-45,010-6514-2671,음악감상
2256,김태윤,45,남양주 성북구123-45,010-6034-4366,뜨개질
2257,정유진,77,세종 달서구123-45,010-9406-4543,뜨개질
2258,오은우,75,청주 강서구123-45,010-9692-7901,등산
2259,신하윤,49,창원 기흥구123-45,010-7408-8733,등산
2260,정수빈,58,안양 분당구123-45,010-5619-6087,요리
2261,한현우,38,용인 장유동123-45,010-7982-2017,여행
2262,오수빈,28,울산 송파구123-45,010-7275-4395,웹서핑
2263,박태윤,43,서울 신제주123-45,010-3860-3124,요리
2264,박하윤,57,인천 성북구123-45,010-2402-5603,뜨개질
2265,윤서준,23,고양 성북구123-45,010-5760-3135,음악감상
2266,임수빈,55,광주 서구123-45,010-7661-8120,사진촬영
2267,정서준,24,포항 강남구123-45,010-9557-5579,운동
2268,박도윤,54,대구 일산동구123-45,010-7417-4314,요리
2269,최수빈,59,대구 서북구123-45,010-1306-4922,영화감상
2270,윤소율,75,전주 서북구123-45,010-5146-5843,음악감상
2271,강소율,61,인천 진해구123-45,010-4715-9804,드로잉
2272,강서연,56,대구 수성구123-45,010-3990-7820,여행
2273,김지안,75,천안 송파구123-45,010-9790-6066,등산
2274,최은우,22,천안 유성구123-45,010-7394-9069,유튜브 보기
2275,강지안,71,세종 동구123-45,010-4150-3309,자전거 타기
2276,장지원,49,대구 유성구123-45,010-3587-6529,게임
2277,이수빈,44,대구 장유동123-45,010-9674-2294,보드게임
2278,윤지안,42,서울 팔달구123-45,010-3365-9038,독서
2279,조지후,39,서울 분당구123-45,010-3279-2271,일기 쓰기
2280,서현우,35,평택 북구123-45,010-4734-7280,음악감상
2281,강수빈,43,평택 성북구123-45,010-7560-8303,일기 쓰기
2282,임지원,48,서울 북구123-45,010-4387-9494,일기 쓰기
2283,최지후,36,창원 장유동123-45,010-2580-1905,보드게임
2284,정시우,23,성남 일산동구123-45,010-5257-8186,게임
2285,조지안,63,청주 서구123-45,010-9343-3062,영화감상
2286,신시우,40,인천 신제주123-45,010-5621-6149,영화감상
2287,최시우,53,울산 서구123-45,010-3670-7397,자전거 타기
2288,한소율,57,안산 진해구123-45,010-4115-1863,영화감상
2289,강은우,66,서울 팔달구123-45,010-7287-2505,일기 쓰기
2290,정예린,22,안산 성북구123-45,010-1521-9754,요리
2291,최도윤,53,성남 강남구123-45,010-1694-2969,드로잉
2292,최하윤,64,대전 성동구123-45,010-7868-3127,보드게임
2293,윤예은,74,울산 강남구123-45,010-1952-2304,드로잉
2294,정시우,41,수원 해운대구123-45,010-2448-2495,일기 쓰기
2295,김민수,61,대전 서북구123-45,010-8394-1511,일기 쓰기
2296,이하윤,54,화성 덕진구123-45,010-1836-5834,사진촬영
2297,박서준,65,세종 서구123-45,010-9802-7405,웹서핑
2298,김현우,30,서울 기흥구123-45,010-9059-2826,운동
2299,김서연,45,울산 남구123-45,010-3883-9717,사진촬영
2300,조서준,69,수원 덕진구123-45,010-2011-4807,독서
2301,최예은,64,대구 덕진구123-45,010-2293-5719,등산
2302,오지후,46,천안 서북구123-45,010-9072-2476,게임
2303,서지민,37,천안 강남구123-45,010-3570-8252,음악감상
2304,장지후,30,성남 수성구123-45,010-5681-7376,사진촬영
2305,조예린,22,서울 서북구123-45,010-8553-9893,드로잉
2306,조현우,66,세종 강서구123-45,010-6113-9604,드로잉
2307,한시우,53,용인 성동구123-45,010-3462-2515,음악감상
2308,한하윤,73,안양 진해구123-45,010-6198-7067,음악감상
2309,서지민,49,서울 서북구123-45,010-6238-5848,카페 투어
2310,정지안,25,청주 동구123-45,010-3797-5644,드로잉
2311,조소율,52,세종 기흥구123-45,010-1398-4644,웹서핑
2312,오건우,45,제주 강남구123-45,010-1282-9217,보드게임
2313,윤지원,31,평택 강서구123-45,010-1140-7472,독서
2314,신민수,46,전주 서북구123-45,010-6179-8298,여행
2315,최서연,23,고양 유성구123-45,010-8588-5813,여행
2316,서시우,48,대구 일산동구123-45,010-8485-5361,뜨개질
2317,임지원,34,울산 흥덕구123-45,010-1579-5156,음악감상
2318,윤지민,24,천안 서구123-45,010-5077-6703,등산
2319,이하윤,79,성남 성북구123-45,010-8535-4631,카페 투어
2320,신지후,28,전주 동구123-45,010-2192-8541,일기 쓰기
2321,강시우,59,천안 성동구123-45,010-2244-5030,음악감상
2322,정지후,20,세종 달서구123-45,010-8906-5035,여행
2323,박태윤,57,부산 덕진구123-45,010-4575-8978,게임
2324,임지원,74,고양 덕진구123-45,010-3617-5763,자전거 타기
2325,강현우,25,울산 유성구123-45,010-5421-7724,유튜브 보기
2326,윤하윤,30,화성 신제주123-45,010-3450-5206,영화감상
2327,최서준,60,화성 유성구123-45,010-1180-3238,독서
2328,김민수,46,대전 덕양구123-45,010-8810-4845,유튜브 보기
2329,최현우,27,부산 강남구123-45,010-6231-9071,음악감상
2330,한서연,78,김해 흥덕구123-45,010-6557-4328,영화감상
2331,최시우,27,부산 장유동123-45,010-2118-2994,보드게임
2332,오태윤,72,성남 수성구123-45,010-9185-9497,유튜브 보기
2333,조하은,28,포항 중구123-45,010-2323-7711,등산
2334,조지후,28,고양 팔달구123-45,010-5139-5552,사진촬영
2335,정서준,29,인천 송파구123-45,010-7221-6104,일기 쓰기
2336,서수빈,35,전주 흥덕구123-45,010-7688-1775,뜨개질
2337,임지민,29,포항 진해구123-45,010-4016-6484,드로잉
2338,강태윤,47,안양 덕진구123-45,010-8476-3999,영화감상
2339,조도윤,39,안산 강서구123-45,010-5225-4926,수영
2340,이수빈,52,용인 분당구123-45,010-8397-4633,뜨개질
2341,신예린,51,김해 서구123-45,010-6157-5966,운동
2342,신건우,48,청주 흥덕구123-45,010-9680-7293,영화감상
2343,서민수,57,성남 송파구123-45,010-5394-1789,음악감상
2344,강수빈,56,부산 기흥구123-45,010-8226-4597,여행
2345,임소율,47,울산 흥덕구123-45,010-7964-1236,영화감상
2346,김지민,67,고양 수성구123-45,010-6927-8562,자전거 타기
2347,윤서연,35,전주 해운대구123-45,010-3360-2525,독서
2348,임지후,65,화성 강서구123-45,010-3382-1397,요리
2349,오태윤,28,남양주 덕진구123-45,010-4716-5647,요리
2350,이도윤,32,평택 신제주123-45,010-8530-5134,게임
2351,박예은,56,부산 송파구123-45,010-3051-1701,일기 쓰기
2352,윤현우,43,광주 해운대구123-45,010-3441-1495,드로잉
2353,이서연,56,전주 유성구123-45,010-2525-9751,영화감상
2354,조은우,79,제주 성북구123-45,010-1559-9376,독서
2355,윤예은,62,인천 덕진구123-45,010-6300-6391,여행
2356,김예린,60,평택 흥덕구123-45,010-7578-5860,요리
2357,최지후,37,김해 기흥구123-45,010-6102-7604,일기 쓰기
2358,한은우,71,창원 일산동구123-45,010-6992-7626,여행
2359,장예은,47,안산 신제주123-45,010-2697-6633,보드게임
2360,신지민,58,고양 해운대구123-45,010-2035-4195,사진촬영
2361,윤지안,29,세종 덕양구123-45,010-9761-5766,요리
2362,조은우,50,전주 서북구123-45,010-5867-5186,여행
2363,이현우,44,김해 신제주123-45,010-9972-4972,등산
2364,임민수,70,서울 서북구123-45,010-5115-7710,영화감상
2365,윤수빈,29,세종 덕진구123-45,010-3877-2764,일기 쓰기
2366,신지원,30,창원 분당구123-45,010-2290-1169,여행
2367,강서준,37,천안 덕진구123-45,010-5915-4224,음악감상
2368,박유진,29,제주 분당구123-45,010-3490-4115,일기 쓰기
2369,임현우,60,성남 중구123-45,010-1890-6399,사진촬영
2370,장지민,40,전주 유성구123-45,010-7963-2118,등산
2371,신지민,37,제주 해운대구123-45,010-2920-2404,웹서핑
2372,김은우,64,전주 기흥구123-45,010-9433-3323,유튜브 보기
2373,장예린,48,제주 성동구123-45,010-6145-4208,웹서핑
2374,정건우,67,부산 서북구123-45,010-6192-9083,음악감상
2375,임건우,62,서울 북구123-45,010-2978-1034,요리
2376,임하은,30,화성 덕양구123-45,010-7510-6518,보드게임
2377,박건우,63,화성 덕진구123-45,010-3512-2692,사진촬영
2378,강예은,69,수원 신제주123-45,010-9111-5382,카페 투어
2379,정하윤,34,창원 덕양구123-45,010-1608-5136,보드게임
2380,임예은,21,울산 팔달구123-45,010-4658-3620,수영
2381,강은우,63,제주 팔달구123-45,010-6464-2862,등산
2382,조예린,64,안산 동구123-45,010-3690-5536,수영
2383,김하은,78,남양주 송파구123-45,010-4468-2703,유튜브 보기
2384,임지민,51,제주 서북구123-45,010-7109-6052,보드게임
2385,임지안,21,인천 성동구123-45,010-2305-9229,게임
2386,임은우,34,대구 신제주123-45,010-3192-3105,여행
2387,윤시우,22,김해 중구123-45,010-1045-5767,카페 투어
2388,이소율,74,세종 달서구123-45,010-4232-4976,운동
2389,최유진,64,김해 일산동구123-45,010-9708-2808,카페 투어
2390,최도윤,44,화성 동구123-45,010-6553-4849,드로잉
2391,신태윤,38,용인 중구123-45,010-3891-6792,웹서핑
2392,임서준,23,수원 수성구123-45,010-8457-4750,운동
2393,정지안,27,부산 수성구123-45,010-4871-8048,게임
2394,윤지민,65,화성 덕양구123-45,010-9469-3032,게임
2395,장도윤,53,안양 진해구123-45,010-6158-4281,영화감상
2396,오시우,21,평택 달서구123-45,010-1282-3543,음악감상
2397,윤지후,73,광주 달서구123-45,010-6900-3973,영화감상
2398,윤하윤,68,용인 중구123-45,010-3004-8189,자전거 타기
2399,박수빈,32,인천 서구123-45,010-8598-6708,일기 쓰기
2400,조민수,78,안산 일산동구123-45,010-4569-9491,독서
2401,서도윤,63,고양 성동구123-45,010-4657-7271,유튜브 보기
2402,임지원,52,청주 흥덕구123-45,010-7054-2289,자전거 타기
2403,강예은,64,창원 서구123-45,010-8027-2279,요리
2404,최건우,64,대전 신제주123-45,010-6016-1465,카페 투어
2405,김은우,74,서울 일산동구123-45,010-8680-1437,보드게임
2406,이서연,39,고양 북구123-45,010-7347-9340,카페 투어
2407,박시우,22,안산 북구123-45,010-3093-6475,운동
2408,오지후,36,제주 성동구123-45,010-7382-4307,영화감상
2409,최현우,27,대구 강서구123-45,010-2496-4401,게임
2410,최도윤,75,성남 덕진구123-45,010-9444-6086,드로잉
2411,박민수,37,천안 남구123-45,010-5812-2976,카페 투어
2412,윤은우,62,성남 해운대구123-45,010-9026-3895,보드게임
2413,한유진,33,울산 덕양구123-45,010-6072-9897,여행
2414,최소율,76,창원 성북구123-45,010-5271-3007,드로잉
2415,박은우,24,대전 유성구123-45,010-3729-8501,웹서핑
2416,최지후,58,남양주 북구123-45,010-9910-1846,드로잉
2417,신유진,30,광주 중구123-45,010-6602-4326,수영
2418,박예은,20,평택 분당구123-45,010-7285-8318,드로잉
2419,장지민,22,안산 동구123-45,010-9290-7972,유튜브 보기
2420,윤지안,28,서울 유성구123-45,010-5057-7208,영화감상
2421,정도윤,64,광주 해운대구123-45,010-3949-3896,등산
2422,강서준,42,창원 유성구123-45,010-7847-6740,뜨개질
2423,장하윤,56,수원 북구123-45,010-7241-4579,운동
2424,정지후,39,안양 장유동123-45,010-9323-1605,웹서핑
2425,조민수,45,제주 강남구123-45,010-3041-4550,뜨개질
2426,한민수,21,안산 성북구123-45,010-5075-1961,보드게임
2427,한수빈,78,안산 일산동구123-45,010-7924-8251,일기 쓰기
2428,강지안,60,서울 성동구123-45,010-9164-1092,뜨개질
2429,윤도윤,58,광주 흥덕구123-45,010-4870-9666,여행
2430,오현우,30,평택 일산동구123-45,010-9763-6941,뜨개질
2431,한지민,24,청주 동구123-45,010-8749-2884,수영
2432,윤하윤,27,청주 북구123-45,010-7636-9766,여행
2433,서예린,54,청주 해운대구123-45,010-9028-7426,요리
2434,신소율,41,남양주 흥덕구123-45,010-5693-5376,요리
2435,임하은,74,안양 덕진구123-45,010-2490-8646,사진촬영
2436,이지안,68,창원 성북구123-45,010-3859-3156,요리
2437,최건우,75,화성 분당구123-45,010-4707-1751,운동
2438,한예린,38,천안 덕양구123-45,010-7323-8930,독서
2439,이수빈,67,성남 해운대구123-45,010-4989-7440,카페 투어
2440,장지안,23,대전 성북구123-45,010-7785-2059,일기 쓰기
2441,신예은,75,성남 동구123-45,010-7396-3993,웹서핑
2442,강지안,24,고양 송파구123-45,010-1404-2538,독서
2443,임서준,52,전주 강서구123-45,010-3685-9139,사진촬영
2444,임지후,75,대구 중구123-45,010-6735-6318,수영
2445,박현우,68,창원 신제주123-45,010-6717-7080,보드게임
2446,윤태윤,33,김해 팔달구123-45,010-6751-1641,일기 쓰기
2447,정현우,30,고양 송파구123-45,010-3313-2655,요리
2448,이민수,29,제주 유성구123-45,010-8555-2668,카페 투어
2449,서수빈,39,고양 송파구123-45,010-6359-2371,카페 투어
2450,강서연,47,울산 흥덕구123-45,010-1550-2111,카페 투어
2451,서지민,70,평택 덕진구123-45,010-3283-2332,독서
2452,서도윤,50,남양주 덕진구123-45,010-4230-1188,카페 투어
2453,최서준,43,청주 팔달구123-45,010-6075-8500,운동
2454,윤도윤,71,세종 진해구123-45,010-7584-5860,요리
2455,조소율,43,고양 흥덕구123-45,010-6226-7322,자전거 타기
2456,최은우,47,용인 성동구123-45,010-4577-7855,웹서핑
2457,임지안,39,부산 남구123-45,010-9983-5833,자전거 타기
2458,강현우,61,안양 팔달구123-45,010-4165-3535,일기 쓰기
2459,정현우,68,울산 중구123-45,010-6214-6209,독서
2460,김예린,23,김해 동구123-45,010-7474-4453,사진촬영
2461,강서준,58,김해 신제주123-45,010-9269-5939,사진촬영
2462,이서준,68,대전 수성구123-45,010-4509-1522,영화감상
2463,김서준,20,평택 일산동구123-45,010-3079-5848,유튜브 보기
2464,임서연,65,수원 성동구123-45,010-6171-6502,뜨개질
2465,장현우,41,용인 분당구123-45,010-2715-1961,유튜브 보기
2466,강도윤,22,용인 중구123-45,010-3128-3939,드로잉
2467,최서준,76,청주 달서구123-45,010-6789-7600,운동
2468,강소율,24,세종 진해구123-45,010-5442-3490,웹서핑
2469,강태윤,69,제주 기흥구123-45,010-5707-3477,운동
2470,신은우,73,남양주 분당구123-45,010-5366-6179,등산
2471,한민수,40,대전 팔달구123-45,010-5377-4793,뜨개질
2472,조서연,21,화성 진해구123-45,010-2201-9640,여행
2473,정하윤,35,화성 남구123-45,010-5924-5565,자전거 타기
2474,정예린,62,청주 서구123-45,010-2936-7834,등산
2475,오예린,44,안양 덕양구123-45,010-9937-6491,수영
2476,한예은,76,화성 달서구123-45,010-9959-3449,웹서핑
2477,한하은,70,세종 서구123-45,010-4413-1043,운동
2478,조지후,61,화성 수성구123-45,010-4844-8768,독서
2479,정은우,51,부산 송파구123-45,010-5702-4029,뜨개질
2480,박소율,41,화성 팔달구123-45,010-8756-2917,독서
2481,김예린,57,대구 성북구123-45,010-7288-4229,게임
2482,강지원,77,남양주 신제주123-45,010-6467-9812,영화감상
2483,조지민,71,청주 서북구123-45,010-4200-7713,등산
2484,오서준,35,화성 북구123-45,010-6767-6476,독서
2485,정태윤,79,창원 유성구123-45,010-1260-5947,자전거 타기
2486,강하윤,28,고양 서북구123-45,010-2478-3071,게임
2487,장지후,30,울산 달서구123-45,010-6560-1117,독서
2488,서은우,64,세종 남구123-45,010-2466-3830,카페 투어
2489,정지원,69,포항 덕진구123-45,010-7641-6991,독서
2490,신건우,20,수원 수성구123-45,010-3451-8617,요리
2491,윤예은,29,화성 달서구123-45,010-3508-8018,카페 투어
2492,정현우,46,세종 남구123-45,010-7692-8722,독서
2493,박예린,31,평택 서구123-45,010-7807-2655,운동
2494,임예린,62,청주 송파구123-45,010-4492-5026,카페 투어
2495,정소율,52,안양 신제주123-45,010-3070-7464,드로잉
2496,윤예은,26,수원 기흥구123-45,010-3350-9562,보드게임
2497,신도윤,57,화성 성북구123-45,010-6198-3973,등산
2498,박소율,78,남양주 신제주123-45,010-5071-4610,보드게임
2499,박건우,34,고양 송파구123-45,010-5405-3239,카페 투어
2500,윤소율,68,성남 흥덕구123-45,010-1710-6564,보드게임
2501,신태윤,62,대전 수성구123-45,010-5158-1711,영화감상
2502,장지후,40,부산 일산동구123-45,010-7190-5185,운동
2503,윤도윤,69,광주 성북구123-45,010-9968-5862,자전거 타기
2504,강소율,39,청주 기흥구123-45,010-2109-1609,자전거 타기
2505,오예은,59,전주 강남구123-45,010-3791-1678,뜨개질
2506,윤지원,23,평택 남구123-45,010-7520-2302,등산
2507,한은우,71,천안 성북구123-45,010-5817-5590,웹서핑
2508,한예린,29,전주 일산동구123-45,010-8947-1921,운동
2509,한서연,57,부산 분당구123-45,010-2338-2345,드로잉
2510,오하윤,57,세종 송파구123-45,010-5260-1482,등산
2511,강하은,53,안양 기흥구123-45,010-1839-1952,뜨개질
2512,강건우,48,수원 북구123-45,010-3992-7387,자전거 타기
2513,강서연,38,세종 수성구123-45,010-2869-8226,게임
2514,윤태윤,68,부산 달서구123-45,010-3980-5285,사진촬영
2515,오하은,23,대구 신제주123-45,010-2290-4441,유튜브 보기
2516,박민수,61,인천 진해구123-45,010-6845-9168,영화감상
2517,오은우,66,제주 송파구123-45,010-3521-9335,보드게임
2518,조예린,41,제주 동구123-45,010-9775-2471,자전거 타기
2519,윤지원,25,울산 수성구123-45,010-1721-8060,여행
2520,윤서연,52,울산 달서구123-45,010-2936-8393,음악감상
2521,최태윤,47,부산 해운대구123-45,010-4263-8889,유튜브 보기
2522,임시우,20,고양 분당구123-45,010-5413-3303,뜨개질
2523,조소율,46,김해 일산동구123-45,010-5518-3008,카페 투어
2524,윤예은,77,고양 서구123-45,010-9763-3228,카페 투어
2525,강태윤,59,울산 중구123-45,010-6197-1376,여행
2526,신시우,36,서울 덕양구123-45,010-6422-3551,요리
2527,서소율,51,성남 송파구123-45,010-5433-6060,독서
2528,조지후,39,남양주 유성구123-45,010-4188-5041,드로잉
2529,윤은우,48,남양주 일산동구123-45,010-7189-2788,드로잉
2530,임건우,31,성남 동구123-45,010-2466-5717,운동
2531,박하은,77,김해 장유동123-45,010-7280-2889,카페 투어
2532,임예린,44,부산 신제주123-45,010-6677-1706,일기 쓰기
2533,장도윤,20,전주 팔달구123-45,010-3006-6317,보드게임
2534,신수빈,23,김해 동구123-45,010-6273-6810,자전거 타기
2535,한은우,49,전주 강서구123-45,010-6476-5743,요리
2536,한하은,26,대전 흥덕구123-45,010-7453-2598,카페 투어
2537,오하윤,79,성남 중구123-45,010-3479-2194,요리
2538,임하은,45,천안 남구123-45,010-8636-8038,드로잉
2539,강지원,46,성남 성동구123-45,010-9269-4070,요리
2540,서수빈,54,성남 수성구123-45,010-9411-9060,수영
2541,서지후,27,수원 기흥구123-45,010-5506-6084,여행
2542,윤태윤,37,대전 강서구123-45,010-7249-7648,게임
2543,장지후,43,청주 흥덕구123-45,010-8971-3054,보드게임
2544,김민수,60,세종 강서구123-45,010-5745-4709,독서
2545,조지안,67,창원 중구123-45,010-4582-9459,보드게임
2546,신태윤,79,김해 서북구123-45,010-5569-4858,자전거 타기
2547,김민수,71,남양주 덕진구123-45,010-3263-2382,게임
2548,한지원,75,광주 남구123-45,010-3710-4361,영화감상
2549,박현우,30,인천 서북구123-45,010-7035-7991,유튜브 보기
2550,한현우,22,부산 분당구123-45,010-2421-2386,게임
2551,강하은,35,인천 덕진구123-45,010-9655-8479,드로잉
2552,신지원,73,고양 신제주123-45,010-2698-1871,보드게임
2553,최도윤,33,포항 강서구123-45,010-5561-9856,카페 투어
2554,박수빈,31,화성 강서구123-45,010-9995-3921,운동
2555,강도윤,75,창원 덕진구123-45,010-8957-1041,사진촬영
2556,이하은,20,제주 기흥구123-45,010-7165-6833,카페 투어
2557,장민수,24,제주 신제주123-45,010-1152-8733,일기 쓰기
2558,임서연,59,포항 신제주123-45,010-7013-1191,보드게임
2559,최수빈,59,광주 동구123-45,010-6879-5732,유튜브 보기
2560,한지민,77,천안 수성구123-45,010-5399-6037,일기 쓰기
2561,최수빈,23,서울 팔달구123-45,010-8168-8271,뜨개질
2562,이지후,23,청주 수성구123-45,010-3561-2356,영화감상
2563,임예은,47,대전 서북구123-45,010-5895-4184,수영
2564,정도윤,20,광주 동구123-45,010-8752-4548,요리
2565,임현우,77,청주 서구123-45,010-7497-6622,드로잉
2566,정지민,22,화성 서북구123-45,010-5793-3615,자전거 타기
2567,이수빈,66,대전 달서구123-45,010-6379-5300,웹서핑
2568,조예린,64,인천 달서구123-45,010-2712-5166,여행
2569,강서준,67,성남 신제주123-45,010-1699-5442,카페 투어
2570,한수빈,75,청주 팔달구123-45,010-2996-2138,드로잉
2571,박지원,37,안산 성동구123-45,010-8005-3490,일기 쓰기
2572,조수빈,63,성남 송파구123-45,010-8064-1963,여행
2573,신예린,74,성남 기흥구123-45,010-2326-4123,수영
2574,조예은,77,전주 흥덕구123-45,010-4985-7595,웹서핑
2575,김민수,29,수원 강서구123-45,010-9044-3128,보드게임
2576,장유진,31,부산 팔달구123-45,010-4958-5443,영화감상
2577,윤지민,24,대전 서북구123-45,010-3371-3025,일기 쓰기
2578,장서연,21,안양 북구123-45,010-4714-9395,등산
2579,오태윤,51,용인 덕진구123-45,010-3832-3095,보드게임
2580,조시우,49,고양 해운대구123-45,010-3075-1917,유튜브 보기
2581,강지후,29,평택 남구123-45,010-2048-2779,보드게임
2582,최유진,31,제주 일산동구123-45,010-6662-3682,드로잉
2583,오유진,78,안양 해운대구123-45,010-5841-3238,드로잉
2584,강지안,37,고양 중구123-45,010-1000-3130,여행
2585,장서연,51,김해 북구123-45,010-5015-1754,드로잉
2586,김민수,55,울산 진해구123-45,010-1677-2335,요리
2587,한은우,65,광주 기흥구123-45,010-4071-9447,일기 쓰기
2588,조시우,63,부산 서북구123-45,010-2379-8866,사진촬영
2589,서지후,60,인천 흥덕구123-45,010-9918-8286,등산
2590,임하은,33,평택 서북구123-45,010-2975-5276,일기 쓰기
2591,조소율,67,고양 서구123-45,010-4122-4808,유튜브 보기
2592,박서준,78,성남 달서구123-45,010-6926-5109,뜨개질
2593,김태윤,58,제주 흥덕구123-45,010-9079-9751,독서
2594,서하윤,72,대구 덕양구123-45,010-8300-7623,요리
2595,오서연,73,대전 기흥구123-45,010-3730-2914,독서
2596,이현우,79,인천 수성구123-45,010-3951-1882,드로잉
2597,신지안,63,대전 진해구123-45,010-6344-6724,유튜브 보기
2598,이수빈,69,전주 동구123-45,010-1764-5465,여행
2599,강현우,67,창원 강서구123-45,010-3159-2861,영화감상
2600,한하은,43,청주 일산동구123-45,010-8368-1179,영화감상
2601,이태윤,31,울산 송파구123-45,010-4163-9055,운동
2602,정지후,76,울산 동구123-45,010-5312-6698,여행
2603,이하윤,61,부산 진해구123-45,010-1273-4713,독서
2604,오유진,56,화성 중구123-45,010-7384-5958,음악감상
2605,신유진,24,부산 남구123-45,010-3583-3790,여행
2606,이현우,73,용인 해운대구123-45,010-3486-5417,웹서핑
2607,김예린,34,수원 성동구123-45,010-4537-8806,일기 쓰기
2608,강도윤,38,제주 북구123-45,010-4111-1452,요리
2609,조서준,61,화성 달서구123-45,010-1716-2018,자전거 타기
2610,장서연,24,안양 장유동123-45,010-1359-2456,일기 쓰기
2611,신지원,32,남양주 강남구123-45,010-6477-7443,여행
2612,강서준,35,성남 북구123-45,010-1653-3397,사진촬영
2613,오소율,29,전주 유성구123-45,010-3274-1027,게임
2614,정지원,24,김해 기흥구123-45,010-7676-4685,독서
2615,서은우,65,고양 분당구123-45,010-4990-5433,여행
2616,오민수,65,안양 서북구123-45,010-3554-4729,일기 쓰기
2617,임시우,57,수원 신제주123-45,010-5801-4144,카페 투어
2618,오건우,55,안산 서북구123-45,010-9939-2641,요리
2619,신하은,30,인천 남구123-45,010-3037-5320,카페 투어
2620,강지안,42,포항 일산동구123-45,010-1118-4423,사진촬영
2621,박서연,73,안양 서북구123-45,010-5441-9899,뜨개질
2622,한지안,79,부산 중구123-45,010-5790-7668,웹서핑
2623,오수빈,47,인천 북구123-45,010-5408-4152,자전거 타기
2624,장하은,68,평택 성북구123-45,010-2249-5657,음악감상
2625,김지후,57,평택 중구123-45,010-3402-8090,수영
2626,정예은,65,안산 덕진구123-45,010-1163-1846,수영
2627,김서준,43,대구 덕양구123-45,010-6497-5713,유튜브 보기
2628,강수빈,43,전주 일산동구123-45,010-1219-6109,게임
2629,정하윤,52,인천 달서구123-45,010-8492-1718,자전거 타기
2630,김하윤,52,성남 강서구123-45,010-3132-7454,드로잉
2631,최도윤,60,포항 강서구123-45,010-5759-2522,뜨개질
2632,임건우,45,부산 동구123-45,010-6364-6964,영화감상
2633,최수빈,47,전주 수성구123-45,010-4351-5591,카페 투어
2634,윤태윤,50,천안 장유동123-45,010-9064-7814,영화감상
2635,최하은,72,대구 흥덕구123-45,010-7017-2837,유튜브 보기
2636,조소율,56,남양주 수성구123-45,010-4084-3909,뜨개질
2637,이하은,75,용인 성북구123-45,010-6683-9181,사진촬영
2638,이도윤,33,청주 송파구123-45,010-5926-5212,보드게임
2639,강현우,76,안양 강남구123-45,010-1161-9416,수영
2640,윤지안,38,평택 북구123-45,010-8915-2602,일기 쓰기
2641,박시우,58,인천 남구123-45,010-5329-4767,수영
2642,신하은,43,창원 해운대구123-45,010-3752-8673,요리
2643,정은우,36,용인 분당구123-45,010-7910-1524,유튜브 보기
2644,장하윤,73,포항 일산동구123-45,010-1922-6433,게임
2645,서태윤,44,남양주 해운대구123-45,010-7423-3598,웹서핑
2646,임소율,26,서울 장유동123-45,010-4709-9492,독서
2647,조서연,48,평택 송파구123-45,010-6352-4392,독서
2648,강하은,70,광주 덕진구123-45,010-7071-4299,수영
2649,오예은,59,대구 강서구123-45,010-3934-5659,요리
2650,김예린,46,광주 달서구123-45,010-4493-3167,등산
2651,윤태윤,55,울산 서구123-45,010-5103-1758,드로잉
2652,서지후,40,고양 서북구123-45,010-9092-6600,음악감상
2653,임민수,77,서울 남구123-45,010-8199-8668,일기 쓰기
2654,한지민,49,청주 분당구123-45,010-3168-3464,카페 투어
2655,오서준,58,김해 팔달구123-45,010-1683-7860,자전거 타기
2656,정태윤,61,세종 송파구123-45,010-2847-3472,독서
2657,김지민,36,고양 달서구123-45,010-2617-4849,일기 쓰기
2658,장하은,77,김해 일산동구123-45,010-2630-3889,여행
2659,임시우,50,성남 강서구123-45,010-1908-1907,사진촬영
2660,김시우,55,천안 성동구123-45,010-8802-4019,요리
2661,이하은,62,광주 분당구123-45,010-4187-4700,게임
2662,조지안,40,성남 성동구123-45,010-3375-4680,독서
2663,장은우,76,김해 흥덕구123-45,010-7658-2611,게임
2664,김소율,71,인천 유성구123-45,010-4948-5384,보드게임
2665,서도윤,71,성남 장유동123-45,010-7975-8147,웹서핑
2666,오서준,28,창원 성동구123-45,010-1964-9582,음악감상
2667,박지민,79,포항 진해구123-45,010-9718-5188,카페 투어
2668,오수빈,21,고양 북구123-45,010-9644-8913,유튜브 보기
2669,최건우,61,대구 해운대구123-45,010-7644-6391,운동
2670,임예은,42,고양 강서구123-45,010-5787-2074,요리
2671,장시우,50,용인 성동구123-45,010-1398-9054,수영
2672,윤시우,53,서울 흥덕구123-45,010-3852-4684,요리
2673,장서연,39,안양 유성구123-45,010-7689-3136,영화감상
2674,조현우,33,포항 성북구123-45,010-8605-8374,등산
2675,박예린,72,화성 강서구123-45,010-1611-1664,웹서핑
2676,오태윤,35,세종 달서구123-45,010-6363-3585,자전거 타기
2677,신지민,24,김해 해운대구123-45,010-2208-8822,사진촬영
2678,박지후,35,평택 분당구123-45,010-6707-4200,게임
2679,박지안,58,전주 강서구123-45,010-4102-4212,자전거 타기
2680,윤수빈,50,세종 덕양구123-45,010-8265-3402,보드게임
2681,한은우,21,서울 수성구123-45,010-8360-7857,카페 투어
2682,강은우,46,창원 덕진구123-45,010-3283-2241,게임
2683,임소율,20,천안 북구123-45,010-3749-2856,여행
2684,서도윤,59,포항 남구123-45,010-1782-1494,자전거 타기
2685,조예은,22,부산 중구123-45,010-5905-2920,게임
2686,강시우,71,인천 분당구123-45,010-6591-3225,여행
2687,임수빈,74,안산 달서구123-45,010-4426-2028,카페 투어
2688,장지원,66,세종 수성구123-45,010-5434-8420,여행
2689,이민수,55,안양 신제주123-45,010-3435-6661,일기 쓰기
2690,최은우,74,안산 강남구123-45,010-9413-3080,운동
2691,조지안,40,울산 흥덕구123-45,010-4675-4594,음악감상
2692,조서연,63,제주 덕양구123-45,010-2877-2245,웹서핑
2693,장수빈,47,대구 성동구123-45,010-8143-4998,등산
2694,장지안,55,울산 서북구123-45,010-4975-4469,사진촬영
2695,김서준,57,수원 신제주123-45,010-2338-3993,요리
2696,장하윤,34,서울 강남구123-45,010-4063-3769,등산
2697,이현우,59,성남 일산동구123-45,010-8515-2820,보드게임
2698,서지후,77,화성 중구123-45,010-4492-1329,보드게임
2699,김지민,47,김해 흥덕구123-45,010-6086-6864,드로잉
2700,서유진,78,김해 팔달구123-45,010-6009-1296,카페 투어
2701,이지원,60,천안 성동구123-45,010-6408-8518,자전거 타기
2702,이지안,46,대구 동구123-45,010-2315-3333,운동
2703,한현우,76,세종 강서구123-45,010-5191-2816,운동
2704,최태윤,24,용인 달서구123-45,010-3633-2097,보드게임
2705,박하윤,72,고양 팔달구123-45,010-2278-1222,게임
2706,한민수,72,용인 일산동구123-45,010-6862-5655,자전거 타기
2707,조서준,44,안양 팔달구123-45,010-5524-5497,웹서핑
2708,정은우,73,안양 덕양구123-45,010-9152-7950,운동
2709,정지원,51,창원 유성구123-45,010-4878-2794,영화감상
2710,장현우,24,창원 수성구123-45,010-3916-1903,일기 쓰기
2711,박서준,45,포항 기흥구123-45,010-3255-5755,요리
2712,이지민,22,울산 신제주123-45,010-3847-2901,수영
2713,최지후,71,대구 흥덕구123-45,010-3558-2603,등산
2714,최소율,62,고양 장유동123-45,010-2325-6495,게임
2715,장하윤,78,김해 유성구123-45,010-2151-3709,유튜브 보기
2716,정수빈,62,고양 기흥구123-45,010-6132-2199,게임
2717,윤도윤,42,대전 북구123-45,010-1040-5753,사진촬영
2718,박예은,33,제주 송파구123-45,010-7001-4581,웹서핑
2719,최수빈,42,서울 달서구123-45,010-1348-6216,게임
2720,조지후,40,인천 덕양구123-45,010-3489-3364,뜨개질
2721,최도윤,78,인천 성북구123-45,010-8338-2852,자전거 타기
2722,조현우,63,수원 중구123-45,010-9224-3515,영화감상
2723,장서준,22,세종 해운대구123-45,010-5047-5637,영화감상
2724,박지안,31,울산 송파구123-45,010-9693-8115,여행
2725,윤서준,25,광주 신제주123-45,010-2302-3476,요리
2726,정태윤,54,울산 분당구123-45,010-2106-1919,수영
2727,이현우,78,용인 덕양구123-45,010-7742-1762,웹서핑
2728,이예린,60,평택 성북구123-45,010-6191-6214,독서
2729,이은우,27,울산 일산동구123-45,010-5915-8472,뜨개질
2730,박건우,35,고양 중구123-45,010-7592-1921,보드게임
2731,서지후,42,화성 서북구123-45,010-7602-2959,독서
2732,김소율,63,남양주 동구123-45,010-1425-3155,여행
2733,윤은우,78,용인 신제주123-45,010-5456-1657,자전거 타기
2734,최지원,70,서울 흥덕구123-45,010-7688-6619,영화감상
2735,조예린,65,세종 해운대구123-45,010-2787-3798,유튜브 보기
2736,윤민수,28,고양 덕진구123-45,010-1738-8635,등산
2737,이지안,61,평택 북구123-45,010-1271-6351,보드게임
2738,정하윤,46,안산 흥덕구123-45,010-6771-7844,등산
2739,한지민,21,전주 덕양구123-45,010-4130-8813,카페 투어
2740,신지민,66,천안 분당구123-45,010-9538-2390,자전거 타기
2741,조시우,75,광주 수성구123-45,010-9607-1842,보드게임
2742,최예은,61,대구 달서구123-45,010-2050-6699,자전거 타기
2743,윤예은,24,안양 송파구123-45,010-6989-1582,웹서핑
2744,한시우,71,성남 흥덕구123-45,010-2065-6892,카페 투어
2745,오예린,45,창원 신제주123-45,010-4240-6226,수영
2746,신지안,49,전주 일산동구123-45,010-4795-5257,일기 쓰기
2747,서도윤,55,창원 서구123-45,010-5325-2647,사진촬영
2748,오태윤,65,제주 덕진구123-45,010-3391-3812,뜨개질
2749,오지안,27,화성 북구123-45,010-2546-3262,드로잉
2750,한도윤,79,전주 달서구123-45,010-3648-5862,카페 투어
2751,오소율,30,성남 성동구123-45,010-3931-9057,여행
2752,조예은,57,청주 분당구123-45,010-5956-7863,뜨개질
2753,신지민,61,전주 동구123-45,010-8269-9751,카페 투어
2754,강태윤,59,평택 유성구123-45,010-4543-9290,드로잉
2755,장건우,20,인천 장유동123-45,010-6198-6595,보드게임
2756,박소율,35,고양 진해구123-45,010-7960-7725,일기 쓰기
2757,정지민,70,부산 중구123-45,010-9681-7461,음악감상
2758,윤도윤,45,인천 신제주123-45,010-8786-6892,일기 쓰기
2759,정태윤,43,성남 팔달구123-45,010-5117-3247,자전거 타기
2760,강하윤,39,세종 덕진구123-45,010-8043-4582,뜨개질
2761,박지안,43,전주 팔달구123-45,010-8423-8664,카페 투어
2762,오민수,29,창원 팔달구123-45,010-4744-9685,유튜브 보기
2763,윤예은,29,세종 강서구123-45,010-5210-3339,일기 쓰기
2764,장소율,60,대전 동구123-45,010-4837-9586,등산
2765,정지민,73,울산 덕양구123-45,010-1501-2136,유튜브 보기
2766,조예은,54,고양 서구123-45,010-3153-7726,등산
2767,윤현우,27,안산 분당구123-45,010-8900-1328,독서
2768,최예린,35,안산 중구123-45,010-3879-3929,웹서핑
2769,임서준,74,포항 신제주123-45,010-9684-4620,여행
2770,신하은,33,울산 달서구123-45,010-5044-1036,음악감상
2771,김현우,69,대전 해운대구123-45,010-8907-9246,여행
2772,신현우,48,평택 신제주123-45,010-9999-9002,카페 투어
2773,조하윤,50,안산 수성구123-45,010-3413-3598,뜨개질
2774,김서연,42,수원 달서구123-45,010-6819-7914,요리
2775,장건우,71,남양주 서북구123-45,010-8783-1557,영화감상
2776,오예린,23,부산 수성구123-45,010-2862-4702,여행
2777,김유진,79,대구 신제주123-45,010-3886-1588,등산
2778,한서연,25,울산 서북구123-45,010-9941-2623,음악감상
2779,이유진,20,안산 유성구123-45,010-7448-9532,영화감상
2780,조유진,24,고양 팔달구123-45,010-8269-4661,유튜브 보기
2781,최지민,67,대구 기흥구123-45,010-9673-5311,유튜브 보기
2782,강하윤,37,고양 진해구123-45,010-5474-5394,여행
2783,최수빈,61,서울 동구123-45,010-3118-8877,독서
2784,조소율,74,서울 수성구123-45,010-6314-4783,게임
2785,김현우,20,대전 덕진구123-45,010-5708-1223,자전거 타기
2786,박소율,20,창원 신제주123-45,010-4314-3268,게임
2787,최유진,43,안산 유성구123-45,010-4145-2566,카페 투어
2788,최시우,23,수원 신제주123-45,010-9159-8404,사진촬영
2789,장은우,72,안산 중구123-45,010-6457-3051,드로잉
2790,강태윤,44,용인 유성구123-45,010-1190-2949,자전거 타기
2791,조예은,20,대전 분당구123-45,010-3409-9312,웹서핑
2792,조도윤,61,서울 유성구123-45,010-3099-9435,웹서핑
2793,임예린,71,대구 수성구123-45,010-3750-1029,운동
2794,오서준,22,성남 서북구123-45,010-7428-1717,독서
2795,신지원,68,안양 팔달구123-45,010-7158-9563,운동
2796,최수빈,69,고양 남구123-45,010-9726-3453,요리
2797,정지민,67,광주 강남구123-45,010-9253-1819,운동
2798,최하윤,22,울산 기흥구123-45,010-3421-4284,등산
2799,최예린,37,평택 장유동123-45,010-2241-5270,등산
2800,한태윤,39,대구 동구123-45,010-6767-4306,일기 쓰기
2801,최시우,75,서울 팔달구123-45,010-9461-9126,음악감상
2802,오민수,56,전주 기흥구123-45,010-7393-9865,웹서핑
2803,이지안,41,세종 일산동구123-45,010-7568-5123,일기 쓰기
2804,한시우,78,안산 신제주123-45,010-1480-8114,등산
2805,한예린,54,세종 장유동123-45,010-7470-6390,뜨개질
2806,최소율,35,평택 수성구123-45,010-5937-6414,운동
2807,최현우,73,성남 성동구123-45,010-2116-6544,등산
2808,박지후,76,천안 강남구123-45,010-5488-9429,일기 쓰기
2809,오서준,69,서울 강서구123-45,010-2440-5018,보드게임
2810,강예은,72,안산 강서구123-45,010-5475-5921,자전거 타기
2811,최지안,57,용인 달서구123-45,010-7766-4694,유튜브 보기
2812,오도윤,67,전주 수성구123-45,010-8479-5610,음악감상
2813,윤서연,52,용인 덕양구123-45,010-1131-4460,여행
2814,박현우,52,수원 덕양구123-45,010-2729-4043,요리
2815,최유진,25,성남 팔달구123-45,010-7156-9773,요리
2816,최현우,40,고양 성동구123-45,010-1277-1451,요리
2817,한태윤,31,수원 진해구123-45,010-6367-2594,카페 투어
2818,신도윤,21,고양 북구123-45,010-7785-5011,독서
2819,정예린,45,세종 수성구123-45,010-2064-3412,등산
2820,정지후,71,안산 덕양구123-45,010-4234-2014,영화감상
2821,신시우,53,수원 서북구123-45,010-4108-9109,운동
2822,신시우,67,제주 일산동구123-45,010-2333-5723,사진촬영
2823,박유진,32,인천 북구123-45,010-5097-9285,여행
2824,한유진,59,화성 진해구123-45,010-6071-3636,사진촬영
2825,조하윤,59,성남 달서구123-45,010-6610-5125,카페 투어
2826,정지후,32,김해 강서구123-45,010-3356-5881,독서
2827,정서연,72,전주 송파구123-45,010-1158-4494,자전거 타기
2828,신수빈,62,부산 서구123-45,010-9570-4316,등산
2829,서하은,70,제주 달서구123-45,010-4194-8034,자전거 타기
2830,오지원,58,세종 신제주123-45,010-5206-3622,수영
2831,임민수,51,화성 팔달구123-45,010-3289-4952,요리
2832,장소율,70,안양 남구123-45,010-7116-4864,유튜브 보기
2833,박서연,64,대전 덕진구123-45,010-3082-5963,일기 쓰기
2834,조현우,62,대구 강서구123-45,010-1530-3122,사진촬영
2835,임태윤,57,대전 중구123-45,010-5825-3771,일기 쓰기
2836,이지민,60,수원 남구123-45,010-4461-3822,유튜브 보기
2837,이서준,41,전주 북구123-45,010-3027-2777,수영
2838,장지원,64,창원 서북구123-45,010-1882-6293,드로잉
2839,정수빈,56,평택 기흥구123-45,010-7470-3335,카페 투어
2840,한태윤,64,안양 강서구123-45,010-4118-3936,음악감상
2841,이유진,31,평택 팔달구123-45,010-2382-2613,요리
2842,조소율,72,안양 흥덕구123-45,010-6109-1247,보드게임
2843,윤은우,55,화성 분당구123-45,010-2992-6995,등산
2844,한소율,38,서울 송파구123-45,010-6501-4988,음악감상
2845,서현우,48,세종 송파구123-45,010-3865-1572,영화감상
2846,장소율,78,안산 달서구123-45,010-4355-5903,보드게임
2847,임지민,57,서울 분당구123-45,010-3759-6841,드로잉
2848,최지안,45,남양주 성동구123-45,010-2324-7730,수영
2849,서예은,42,포항 강남구123-45,010-9494-5729,일기 쓰기
2850,신소율,69,제주 팔달구123-45,010-2668-6382,유튜브 보기
2851,김지안,51,서울 남구123-45,010-4971-4231,드로잉
2852,강건우,23,대구 서구123-45,010-4666-1652,음악감상
2853,김예린,23,대구 강서구123-45,010-5116-5963,일기 쓰기
2854,한은우,70,세종 송파구123-45,010-6393-4540,유튜브 보기
2855,신지안,21,화성 성북구123-45,010-6892-1494,운동
2856,강하윤,74,제주 해운대구123-45,010-4670-3512,요리
2857,박수빈,23,화성 덕양구123-45,010-4714-3817,운동
2858,최서연,65,안산 성북구123-45,010-7240-5737,독서
2859,김하은,47,용인 서북구123-45,010-1923-1230,카페 투어
2860,조하윤,39,남양주 팔달구123-45,010-4314-4040,수영
2861,한건우,36,대전 북구123-45,010-1034-6876,음악감상
2862,오은우,42,광주 성동구123-45,010-5218-9837,웹서핑
2863,최시우,24,전주 유성구123-45,010-2990-1238,보드게임
2864,서예은,77,인천 신제주123-45,010-4173-9698,영화감상
2865,박하은,73,화성 송파구123-45,010-5259-8228,음악감상
2866,김지민,77,김해 신제주123-45,010-4703-5439,일기 쓰기
2867,한도윤,22,포항 중구123-45,010-6158-2824,요리
2868,최지안,62,고양 팔달구123-45,010-6655-3455,여행
2869,강태윤,29,평택 덕진구123-45,010-4797-5161,보드게임
2870,신현우,77,용인 송파구123-45,010-6136-5881,음악감상
2871,신예린,35,제주 팔달구123-45,010-1020-7562,웹서핑
2872,이서연,64,포항 성동구123-45,010-7000-4550,여행
2873,강수빈,33,창원 덕진구123-45,010-2960-4235,자전거 타기
2874,조지안,48,서울 송파구123-45,010-8555-4233,등산
2875,박서준,28,대전 남구123-45,010-7838-8997,자전거 타기
2876,한태윤,57,전주 성동구123-45,010-2280-6889,유튜브 보기
2877,한유진,21,창원 중구123-45,010-8124-9745,요리
2878,박유진,56,성남 남구123-45,010-3834-6072,게임
2879,조예은,61,고양 송파구123-45,010-1870-4177,웹서핑
2880,서건우,31,남양주 진해구123-45,010-2935-3950,드로잉
2881,조하은,69,대구 덕진구123-45,010-9265-5725,여행
2882,박지원,70,김해 성북구123-45,010-3675-5709,일기 쓰기
2883,조소율,69,청주 신제주123-45,010-1274-3349,드로잉
2884,최민수,58,남양주 해운대구123-45,010-3933-5646,운동
2885,임은우,56,제주 기흥구123-45,010-6191-9941,보드게임
2886,최시우,69,안산 동구123-45,010-3616-6730,웹서핑
2887,장지원,70,대전 팔달구123-45,010-2276-1571,요리
2888,임은우,36,천안 팔달구123-45,010-1378-9929,사진촬영
2889,최지원,39,화성 덕진구123-45,010-3774-4433,영화감상
2890,조수빈,79,성남 일산동구123-45,010-3560-2149,드로잉
2891,오현우,62,청주 남구123-45,010-6163-7097,독서
2892,서현우,23,천안 동구123-45,010-5438-6719,보드게임
2893,정예린,43,창원 분당구123-45,010-2254-2443,일기 쓰기
2894,윤지안,50,남양주 장유동123-45,010-2707-9023,웹서핑
2895,임하은,34,성남 유성구123-45,010-3822-4688,보드게임
2896,한도윤,77,남양주 송파구123-45,010-6882-4903,등산
2897,장민수,42,안산 일산동구123-45,010-3704-5250,음악감상
2898,서유진,40,남양주 일산동구123-45,010-2088-6144,웹서핑
2899,서예은,62,전주 팔달구123-45,010-8511-9608,운동
2900,장서연,48,울산 장유동123-45,010-1540-4643,여행
2901,윤유진,32,김해 장유동123-45,010-3722-6101,사진촬영
2902,박예은,39,부산 진해구123-45,010-9641-3504,음악감상
2903,박태윤,70,수원 중구123-45,010-5781-5321,등산
2904,박하은,33,포항 성북구123-45,010-1845-9601,일기 쓰기
2905,오하은,39,성남 팔달구123-45,010-7350-2445,사진촬영
2906,한하은,75,부산 팔달구123-45,010-6293-1671,웹서핑
2907,한지원,61,서울 성북구123-45,010-6784-8331,드로잉
2908,강서준,35,수원 신제주123-45,010-4062-6410,사진촬영
2909,강건우,37,남양주 동구123-45,010-1618-9306,요리
2910,박시우,78,대전 덕진구123-45,010-1108-2876,사진촬영
2911,임시우,44,제주 유성구123-45,010-6504-9109,등산
2912,박도윤,20,평택 흥덕구123-45,010-3054-3206,음악감상
2913,조도윤,76,김해 수성구123-45,010-4928-4140,수영
2914,한수빈,30,울산 기흥구123-45,010-7518-3856,웹서핑
2915,윤건우,48,청주 팔달구123-45,010-1757-4864,일기 쓰기
2916,정서준,22,안양 강남구123-45,010-1980-5860,뜨개질
2917,한태윤,58,부산 강서구123-45,010-4046-3906,사진촬영
2918,한유진,21,용인 송파구123-45,010-8716-4155,여행
2919,조예은,23,수원 송파구123-45,010-5960-7844,수영
2920,한하은,38,전주 팔달구123-45,010-1906-8982,독서
2921,이유진,71,대구 북구123-45,010-3038-2070,뜨개질
2922,김지후,29,남양주 중구123-45,010-7028-8213,운동
2923,이수빈,21,대구 진해구123-45,010-7359-4961,여행
2924,서민수,24,김해 분당구123-45,010-6423-1682,유튜브 보기
2925,한지후,45,전주 송파구123-45,010-4567-4598,등산
2926,최도윤,47,안산 덕양구123-45,010-6615-5278,일기 쓰기
2927,조예린,20,평택 팔달구123-45,010-5035-3934,음악감상
2928,장소율,24,청주 강남구123-45,010-2954-6809,영화감상
2929,오서준,55,청주 덕진구123-45,010-4129-3659,유튜브 보기
2930,조유진,34,대전 달서구123-45,010-7701-3565,자전거 타기
2931,이은우,22,서울 흥덕구123-45,010-3132-4453,등산
2932,윤시우,26,포항 송파구123-45,010-3829-5715,드로잉
2933,장지원,60,남양주 장유동123-45,010-4820-3925,일기 쓰기
2934,윤건우,76,인천 서구123-45,010-5879-5795,영화감상
2935,이하윤,20,남양주 흥덕구123-45,010-3699-3940,영화감상
2936,오지안,37,평택 남구123-45,010-3367-7720,드로잉
2937,이하은,57,수원 강남구123-45,010-9031-7107,음악감상
2938,정태윤,51,울산 남구123-45,010-5035-3425,웹서핑
2939,최예린,42,창원 달서구123-45,010-5542-6556,뜨개질
2940,한도윤,42,전주 기흥구123-45,010-2792-4415,사진촬영
2941,정하은,54,대전 서구123-45,010-2293-1119,게임
2942,정건우,24,대전 장유동123-45,010-1195-9412,일기 쓰기
2943,서지후,76,고양 분당구123-45,010-6071-7733,게임
2944,장시우,21,평택 진해구123-45,010-5160-6361,요리
2945,최예린,71,천안 서구123-45,010-2195-1839,카페 투어
2946,임서연,35,창원 덕진구123-45,010-7677-4919,게임
2947,강민수,78,김해 덕진구123-45,010-3829-9639,자전거 타기
2948,이은우,42,제주 신제주123-45,010-7055-3855,음악감상
2949,조태윤,27,화성 달서구123-45,010-1162-9956,사진촬영
2950,윤수빈,60,창원 유성구123-45,010-3635-4145,일기 쓰기
2951,장지민,51,세종 신제주123-45,010-5655-9641,유튜브 보기
2952,신도윤,29,용인 덕진구123-45,010-8734-2231,독서
2953,정도윤,59,평택 장유동123-45,010-8218-6590,음악감상
2954,김태윤,58,인천 강남구123-45,010-5356-4257,카페 투어
2955,이서준,53,안산 수성구123-45,010-2223-2148,보드게임
2956,장하은,65,김해 강서구123-45,010-7211-2025,사진촬영
2957,신서준,52,부산 달서구123-45,010-1451-5901,독서
2958,조지후,47,광주 강서구123-45,010-4656-5928,뜨개질
2959,이현우,22,남양주 일산동구123-45,010-9804-6304,일기 쓰기
2960,최은우,56,화성 팔달구123-45,010-9639-1511,요리
2961,윤예린,60,평택 성북구123-45,010-5782-8248,독서
2962,임소율,77,창원 기흥구123-45,010-6718-4334,유튜브 보기
2963,한소율,30,화성 동구123-45,010-4734-6221,보드게임
2964,이소율,72,광주 강남구123-45,010-1235-4999,자전거 타기
2965,강예은,75,대전 강서구123-45,010-2265-5265,수영
2966,정유진,25,김해 강남구123-45,010-9560-2083,운동
2967,박소율,59,천안 북구123-45,010-9485-1747,독서
2968,한하윤,41,성남 흥덕구123-45,010-5045-9466,독서
2969,강지안,51,평택 신제주123-45,010-1485-4318,유튜브 보기
2970,오시우,43,전주 흥덕구123-45,010-7261-1358,유튜브 보기
2971,오현우,48,인천 강남구123-45,010-9825-4538,게임
2972,조지민,33,수원 덕진구123-45,010-6718-2464,수영
2973,김서준,26,대구 서구123-45,010-6163-1512,수영
2974,김서연,38,수원 진해구123-45,010-7269-2777,카페 투어
2975,한예린,68,포항 강남구123-45,010-5586-9913,카페 투어
2976,강소율,51,제주 기흥구123-45,010-5967-5977,카페 투어
2977,강서준,70,광주 팔달구123-45,010-3545-2918,일기 쓰기
2978,이시우,24,울산 달서구123-45,010-9864-1458,독서
2979,한지후,40,고양 흥덕구123-45,010-3504-1233,게임
2980,최건우,30,울산 남구123-45,010-6871-6261,게임
2981,윤도윤,57,서울 기흥구123-45,010-9017-8418,음악감상
2982,서하은,75,수원 수성구123-45,010-2391-1794,자전거 타기
2983,이지안,76,김해 서북구123-45,010-3843-7826,보드게임
2984,한서준,75,남양주 신제주123-45,010-9573-5307,요리
2985,오민수,27,울산 기흥구123-45,010-1258-7322,웹서핑
2986,이하윤,48,화성 수성구123-45,010-1024-9145,카페 투어
2987,박시우,60,창원 진해구123-45,010-2235-2756,드로잉
2988,정민수,34,광주 신제주123-45,010-7051-8612,보드게임
2989,최지안,26,세종 북구123-45,010-1852-7216,여행
2990,박지안,51,부산 송파구123-45,010-5076-2839,사진촬영
2991,임지후,31,천안 분당구123-45,010-2608-1127,자전거 타기
2992,조지안,59,광주 신제주123-45,010-5648-4640,여행
2993,이건우,21,안산 신제주123-45,010-5374-7650,유튜브 보기
2994,정지민,55,수원 서구123-45,010-7387-1011,수영
2995,서소율,43,부산 덕진구123-45,010-1027-4242,자전거 타기
2996,서하윤,21,남양주 남구123-45,010-5236-6591,카페 투어
2997,윤현우,79,수원 동구123-45,010-4306-8448,유튜브 보기
2998,오지원,22,인천 장유동123-45,010-5166-5462,독서
2999,최서연,30,평택 강서구123-45,010-4386-5374,보드게임
3000,강수빈,54,남양주 덕진구123-45,010-3591-6705,사진촬영
3001,최현우,29,수원 덕양구123-45,010-5191-1404,영화감상
3002,장서준,66,안산 성북구123-45,010-9683-6032,뜨개질
3003,강태윤,25,평택 기흥구123-45,010-4111-6371,뜨개질
3004,최지원,76,울산 기흥구123-45,010-1017-4654,영화감상
3005,김예린,39,평택 기흥구123-45,010-7405-5581,독서
3006,김하은,76,세종 동구123-45,010-9580-5065,운동
3007,장예린,20,김해 팔달구123-45,010-1760-4977,보드게임
3008,김유진,64,세종 흥덕구123-45,010-7954-2917,독서
3009,장지안,21,제주 흥덕구123-45,010-8924-2474,카페 투어
3010,조민수,28,포항 팔달구123-45,010-7559-9105,유튜브 보기
3011,조도윤,78,남양주 중구123-45,010-9727-7512,유튜브 보기
3012,박민수,46,김해 팔달구123-45,010-1370-2407,독서
3013,장지안,26,남양주 성북구123-45,010-3789-9156,여행
3014,임현우,22,안양 달서구123-45,010-8158-6968,드로잉
3015,한하윤,29,서울 강서구123-45,010-6234-9727,운동
3016,서하윤,30,성남 서북구123-45,010-1137-7540,웹서핑
3017,윤시우,43,화성 기흥구123-45,010-8406-8363,일기 쓰기
3018,최유진,22,천안 강남구123-45,010-5512-3205,수영
3019,장예린,51,부산 중구123-45,010-7339-7647,영화감상
3020,오민수,75,광주 서북구123-45,010-5887-1772,게임
3021,신건우,45,성남 성동구123-45,010-8248-3638,자전거 타기
3022,강서연,31,대구 송파구123-45,010-7821-9105,영화감상
3023,조하은,21,고양 북구123-45,010-3929-7265,드로잉
3024,신수빈,58,포항 수성구123-45,010-8925-2990,독서
3025,강건우,66,창원 송파구123-45,010-2851-5959,독서
3026,서유진,54,청주 분당구123-45,010-9653-6692,게임
3027,윤하은,75,포항 기흥구123-45,010-3492-2611,게임
3028,임서연,71,고양 동구123-45,010-3545-2356,유튜브 보기
3029,김예린,42,수원 성북구123-45,010-1888-8572,뜨개질
3030,강지안,75,김해 서구123-45,010-1639-5262,독서
3031,강현우,69,용인 덕양구123-45,010-9580-4149,유튜브 보기
3032,윤유진,38,안양 유성구123-45,010-4717-6764,뜨개질
3033,조하윤,67,평택 서구123-45,010-2093-8230,사진촬영
3034,김하윤,78,광주 성북구123-45,010-9013-6078,수영
3035,한유진,66,울산 송파구123-45,010-3113-1385,수영
3036,임현우,75,수원 덕양구123-45,010-8703-8615,웹서핑
3037,신하은,31,포항 강남구123-45,010-5268-8421,독서
3038,한소율,26,평택 일산동구123-45,010-8070-2374,영화감상
3039,정시우,75,울산 장유동123-45,010-3539-2789,음악감상
3040,최민수,25,인천 수성구123-45,010-7833-1277,보드게임
3041,김지후,76,화성 팔달구123-45,010-2811-4601,자전거 타기
3042,서은우,49,대전 팔달구123-45,010-6475-8188,카페 투어
3043,장지민,21,대전 성동구123-45,010-6978-5570,웹서핑
3044,최지민,46,제주 남구123-45,010-7801-8621,여행
3045,최민수,72,세종 신제주123-45,010-8492-1498,등산
3046,한지안,45,안양 남구123-45,010-5418-8993,사진촬영
3047,최도윤,62,인천 팔달구123-45,010-6310-1440,웹서핑
3048,윤시우,72,광주 북구123-45,010-7137-4025,사진촬영
3049,장하은,71,인천 분당구123-45,010-8374-4807,운동
3050,김시우,47,포항 중구123-45,010-3996-5301,음악감상
3051,임지원,42,제주 송파구123-45,010-7783-9383,음악감상
3052,이하윤,68,서울 팔달구123-45,010-2968-3599,음악감상
3053,조서연,55,수원 강남구123-45,010-8352-2497,독서
3054,장예린,55,제주 일산동구123-45,010-6369-5055,등산
3055,이은우,51,부산 강서구123-45,010-7246-1815,등산
3056,최은우,62,대전 강남구123-45,010-3949-6424,자전거 타기
3057,한현우,31,김해 성북구123-45,010-6460-4736,사진촬영
3058,조유진,21,인천 북구123-45,010-3762-4241,사진촬영
3059,조지안,75,김해 덕양구123-45,010-8841-5423,웹서핑
3060,장예린,57,성남 신제주123-45,010-7642-8620,드로잉
3061,조현우,34,용인 덕진구123-45,010-3257-3964,보드게임
3062,신지후,36,청주 해운대구123-45,010-3997-2345,일기 쓰기
3063,최지민,71,창원 장유동123-45,010-3081-2168,등산
3064,서예은,63,서울 송파구123-45,010-7670-1506,독서
3065,강태윤,53,창원 서구123-45,010-6903-5125,여행
3066,조건우,34,수원 기흥구123-45,010-7731-6288,보드게임
3067,정하윤,51,남양주 팔달구123-45,010-3543-2674,일기 쓰기
3068,정은우,38,화성 중구123-45,010-5953-1140,요리
3069,조수빈,28,포항 서구123-45,010-8694-5130,사진촬영
3070,서소율,33,부산 수성구123-45,010-1989-7798,뜨개질
3071,장예은,63,서울 덕진구123-45,010-1169-4909,게임
3072,최지안,55,청주 서구123-45,010-2315-8384,유튜브 보기
3073,최지민,55,고양 기흥구123-45,010-5686-7628,일기 쓰기
3074,서현우,58,제주 신제주123-45,010-3322-2803,유튜브 보기
3075,한예린,63,대구 강서구123-45,010-9969-2737,유튜브 보기
3076,임지후,46,성남 진해구123-45,010-4876-7767,음악감상
3077,정현우,45,광주 성북구123-45,010-5071-7539,보드게임
3078,최도윤,32,창원 강서구123-45,010-5649-2966,요리
3079,신예린,62,대구 강남구123-45,010-9782-1829,카페 투어
3080,박민수,46,김해 북구123-45,010-8821-7857,등산
3081,조예린,59,인천 강서구123-45,010-1106-9751,카페 투어
3082,김태윤,29,화성 분당구123-45,010-1492-7993,음악감상
3083,오하윤,58,수원 분당구123-45,010-9280-8827,등산
3084,오하윤,37,수원 일산동구123-45,010-1468-9190,운동
3085,오지후,74,용인 서구123-45,010-1413-7888,독서
3086,서하윤,71,창원 일산동구123-45,010-6434-3786,드로잉
3087,윤하윤,33,남양주 흥덕구123-45,010-3502-1105,뜨개질
3088,윤하은,33,수원 수성구123-45,010-2202-6806,드로잉
3089,정수빈,60,전주 해운대구123-45,010-7145-4846,등산
3090,윤예린,31,세종 팔달구123-45,010-7659-6754,일기 쓰기
3091,서민수,75,제주 성동구123-45,010-4786-4544,독서
3092,장유진,55,제주 덕양구123-45,010-5240-2480,수영
3093,정도윤,69,안산 송파구123-45,010-2591-4488,수영
3094,박지안,25,대구 수성구123-45,010-6414-4041,음악감상
3095,윤지후,46,김해 장유동123-45,010-6067-6759,음악감상
3096,조지후,75,포항 성동구123-45,010-6628-1493,웹서핑
3097,신지원,79,평택 유성구123-45,010-9869-1951,요리
3098,신지원,77,부산 덕진구123-45,010-2549-1062,여행
3099,윤시우,57,서울 서북구123-45,010-4649-2104,사진촬영
3100,장하은,49,서울 성동구123-45,010-1016-3629,카페 투어
3101,신은우,44,광주 일산동구123-45,010-2164-8803,자전거 타기
3102,정예린,43,안양 분당구123-45,010-3511-1667,독서
3103,서시우,67,울산 흥덕구123-45,010-9364-3201,유튜브 보기
3104,조도윤,56,수원 중구123-45,010-2882-7104,음악감상
3105,오하은,34,서울 수성구123-45,010-8493-3420,게임
3106,최예은,54,청주 송파구123-45,010-3813-9278,게임
3107,이하은,49,성남 진해구123-45,010-6412-8875,음악감상
3108,정지원,62,부산 달서구123-45,010-1540-3942,독서
3109,임민수,59,전주 해운대구123-45,010-8239-4377,수영
3110,박서연,59,창원 일산동구123-45,010-5565-1984,자전거 타기
3111,박소율,55,광주 일산동구123-45,010-4361-9222,등산
3112,윤도윤,21,안산 송파구123-45,010-6132-8366,웹서핑
3113,최서연,31,세종 기흥구123-45,010-3849-3524,요리
3114,오수빈,34,고양 서구123-45,010-6944-3145,음악감상
3115,최현우,37,남양주 덕양구123-45,010-8540-1074,보드게임
3116,정현우,58,청주 중구123-45,010-6404-7873,뜨개질
3117,김서준,56,김해 신제주123-45,010-8605-2675,수영
3118,김지원,51,화성 기흥구123-45,010-1494-9392,수영
3119,임시우,26,안양 진해구123-45,010-7411-9231,드로잉
3120,박유진,40,전주 장유동123-45,010-9395-5695,카페 투어
3121,윤예린,33,세종 진해구123-45,010-7386-1383,요리
3122,장예린,42,세종 달서구123-45,010-5824-6791,뜨개질
3123,최서연,76,성남 분당구123-45,010-6039-1532,웹서핑
3124,신지안,65,창원 진해구123-45,010-2049-6032,자전거 타기
3125,임소율,45,전주 신제주123-45,010-4904-5240,유튜브 보기
3126,조소율,58,광주 성동구123-45,010-2372-2212,영화감상
3127,서지원,77,남양주 덕양구123-45,010-8785-4018,요리
3128,한예린,47,안산 해운대구123-45,010-6606-4356,유튜브 보기
3129,최건우,25,수원 강서구123-45,010-7703-9269,영화감상
3130,장은우,29,화성 강서구123-45,010-4947-4192,일기 쓰기
3131,최수빈,46,포항 달서구123-45,010-9607-7001,일기 쓰기
3132,서지후,56,화성 북구123-45,010-5370-2874,일기 쓰기
3133,신도윤,29,광주 중구123-45,010-6159-5536,영화감상
3134,정건우,73,안양 성북구123-45,010-8654-2843,게임
3135,서은우,27,서울 덕진구123-45,010-1067-1761,사진촬영
3136,윤예은,38,부산 유성구123-45,010-3013-4764,유튜브 보기
3137,임서연,37,안산 강남구123-45,010-1480-8303,영화감상
3138,임하윤,55,울산 일산동구123-45,010-7196-1477,드로잉
3139,윤유진,39,전주 흥덕구123-45,010-4555-4314,자전거 타기
3140,윤태윤,57,광주 송파구123-45,010-6039-4472,독서
3141,신서준,24,청주 달서구123-45,010-8242-5107,뜨개질
3142,최태윤,75,남양주 팔달구123-45,010-1876-4373,게임
3143,최하은,40,안산 성동구123-45,010-4761-9715,여행
3144,강소율,71,수원 남구123-45,010-1552-6415,보드게임
3145,서서준,47,포항 흥덕구123-45,010-4317-4988,자전거 타기
3146,조은우,28,제주 팔달구123-45,010-4832-9621,드로잉
3147,한지민,64,제주 팔달구123-45,010-2276-2454,게임
3148,서하윤,27,안양 기흥구123-45,010-2952-6280,보드게임
3149,강서준,79,청주 서북구123-45,010-2178-6418,음악감상
3150,강예린,47,세종 서구123-45,010-6263-7971,웹서핑
3151,한민수,56,수원 흥덕구123-45,010-9220-9057,뜨개질
3152,강도윤,40,창원 유성구123-45,010-1008-3957,독서
3153,임태윤,34,광주 기흥구123-45,010-9663-7444,웹서핑
3154,강은우,77,평택 남구123-45,010-3969-1984,자전거 타기
3155,오태윤,40,수원 진해구123-45,010-2848-6253,웹서핑
3156,김예은,67,대전 흥덕구123-45,010-9550-5372,요리
3157,이서연,36,화성 중구123-45,010-1141-4548,사진촬영
3158,서도윤,40,평택 성동구123-45,010-3349-7420,등산
3159,임하윤,52,화성 진해구123-45,010-7946-3810,자전거 타기
3160,서태윤,40,대구 기흥구123-45,010-1780-8422,뜨개질
3161,강태윤,27,성남 분당구123-45,010-9349-9944,수영
3162,장소율,24,전주 해운대구123-45,010-2637-4310,영화감상
3163,박도윤,79,안산 덕진구123-45,010-5433-3463,게임
3164,강현우,74,포항 강서구123-45,010-4192-8739,자전거 타기
3165,오지민,65,부산 남구123-45,010-2621-2657,운동
3166,한지원,27,제주 강남구123-45,010-8361-6424,등산
3167,강예은,34,천안 일산동구123-45,010-2525-7917,등산
3168,신시우,23,남양주 남구123-45,010-2652-5459,일기 쓰기
3169,박지민,72,평택 강남구123-45,010-2591-8374,여행
3170,장태윤,23,광주 팔달구123-45,010-1183-4728,자전거 타기
3171,정지원,66,세종 남구123-45,010-7575-2149,보드게임
3172,김하은,33,안산 강서구123-45,010-6086-4454,자전거 타기
3173,한소율,62,천안 덕양구123-45,010-5025-4825,뜨개질
3174,정예린,50,대전 수성구123-45,010-2832-1999,일기 쓰기
3175,강도윤,33,울산 강서구123-45,010-1229-1637,유튜브 보기
3176,정하은,41,고양 분당구123-45,010-9792-9331,음악감상
3177,최건우,79,용인 덕진구123-45,010-8221-3472,일기 쓰기
3178,서건우,78,평택 수성구123-45,010-9868-1981,유튜브 보기
3179,한지민,27,청주 서구123-45,010-1968-4829,등산
3180,강태윤,71,수원 성북구123-45,010-8361-9204,영화감상
3181,정민수,37,용인 분당구123-45,010-2610-7749,사진촬영
3182,강하윤,40,안양 동구123-45,010-8451-3617,운동
3183,강은우,70,수원 신제주123-45,010-5640-2143,유튜브 보기
3184,박하은,39,세종 서북구123-45,010-3985-5687,사진촬영
3185,윤서연,79,천안 분당구123-45,010-4920-3358,사진촬영
3186,서지후,75,평택 덕진구123-45,010-4574-2893,유튜브 보기
3187,서지후,36,대구 북구123-45,010-4158-4801,음악감상
3188,김수빈,53,전주 장유동123-45,010-6455-4597,일기 쓰기
3189,한시우,44,김해 신제주123-45,010-6015-6507,일기 쓰기
3190,이지민,37,안양 덕진구123-45,010-6059-8295,뜨개질
3191,정수빈,46,인천 달서구123-45,010-9264-1229,드로잉
3192,신지원,76,화성 수성구123-45,010-3629-8789,등산
3193,신예은,57,수원 흥덕구123-45,010-5055-8070,웹서핑
3194,최하은,36,안산 유성구123-45,010-4563-5512,여행
3195,한예린,68,대구 중구123-45,010-4304-4585,운동
3196,신시우,61,남양주 달서구123-45,010-5730-4089,등산
3197,최은우,42,고양 진해구123-45,010-3032-4261,요리
3198,정하은,25,울산 일산동구123-45,010-8343-4968,등산
3199,서은우,38,제주 성동구123-45,010-1452-4533,요리
3200,김수빈,20,전주 동구123-45,010-4278-4287,영화감상
3201,김하은,35,남양주 장유동123-45,010-5306-7730,보드게임
3202,박지민,28,대전 강서구123-45,010-3718-1895,수영
3203,한지안,68,인천 성북구123-45,010-5718-3243,일기 쓰기
3204,박유진,73,화성 수성구123-45,010-4162-7984,카페 투어
3205,최지민,23,인천 수성구123-45,010-4301-1859,일기 쓰기
3206,임예은,45,부산 기흥구123-45,010-2607-7956,영화감상
3207,이은우,65,천안 북구123-45,010-2708-3850,독서
3208,오지후,60,제주 일산동구123-45,010-6332-3212,수영
3209,이유진,67,안산 기흥구123-45,010-3273-3073,요리
3210,최하윤,71,고양 진해구123-45,010-9764-2321,등산
3211,신예은,71,대전 중구123-45,010-4328-6529,자전거 타기
3212,박서연,36,서울 기흥구123-45,010-4573-5275,요리
3213,서도윤,68,대전 동구123-45,010-4078-4995,드로잉
3214,정지원,20,대전 유성구123-45,010-1540-3660,자전거 타기
3215,박민수,32,안양 장유동123-45,010-5617-4121,일기 쓰기
3216,장지민,71,김해 강남구123-45,010-2805-9212,자전거 타기
3217,강하윤,56,성남 신제주123-45,010-1405-7987,사진촬영
3218,오지후,62,전주 유성구123-45,010-4351-7150,사진촬영
3219,한지후,21,부산 강남구123-45,010-6679-4506,영화감상
3220,조하은,55,안산 덕양구123-45,010-7477-2033,일기 쓰기
3221,이현우,47,고양 유성구123-45,010-9772-6215,뜨개질
3222,박예린,66,평택 수성구123-45,010-3981-3166,운동
3223,이시우,77,청주 해운대구123-45,010-9450-6836,운동
3224,강하윤,45,남양주 해운대구123-45,010-5635-3784,뜨개질
3225,최은우,47,평택 신제주123-45,010-9533-7744,수영
3226,신도윤,64,안양 성북구123-45,010-6742-9358,웹서핑
3227,한하은,22,천안 서구123-45,010-5466-8694,카페 투어
3228,신하은,32,제주 남구123-45,010-6697-8482,요리
3229,장지원,34,전주 유성구123-45,010-6638-2214,게임
3230,김소율,31,김해 분당구123-45,010-2082-5108,자전거 타기
3231,김예린,46,대전 성북구123-45,010-3559-7938,뜨개질
3232,김유진,46,성남 신제주123-45,010-4605-2111,드로잉
3233,장지원,70,안양 덕진구123-45,010-3105-1465,독서
3234,신서연,33,안산 동구123-45,010-8281-9306,유튜브 보기
3235,임예은,70,안산 중구123-45,010-4697-9158,요리
3236,최예린,65,천안 수성구123-45,010-3441-6926,등산
3237,박서준,37,광주 송파구123-45,010-5316-6073,보드게임
3238,박은우,24,고양 분당구123-45,010-9451-2574,운동
3239,김수빈,78,서울 동구123-45,010-5912-2451,보드게임
3240,정민수,22,수원 북구123-45,010-9116-6921,여행
3241,박태윤,35,포항 덕양구123-45,010-6721-7885,일기 쓰기
3242,오서준,41,인천 성북구123-45,010-7000-2504,등산
3243,최은우,30,평택 해운대구123-45,010-2836-2648,사진촬영
3244,조태윤,49,광주 성동구123-45,010-8837-7590,웹서핑
3245,장지후,58,청주 성북구123-45,010-5831-5486,독서
3246,정유진,20,대구 송파구123-45,010-9240-5730,사진촬영
3247,정지후,69,인천 북구123-45,010-8398-7551,수영
3248,임태윤,74,서울 강남구123-45,010-8950-6398,독서
3249,한수빈,49,용인 서구123-45,010-8062-1660,유튜브 보기
3250,조예린,44,남양주 서북구123-45,010-5780-7315,일기 쓰기
3251,오수빈,77,용인 강서구123-45,010-9660-6230,여행
3252,서도윤,21,광주 성동구123-45,010-6094-7545,뜨개질
3253,한예린,39,안양 분당구123-45,010-6589-1999,유튜브 보기
3254,이하윤,23,천안 팔달구123-45,010-6058-8362,독서
3255,한태윤,48,김해 성북구123-45,010-7751-3495,보드게임
3256,윤현우,29,창원 달서구123-45,010-1277-3271,요리
3257,정예은,21,창원 서구123-45,010-4726-7295,요리
3258,서지후,63,창원 팔달구123-45,010-3348-7712,운동
3259,조서연,75,천안 덕양구123-45,010-8864-7656,보드게임
3260,임예은,63,천안 수성구123-45,010-3803-4783,수영
3261,박수빈,59,화성 북구123-45,010-1848-3843,일기 쓰기
3262,강유진,53,서울 중구123-45,010-1056-5173,등산
3263,박예은,30,세종 강남구123-45,010-5557-4226,드로잉
3264,박민수,63,성남 장유동123-45,010-6112-9490,일기 쓰기
3265,최은우,57,제주 동구123-45,010-4932-5908,운동
3266,신유진,37,대전 서북구123-45,010-8352-4057,자전거 타기
3267,서태윤,20,포항 강서구123-45,010-1224-2756,독서
3268,박태윤,33,수원 성동구123-45,010-8940-2840,보드게임
3269,신은우,50,대구 유성구123-45,010-8016-6794,사진촬영
3270,윤유진,47,대전 수성구123-45,010-5306-7947,등산
3271,윤지안,27,전주 서북구123-45,010-1088-4768,요리
3272,이태윤,57,화성 덕양구123-45,010-8391-9785,보드게임
3273,조하윤,59,세종 분당구123-45,010-3741-9773,사진촬영
3274,한시우,47,대구 성북구123-45,010-4056-6628,독서
3275,서건우,33,광주 강남구123-45,010-3204-6284,유튜브 보기
3276,윤태윤,66,청주 송파구123-45,010-8866-8709,웹서핑
3277,박예은,25,화성 덕진구123-45,010-1347-1085,여행
3278,서하은,48,안산 중구123-45,010-7033-5621,사진촬영
3279,김하윤,79,세종 수성구123-45,010-1694-4297,음악감상
3280,이지안,65,평택 중구123-45,010-1131-7804,수영
3281,한지후,66,서울 해운대구123-45,010-9370-3241,요리
3282,장도윤,47,고양 일산동구123-45,010-8805-7484,운동
3283,최서준,25,고양 달서구123-45,010-9813-8303,웹서핑
3284,최예은,26,김해 강남구123-45,010-8019-1461,웹서핑
3285,최하윤,50,청주 덕진구123-45,010-1483-9491,게임
3286,김은우,36,인천 남구123-45,010-5772-6745,음악감상
3287,임지안,79,부산 팔달구123-45,010-4113-1070,운동
3288,장하윤,37,수원 동구123-45,010-2731-2345,사진촬영
3289,임은우,63,대구 장유동123-45,010-4652-7585,여행
3290,김유진,51,김해 동구123-45,010-2630-4670,요리
3291,이유진,56,수원 달서구123-45,010-4746-5565,드로잉
3292,한민수,50,제주 서북구123-45,010-8529-9320,카페 투어
3293,정지후,71,안산 유성구123-45,010-8447-4244,등산
3294,장은우,56,안산 진해구123-45,010-5211-3489,등산
3295,장예은,42,남양주 북구123-45,010-6696-3262,영화감상
3296,강서연,73,제주 성동구123-45,010-5511-3522,등산
3297,임지민,72,울산 남구123-45,010-4266-9692,드로잉
3298,정지원,66,평택 성북구123-45,010-9643-5012,웹서핑
3299,박소율,63,창원 팔달구123-45,010-3547-6135,뜨개질
3300,장민수,45,제주 서구123-45,010-2603-5591,자전거 타기
3301,서예은,28,용인 수성구123-45,010-5879-4888,유튜브 보기
3302,장소율,34,남양주 덕진구123-45,010-7422-1173,요리
3303,강태윤,56,부산 덕양구123-45,010-2947-2665,여행
3304,이서준,67,세종 팔달구123-45,010-4103-1134,게임
3305,이은우,27,안산 동구123-45,010-2581-1298,게임
3306,김하윤,52,천안 성북구123-45,010-4108-7252,카페 투어
3307,한서연,28,김해 진해구123-45,010-2145-3532,카페 투어
3308,조서연,43,창원 동구123-45,010-4602-6264,영화감상
3309,신소율,51,남양주 중구123-45,010-2804-8120,수영
3310,박태윤,60,수원 남구123-45,010-3861-9963,영화감상
3311,정지후,77,포항 기흥구123-45,010-9219-1687,음악감상
3312,최지후,69,수원 남구123-45,010-3060-2061,등산
3313,최예린,63,부산 강서구123-45,010-2043-5291,드로잉
3314,김서연,78,고양 중구123-45,010-6906-8520,음악감상
3315,김지안,69,용인 분당구123-45,010-7082-5820,유튜브 보기
3316,오지민,20,성남 유성구123-45,010-6733-2645,수영
3317,장태윤,30,제주 팔달구123-45,010-6628-9019,보드게임
3318,조태윤,77,천안 북구123-45,010-8833-2413,자전거 타기
3319,장유진,73,울산 수성구123-45,010-4247-1121,일기 쓰기
3320,김수빈,26,안산 강남구123-45,010-6012-8336,운동
3321,임지후,53,서울 성북구123-45,010-3486-6943,운동
3322,신서준,43,전주 성북구123-45,010-4532-7560,운동
3323,장현우,49,포항 서북구123-45,010-2056-3983,여행
3324,한예린,53,대전 분당구123-45,010-5355-4957,독서
3325,서지원,28,용인 중구123-45,010-2609-7513,웹서핑
3326,한지원,54,용인 서구123-45,010-8025-6690,영화감상
3327,최예린,53,전주 팔달구123-45,010-1151-6606,음악감상
3328,이지원,46,포항 진해구123-45,010-5282-8838,카페 투어
3329,최도윤,27,부산 성북구123-45,010-3589-5375,웹서핑
3330,김서준,75,청주 성동구123-45,010-5634-4730,수영
3331,신도윤,33,광주 강남구123-45,010-5842-5389,자전거 타기
3332,신소율,57,평택 송파구123-45,010-4911-1273,뜨개질
3333,박지후,45,고양 기흥구123-45,010-4618-1914,영화감상
3334,최서준,37,김해 서구123-45,010-3509-4346,여행
3335,윤시우,52,수원 수성구123-45,010-2435-3470,등산
3336,강하윤,69,광주 달서구123-45,010-4499-5599,음악감상
3337,서하윤,75,용인 남구123-45,010-5721-1322,운동
3338,오유진,66,인천 덕양구123-45,010-3172-2008,영화감상
3339,장하은,48,대구 장유동123-45,010-5369-7487,등산
3340,장서연,64,포항 남구123-45,010-4294-1816,게임
3341,최지안,26,세종 북구123-45,010-6216-9455,사진촬영
3342,박지민,72,성남 서북구123-45,010-7974-8085,사진촬영
3343,정하은,79,안산 해운대구123-45,010-9683-9585,자전거 타기
3344,조도윤,40,안산 장유동123-45,010-2448-5499,여행
3345,윤지원,64,화성 서구123-45,010-6560-5440,운동
3346,최지원,40,광주 성북구123-45,010-2563-5521,뜨개질
3347,조하은,46,평택 서북구123-45,010-9715-2876,웹서핑
3348,김하윤,26,포항 강서구123-45,010-7946-3657,일기 쓰기
3349,강수빈,53,제주 신제주123-45,010-3274-7910,운동
3350,서유진,26,안산 유성구123-45,010-8723-2692,여행
3351,신은우,40,제주 팔달구123-45,010-7400-7744,유튜브 보기
3352,신지민,70,안산 유성구123-45,010-2066-7339,일기 쓰기
3353,김지민,75,대구 송파구123-45,010-3708-9466,음악감상
3354,최하은,54,화성 해운대구123-45,010-8302-8246,뜨개질
3355,정서연,71,대구 성북구123-45,010-3274-6308,독서
3356,서태윤,52,포항 달서구123-45,010-6458-8023,웹서핑
3357,김지안,56,창원 유성구123-45,010-4816-2978,음악감상
3358,윤건우,56,전주 남구123-45,010-2980-7334,운동
3359,오지후,21,안양 중구123-45,010-2937-2890,수영
3360,조시우,43,청주 유성구123-45,010-5368-3229,요리
3361,최은우,42,서울 달서구123-45,010-8612-6054,유튜브 보기
3362,임태윤,79,대구 강남구123-45,010-5269-7309,웹서핑
3363,조하은,51,광주 덕진구123-45,010-1589-7848,여행
3364,장지후,33,김해 서구123-45,010-3574-2983,뜨개질
3365,최서연,43,평택 성북구123-45,010-6714-4504,드로잉
3366,한민수,20,대구 달서구123-45,010-2513-3563,수영
3367,박수빈,33,용인 성동구123-45,010-2031-5511,뜨개질
3368,이지후,72,화성 송파구123-45,010-3755-6739,수영
3369,오지후,47,세종 성북구123-45,010-4105-4942,카페 투어
3370,이예린,51,전주 강남구123-45,010-1192-1456,영화감상
3371,임하윤,39,창원 팔달구123-45,010-3125-7479,운동
3372,박태윤,61,용인 팔달구123-45,010-7886-5227,뜨개질
3373,조하윤,32,전주 성동구123-45,010-2528-3417,드로잉
3374,김민수,40,제주 성동구123-45,010-1314-4084,사진촬영
3375,강시우,40,용인 해운대구123-45,010-5568-8319,요리
3376,조민수,39,부산 해운대구123-45,010-7545-4213,유튜브 보기
3377,조하윤,69,세종 중구123-45,010-1633-5249,뜨개질
3378,오건우,55,청주 강남구123-45,010-1488-9046,등산
3379,윤지원,30,청주 유성구123-45,010-8656-3569,카페 투어
3380,이서연,60,세종 서구123-45,010-8371-2130,운동
3381,오태윤,69,인천 덕양구123-45,010-6131-1262,요리
3382,신서연,79,남양주 팔달구123-45,010-7920-2680,사진촬영
3383,강태윤,71,안양 서북구123-45,010-4518-3803,사진촬영
3384,정지후,66,전주 덕양구123-45,010-5604-3449,수영
3385,윤소율,25,서울 기흥구123-45,010-7798-1248,독서
3386,강지원,42,안산 분당구123-45,010-4884-5056,사진촬영
3387,신수빈,68,대구 남구123-45,010-5112-8334,드로잉
3388,신유진,39,대전 기흥구123-45,010-7852-4612,등산
3389,한은우,61,고양 서북구123-45,010-2778-6270,음악감상
3390,윤지안,78,남양주 북구123-45,010-8018-9519,사진촬영
3391,이시우,73,전주 덕양구123-45,010-6232-2674,게임
3392,이시우,21,안양 중구123-45,010-8251-2329,수영
3393,장소율,73,인천 성북구123-45,010-1279-6826,독서
3394,오지후,28,안산 북구123-45,010-2028-1380,등산
3395,강시우,21,부산 수성구123-45,010-8037-8607,수영
3396,임도윤,32,인천 중구123-45,010-1073-3281,일기 쓰기
3397,서지원,52,창원 흥덕구123-45,010-8877-1986,운동
3398,신하은,68,화성 수성구123-45,010-3680-2921,게임
3399,이민수,74,성남 신제주123-45,010-9982-6420,영화감상
3400,한현우,38,용인 수성구123-45,010-6886-8652,일기 쓰기
3401,이건우,63,제주 동구123-45,010-3444-1487,뜨개질
3402,강태윤,77,천안 신제주123-45,010-9648-3228,음악감상
3403,윤서준,78,고양 강남구123-45,010-4357-4370,게임
3404,정건우,74,인천 북구123-45,010-5627-2594,독서
3405,임건우,71,창원 수성구123-45,010-6453-3104,카페 투어
3406,박서연,32,수원 일산동구123-45,010-4363-2054,수영
3407,강현우,38,전주 수성구123-45,010-2585-1985,드로잉
3408,김시우,39,청주 성북구123-45,010-9294-5530,수영
3409,임서준,42,안양 덕양구123-45,010-1974-5583,등산
3410,한서연,34,창원 중구123-45,010-9393-1959,여행
3411,강지원,30,성남 남구123-45,010-6386-2993,영화감상
3412,오예린,70,청주 중구123-45,010-4720-8622,보드게임
3413,서예은,48,평택 진해구123-45,010-6144-7938,카페 투어
3414,정하은,21,용인 신제주123-45,010-6370-6471,요리
3415,신민수,38,청주 장유동123-45,010-7080-2394,여행
3416,조예린,31,남양주 동구123-45,010-6874-9764,자전거 타기
3417,이수빈,39,대구 성동구123-45,010-3468-1154,자전거 타기
3418,이지후,21,광주 기흥구123-45,010-5758-7854,카페 투어
3419,신현우,57,천안 달서구123-45,010-1051-1924,일기 쓰기
3420,최건우,38,세종 성북구123-45,010-9482-4589,영화감상
3421,이지원,49,남양주 유성구123-45,010-7976-9951,보드게임
3422,조지민,76,수원 중구123-45,010-4389-5107,게임
3423,신시우,37,광주 일산동구123-45,010-1283-1054,여행
3424,임수빈,70,수원 유성구123-45,010-7410-1233,운동
3425,강현우,24,성남 달서구123-45,010-4606-8553,운동
3426,신현우,56,고양 덕양구123-45,010-1623-6503,일기 쓰기
3427,조태윤,28,고양 흥덕구123-45,010-7128-2761,드로잉
3428,이하윤,20,평택 해운대구123-45,010-6352-5567,음악감상
3429,신서연,30,고양 달서구123-45,010-4589-1687,음악감상
3430,장지안,59,화성 성북구123-45,010-3724-6514,독서
3431,한태윤,63,광주 성북구123-45,010-2466-4525,유튜브 보기
3432,오서연,28,대전 분당구123-45,010-4838-3201,자전거 타기
3433,강유진,35,용인 덕양구123-45,010-2988-4051,게임
3434,강하은,39,포항 남구123-45,010-7252-8884,여행
3435,박유진,53,화성 성북구123-45,010-2545-2258,웹서핑
3436,서도윤,42,세종 진해구123-45,010-6459-1245,카페 투어
3437,조지후,45,제주 진해구123-45,010-8237-3611,일기 쓰기
3438,서서준,73,남양주 달서구123-45,010-1599-6093,유튜브 보기
3439,한건우,72,화성 유성구123-45,010-3213-3679,유튜브 보기
3440,장태윤,38,대구 강서구123-45,010-4407-1316,운동
3441,정시우,59,대전 성동구123-45,010-1063-1536,뜨개질
3442,한서연,36,세종 신제주123-45,010-1758-3124,웹서핑
3443,정은우,62,대전 신제주123-45,010-5383-8478,보드게임
3444,김수빈,72,천안 분당구123-45,010-5242-5998,일기 쓰기
3445,신현우,44,화성 남구123-45,010-8330-8266,카페 투어
3446,한지후,38,전주 동구123-45,010-6551-5931,사진촬영
3447,한소율,24,김해 남구123-45,010-2797-1845,드로잉
3448,강건우,31,고양 장유동123-45,010-5820-3379,카페 투어
3449,강소율,57,서울 덕진구123-45,010-5430-1745,등산
3450,신유진,61,서울 기흥구123-45,010-7636-5968,카페 투어
3451,윤예은,54,광주 신제주123-45,010-5801-9173,등산
3452,임유진,72,천안 남구123-45,010-4829-9514,음악감상
3453,임민수,38,화성 강서구123-45,010-8123-9116,사진촬영
3454,신지민,66,제주 팔달구123-45,010-1035-1428,사진촬영
3455,임예은,64,전주 북구123-45,010-2801-7894,운동
3456,오지안,63,고양 송파구123-45,010-8557-1501,음악감상
3457,한시우,75,남양주 성동구123-45,010-3769-9564,등산
3458,강예린,69,평택 덕진구123-45,010-3302-8774,웹서핑
3459,조유진,70,남양주 기흥구123-45,010-4575-9176,사진촬영
3460,박현우,72,대전 달서구123-45,010-9660-5634,웹서핑
3461,박태윤,35,세종 장유동123-45,010-2792-4473,일기 쓰기
3462,강도윤,70,대구 해운대구123-45,010-8355-6904,등산
3463,서예린,31,안산 수성구123-45,010-5730-7154,게임
3464,이유진,75,대구 송파구123-45,010-3322-6714,카페 투어
3465,오서연,31,인천 송파구123-45,010-2680-4499,운동
3466,임소율,72,울산 흥덕구123-45,010-8716-4520,보드게임
3467,장예은,49,세종 신제주123-45,010-9169-8469,요리
3468,임서연,51,세종 성북구123-45,010-3863-2044,수영
3469,조수빈,24,부산 일산동구123-45,010-2058-3266,유튜브 보기
3470,서하은,41,화성 강서구123-45,010-1968-2295,독서
3471,김지민,62,대구 일산동구123-45,010-4166-8498,유튜브 보기
3472,강유진,62,남양주 신제주123-45,010-1131-4666,여행
3473,서은우,68,평택 성북구123-45,010-4612-9437,요리
3474,임도윤,27,용인 팔달구123-45,010-5527-5101,게임
3475,이지후,31,용인 해운대구123-45,010-2360-2886,음악감상
3476,윤지원,22,평택 동구123-45,010-9879-7354,웹서핑
3477,서은우,35,대전 덕양구123-45,010-6863-6342,유튜브 보기
3478,임하윤,27,안양 동구123-45,010-5177-2618,여행
3479,한은우,55,평택 북구123-45,010-3151-6252,영화감상
3480,강지원,32,창원 진해구123-45,010-8153-6389,카페 투어
3481,신하은,51,성남 흥덕구123-45,010-7164-7115,음악감상
3482,한현우,65,김해 동구123-45,010-3998-3494,여행
3483,서유진,76,수원 흥덕구123-45,010-7075-7179,운동
3484,신지원,23,포항 동구123-45,010-2835-2251,등산
3485,임지후,50,평택 서북구123-45,010-5697-4629,등산
3486,이은우,56,평택 신제주123-45,010-9438-2576,유튜브 보기
3487,이예린,44,안산 분당구123-45,010-7500-9290,등산
3488,강하윤,33,남양주 서구123-45,010-5171-3996,운동
3489,오수빈,78,광주 성북구123-45,010-7016-8188,요리
3490,서하윤,74,수원 성동구123-45,010-1241-3289,수영
3491,서지후,52,남양주 해운대구123-45,010-2858-2410,독서
3492,최수빈,24,청주 장유동123-45,010-1939-4344,게임
3493,조현우,33,서울 성동구123-45,010-5967-8671,등산
3494,신건우,65,대구 북구123-45,010-5287-1721,드로잉
3495,임수빈,32,전주 장유동123-45,010-1717-6171,등산
3496,정하은,65,인천 해운대구123-45,010-4818-5286,음악감상
3497,이지민,59,포항 신제주123-45,010-5000-1159,여행
3498,임예린,74,고양 흥덕구123-45,010-7520-5768,요리
3499,박은우,72,대전 남구123-45,010-6173-9101,여행
3500,윤은우,48,인천 서북구123-45,010-3551-3319,영화감상
3501,서지민,38,수원 북구123-45,010-1930-8701,드로잉
3502,박도윤,37,안산 흥덕구123-45,010-7948-6990,수영
3503,장건우,59,평택 분당구123-45,010-7923-2536,운동
3504,정예린,65,용인 송파구123-45,010-5180-4908,드로잉
3505,서지원,33,안산 강남구123-45,010-6101-6383,드로잉
3506,최하윤,22,대구 서구123-45,010-1948-8754,사진촬영
3507,김유진,63,남양주 서북구123-45,010-6261-2547,요리
3508,임지후,64,안산 해운대구123-45,010-3112-2018,요리
3509,신지안,75,부산 기흥구123-45,010-9993-6262,드로잉
3510,서지민,64,울산 분당구123-45,010-4726-6397,보드게임
3511,이도윤,78,포항 일산동구123-45,010-8084-4943,독서
3512,이도윤,40,안양 강서구123-45,010-4123-8124,수영
3513,신민수,29,고양 중구123-45,010-5382-5897,웹서핑
3514,서하윤,40,울산 강서구123-45,010-9556-7759,자전거 타기
3515,장도윤,77,포항 일산동구123-45,010-7353-3268,카페 투어
3516,서소율,34,광주 중구123-45,010-2749-4897,사진촬영
3517,신태윤,35,안산 서구123-45,010-6412-7050,자전거 타기
3518,윤태윤,78,성남 성북구123-45,010-8308-9416,카페 투어
3519,윤시우,44,남양주 서구123-45,010-3091-6802,유튜브 보기
3520,한건우,38,전주 분당구123-45,010-6198-3816,보드게임
3521,조지안,41,포항 남구123-45,010-5291-2055,요리
3522,최지후,26,성남 유성구123-45,010-3688-8912,등산
3523,박민수,42,성남 일산동구123-45,010-4457-7097,유튜브 보기
3524,신시우,64,세종 신제주123-45,010-3670-5794,게임
3525,오하은,30,화성 강남구123-45,010-1827-6145,웹서핑
3526,강지원,60,전주 장유동123-45,010-2766-4063,자전거 타기
3527,장하은,45,천안 서북구123-45,010-1909-8904,요리
3528,조예은,68,김해 유성구123-45,010-2805-8783,여행
3529,정지원,24,제주 북구123-45,010-3428-1360,웹서핑
3530,강현우,60,세종 중구123-45,010-9376-8420,드로잉
3531,윤도윤,79,울산 팔달구123-45,010-8270-8249,뜨개질
3532,임시우,49,인천 진해구123-45,010-2236-9167,뜨개질
3533,서현우,21,대구 덕진구123-45,010-2030-3476,등산
3534,서수빈,53,천안 강남구123-45,010-4021-6272,웹서핑
3535,윤서준,37,전주 강남구123-45,010-5427-7890,여행
3536,장지원,64,대전 분당구123-45,010-7497-6137,수영
3537,이민수,22,수원 서구123-45,010-2242-2236,뜨개질
3538,강현우,28,울산 서북구123-45,010-5733-3411,자전거 타기
3539,정소율,47,안산 해운대구123-45,010-4102-8324,등산
3540,한수빈,77,수원 남구123-45,010-8653-8855,수영
3541,신도윤,74,서울 덕진구123-45,010-8662-3121,자전거 타기
3542,임서연,45,광주 진해구123-45,010-1912-3365,수영
3543,박하은,41,창원 분당구123-45,010-7846-4550,사진촬영
3544,박지안,72,안산 강남구123-45,010-2673-3679,카페 투어
3545,장하윤,75,인천 덕양구123-45,010-5795-2883,여행
3546,윤지원,64,화성 기흥구123-45,010-3022-7397,보드게임
3547,최시우,66,평택 팔달구123-45,010-3347-7306,사진촬영
3548,서도윤,61,전주 덕진구123-45,010-1283-3546,영화감상
3549,최지안,59,세종 성북구123-45,010-6978-5010,수영
3550,이태윤,73,천안 덕양구123-45,010-9127-5509,운동
3551,최지후,28,안산 달서구123-45,010-1053-7062,뜨개질
3552,장도윤,52,평택 서구123-45,010-5117-5056,요리
3553,최건우,32,울산 해운대구123-45,010-1074-1726,웹서핑
3554,최현우,63,세종 일산동구123-45,010-4123-9203,뜨개질
3555,이수빈,65,대구 분당구123-45,010-6084-6795,보드게임
3556,서지원,28,울산 북구123-45,010-8334-5080,뜨개질
3557,김민수,60,세종 분당구123-45,010-7618-4223,수영
3558,이지후,63,제주 성북구123-45,010-3970-6488,자전거 타기
3559,신지원,62,제주 서북구123-45,010-5552-1449,음악감상
3560,김하윤,46,대구 북구123-45,010-6229-9764,등산
3561,윤민수,52,인천 분당구123-45,010-6908-2732,여행
3562,이유진,37,대구 강서구123-45,010-7764-1108,요리
3563,이도윤,34,용인 장유동123-45,010-5706-1008,여행
3564,강지후,70,제주 팔달구123-45,010-8164-5682,운동
3565,장태윤,63,고양 성동구123-45,010-1607-6454,수영
3566,강현우,53,평택 중구123-45,010-4897-1007,웹서핑
3567,최지원,55,남양주 일산동구123-45,010-8160-4888,영화감상
3568,임유진,60,광주 남구123-45,010-1562-9219,요리
3569,최수빈,51,부산 일산동구123-45,010-1979-7557,일기 쓰기
3570,서민수,63,전주 남구123-45,010-4594-7936,자전거 타기
3571,신현우,75,울산 신제주123-45,010-8059-9544,드로잉
3572,윤지안,27,김해 동구123-45,010-1983-2423,유튜브 보기
3573,정지민,34,광주 서북구123-45,010-5351-4249,드로잉
3574,정서준,38,화성 서구123-45,010-8213-6616,드로잉
3575,최서준,27,청주 해운대구123-45,010-8148-3401,수영
3576,신민수,33,전주 강서구123-45,010-6283-2917,보드게임
3577,조하은,69,부산 달서구123-45,010-7653-4706,웹서핑
3578,최예린,32,안산 유성구123-45,010-4876-3967,사진촬영
3579,최지안,67,고양 강남구123-45,010-6537-8619,운동
3580,박수빈,52,광주 달서구123-45,010-4150-5527,자전거 타기
3581,조서준,28,창원 흥덕구123-45,010-4108-5839,독서
3582,임하윤,55,청주 덕진구123-45,010-8605-9717,드로잉
3583,임예린,63,대전 수성구123-45,010-3868-8398,등산
3584,정예린,21,성남 팔달구123-45,010-7640-6043,여행
3585,정예린,75,고양 서북구123-45,010-5844-2297,웹서핑
3586,서태윤,20,부산 동구123-45,010-5722-1794,보드게임
3587,신태윤,67,울산 송파구123-45,010-7683-5602,보드게임
3588,최하은,60,고양 강서구123-45,010-6873-6298,드로잉
3589,이지민,53,남양주 덕양구123-45,010-5286-7001,보드게임
3590,서지후,22,인천 성동구123-45,010-8146-6630,영화감상
3591,강은우,54,전주 덕진구123-45,010-1056-2670,요리
3592,이지원,76,창원 해운대구123-45,010-8569-9092,요리
3593,신은우,48,인천 해운대구123-45,010-8920-3604,드로잉
3594,조예린,31,부산 분당구123-45,010-8396-3392,드로잉
3595,장민수,58,남양주 일산동구123-45,010-4194-3708,일기 쓰기
3596,정예린,67,세종 일산동구123-45,010-3280-5961,게임
3597,한예은,62,안양 분당구123-45,010-6371-6965,여행
3598,장서연,53,용인 수성구123-45,010-7290-7521,카페 투어
3599,오수빈,25,부산 장유동123-45,010-9601-6626,자전거 타기
3600,임지후,23,전주 신제주123-45,010-7855-6713,자전거 타기
3601,임수빈,76,전주 장유동123-45,010-1327-1979,일기 쓰기
3602,김하윤,29,김해 일산동구123-45,010-1011-2657,뜨개질
3603,윤현우,28,청주 기흥구123-45,010-2612-4537,게임
3604,강지원,41,전주 기흥구123-45,010-1044-7355,뜨개질
3605,최도윤,45,용인 동구123-45,010-2541-1509,요리
3606,임예은,67,안양 덕진구123-45,010-5575-8712,드로잉
3607,한은우,54,대전 남구123-45,010-5701-8824,요리
3608,서지민,49,울산 팔달구123-45,010-2664-9936,여행
3609,윤하윤,35,인천 덕진구123-45,010-5131-9692,수영
3610,장수빈,79,안양 수성구123-45,010-2830-1565,뜨개질
3611,신도윤,37,대전 서북구123-45,010-7867-8073,영화감상
3612,윤건우,31,전주 흥덕구123-45,010-8060-5936,여행
3613,장지원,76,청주 장유동123-45,010-6051-7864,요리
3614,윤하윤,49,제주 강서구123-45,010-3456-2370,음악감상
3615,신지후,47,평택 해운대구123-45,010-2478-9138,수영
3616,박수빈,74,제주 동구123-45,010-7246-7643,카페 투어
3617,한지안,58,창원 서구123-45,010-7315-4633,유튜브 보기
3618,박수빈,24,세종 팔달구123-45,010-7733-6245,웹서핑
3619,김지안,65,제주 분당구123-45,010-8503-4380,카페 투어
3620,임서준,40,창원 해운대구123-45,010-7536-7777,수영
3621,강서준,43,세종 서북구123-45,010-9541-6342,운동
3622,신은우,29,인천 서북구123-45,010-3005-6047,등산
3623,신서준,23,부산 장유동123-45,010-8204-1895,영화감상
3624,윤지민,47,고양 덕진구123-45,010-3305-1865,독서
3625,강민수,72,포항 달서구123-45,010-2944-2305,자전거 타기
3626,강지원,49,용인 덕진구123-45,010-7984-3904,사진촬영
3627,김수빈,53,성남 신제주123-45,010-9446-4979,등산
3628,강시우,48,안산 신제주123-45,010-2297-5100,수영
3629,정지후,76,성남 달서구123-45,010-4035-9104,독서
3630,박수빈,69,서울 일산동구123-45,010-7911-2911,웹서핑
3631,신서연,66,부산 서구123-45,010-9693-4968,영화감상
3632,윤하윤,30,대전 서구123-45,010-5087-8482,일기 쓰기
3633,정예은,61,제주 일산동구123-45,010-3464-5060,수영
3634,최하윤,48,김해 분당구123-45,010-3928-6438,수영
3635,박현우,48,울산 서북구123-45,010-8242-8933,여행
3636,장시우,31,제주 성동구123-45,010-5085-3979,음악감상
3637,김수빈,49,제주 서구123-45,010-5942-7997,음악감상
3638,장현우,29,화성 팔달구123-45,010-2244-7283,사진촬영
3639,신도윤,69,평택 동구123-45,010-6219-6915,음악감상
3640,정지민,69,고양 진해구123-45,010-6530-8295,여행
3641,서건우,41,부산 수성구123-45,010-3245-3938,등산
3642,김민수,43,수원 덕양구123-45,010-8364-1055,유튜브 보기
3643,장수빈,42,안양 팔달구123-45,010-6586-7227,독서
3644,조유진,58,광주 강남구123-45,010-3262-5637,뜨개질
3645,서지안,41,남양주 북구123-45,010-3749-2949,여행
3646,신수빈,55,화성 성북구123-45,010-1926-2330,드로잉
3647,윤예은,63,청주 강서구123-45,010-5133-1146,여행
3648,이서준,56,포항 성동구123-45,010-6417-8183,요리
3649,김태윤,65,안산 서구123-45,010-2198-7060,웹서핑
3650,최서연,41,서울 남구123-45,010-3636-5420,여행
3651,임시우,23,용인 송파구123-45,010-5254-7227,뜨개질
3652,박시우,59,용인 팔달구123-45,010-1267-1379,게임
3653,오지민,44,광주 덕진구123-45,010-1632-3808,유튜브 보기
3654,박서준,33,포항 유성구123-45,010-9029-5604,드로잉
3655,서현우,60,서울 서구123-45,010-3171-6453,요리
3656,강하윤,41,화성 진해구123-45,010-8381-4410,등산
3657,최예린,36,제주 분당구123-45,010-6924-2929,사진촬영
3658,정하은,46,평택 덕진구123-45,010-3240-9972,유튜브 보기
3659,신소율,44,안산 중구123-45,010-9174-6383,카페 투어
3660,이예은,45,인천 일산동구123-45,010-4461-1427,등산
3661,강유진,71,천안 북구123-45,010-6080-7967,유튜브 보기
3662,김현우,57,고양 수성구123-45,010-6007-6042,음악감상
3663,윤수빈,24,천안 중구123-45,010-7686-7242,음악감상
3664,윤서준,22,포항 성동구123-45,010-4740-9624,등산
3665,정지원,66,광주 중구123-45,010-7637-5433,영화감상
3666,이지안,31,천안 해운대구123-45,010-3593-2839,독서
3667,서서연,32,천안 기흥구123-45,010-3659-6294,수영
3668,윤소율,49,청주 서북구123-45,010-1818-5391,수영
3669,이현우,68,울산 송파구123-45,010-3268-4041,영화감상
3670,오시우,42,남양주 성북구123-45,010-7166-6427,게임
3671,장현우,36,인천 남구123-45,010-3181-7539,요리
3672,조소율,58,고양 강남구123-45,010-8128-7858,카페 투어
3673,최건우,51,인천 흥덕구123-45,010-5171-6309,수영
3674,오서연,58,고양 강서구123-45,010-3422-6533,등산
3675,김지안,39,포항 강서구123-45,010-2636-3712,여행
3676,윤시우,45,화성 성동구123-45,010-1932-6191,사진촬영
3677,김지민,41,부산 흥덕구123-45,010-8684-4190,보드게임
3678,오은우,45,고양 덕양구123-45,010-7193-4695,운동
3679,임은우,59,대구 남구123-45,010-2776-6518,카페 투어
3680,오현우,33,안양 유성구123-45,010-5096-2758,일기 쓰기
3681,조은우,44,성남 팔달구123-45,010-5205-1443,독서
3682,이서준,77,화성 북구123-45,010-5607-6647,뜨개질
3683,이도윤,62,용인 덕양구123-45,010-3649-6702,유튜브 보기
3684,이건우,59,성남 북구123-45,010-2779-3433,등산
3685,장지민,58,화성 북구123-45,010-2736-3494,자전거 타기
3686,조수빈,48,세종 수성구123-45,010-8160-9398,웹서핑
3687,조서연,45,인천 일산동구123-45,010-6439-4974,등산
3688,최시우,60,창원 서북구123-45,010-5044-2822,등산
3689,최도윤,68,안산 일산동구123-45,010-2108-6341,영화감상
3690,이소율,48,대전 강남구123-45,010-2412-1924,게임
3691,조시우,23,수원 덕진구123-45,010-5858-3014,게임
3692,최시우,57,전주 강서구123-45,010-9717-4807,요리
3693,신민수,61,안산 덕양구123-45,010-9216-4418,음악감상
3694,서건우,26,전주 중구123-45,010-1524-3704,일기 쓰기
3695,오지원,26,광주 유성구123-45,010-3523-8544,독서
3696,조지후,21,천안 유성구123-45,010-6757-5234,여행
3697,김하은,47,대전 달서구123-45,010-1558-7891,음악감상
3698,박수빈,45,광주 송파구123-45,010-5718-1724,여행
3699,임건우,48,세종 신제주123-45,010-9344-6482,유튜브 보기
3700,강하윤,67,대전 송파구123-45,010-5956-9920,요리
3701,박지후,60,대구 수성구123-45,010-9229-2736,운동
3702,장지원,79,세종 신제주123-45,010-4819-7702,자전거 타기
3703,윤소율,23,서울 북구123-45,010-2298-5790,뜨개질
3704,강예린,30,안양 유성구123-45,010-7402-3720,수영
3705,신지원,21,부산 기흥구123-45,010-4389-3595,독서
3706,오예린,74,남양주 북구123-45,010-5252-1559,요리
3707,신시우,45,포항 서북구123-45,010-4266-8090,자전거 타기
3708,최하은,59,청주 유성구123-45,010-3319-5228,음악감상
3709,한은우,50,평택 북구123-45,010-8566-9914,영화감상
3710,오지후,27,창원 강서구123-45,010-9503-2023,음악감상
3711,한예은,50,광주 서북구123-45,010-1118-2351,일기 쓰기
3712,윤현우,30,안양 유성구123-45,010-5763-4466,운동
3713,이유진,71,대전 서북구123-45,010-6584-7343,드로잉
3714,정건우,30,서울 장유동123-45,010-9662-5022,수영
3715,정서준,24,세종 팔달구123-45,010-6168-9436,뜨개질
3716,장지안,63,대전 일산동구123-45,010-2318-9035,자전거 타기
3717,김예린,55,용인 강남구123-45,010-8867-3032,독서
3718,강하윤,23,인천 송파구123-45,010-8648-6755,수영
3719,서지후,61,김해 장유동123-45,010-5719-8019,보드게임
3720,박지안,74,대전 흥덕구123-45,010-2240-6967,사진촬영
3721,박서준,64,인천 해운대구123-45,010-6439-1870,뜨개질
3722,오태윤,53,인천 해운대구123-45,010-5444-7624,영화감상
3723,이예은,31,평택 해운대구123-45,010-1978-4738,등산
3724,이예은,42,울산 덕진구123-45,010-2545-1334,유튜브 보기
3725,조하은,64,울산 덕양구123-45,010-1157-9016,보드게임
3726,이수빈,50,창원 달서구123-45,010-9172-8299,운동
3727,임수빈,36,서울 유성구123-45,010-5451-3970,사진촬영
3728,박하은,45,수원 덕진구123-45,010-4618-2639,유튜브 보기
3729,조수빈,36,대구 송파구123-45,010-8939-1064,여행
3730,김수빈,40,서울 남구123-45,010-1247-3957,유튜브 보기
3731,한예린,53,남양주 흥덕구123-45,010-7241-4595,뜨개질
3732,장도윤,33,부산 팔달구123-45,010-5209-9428,웹서핑
3733,장하은,31,김해 강남구123-45,010-8306-8180,드로잉
3734,조유진,28,대전 성북구123-45,010-9917-2974,자전거 타기
3735,장은우,45,서울 기흥구123-45,010-6052-3229,여행
3736,조은우,55,안양 달서구123-45,010-6831-8979,일기 쓰기
3737,한태윤,71,안산 남구123-45,010-9147-8197,여행
3738,한시우,46,전주 동구123-45,010-4798-1765,사진촬영
3739,조유진,22,대구 장유동123-45,010-5652-3223,독서
3740,정은우,58,전주 서구123-45,010-9901-4309,영화감상
3741,서하은,22,전주 진해구123-45,010-5876-2987,요리
3742,조서연,69,안양 기흥구123-45,010-5570-9947,사진촬영
3743,강예은,46,성남 진해구123-45,010-8409-8203,자전거 타기
3744,최태윤,56,서울 장유동123-45,010-5130-8402,일기 쓰기
3745,윤지원,42,안양 신제주123-45,010-6279-7622,독서
3746,김유진,43,천안 신제주123-45,010-6745-1409,영화감상
3747,서은우,46,수원 신제주123-45,010-3755-4759,게임
3748,김소율,27,용인 강서구123-45,010-5597-4281,음악감상
3749,윤예린,37,천안 강남구123-45,010-1971-3982,드로잉
3750,윤지안,34,청주 서구123-45,010-1435-1773,영화감상
3751,이유진,66,광주 덕양구123-45,010-3490-7452,뜨개질
3752,임서연,24,포항 유성구123-45,010-2448-6172,웹서핑
3753,조건우,32,세종 동구123-45,010-4399-2610,여행
3754,장현우,35,울산 성북구123-45,010-5816-7400,보드게임
3755,정지원,58,세종 장유동123-45,010-6479-9882,수영
3756,신지후,23,성남 해운대구123-45,010-6658-1569,여행
3757,오서연,26,안양 분당구123-45,010-5613-4627,뜨개질
3758,윤지안,26,대전 기흥구123-45,010-1201-3385,음악감상
3759,오도윤,61,수원 수성구123-45,010-4416-6616,뜨개질
3760,강지민,40,울산 달서구123-45,010-9802-5937,카페 투어
3761,윤소율,25,용인 덕양구123-45,010-8492-7049,영화감상
3762,최서준,39,수원 수성구123-45,010-7428-5330,뜨개질
3763,강예린,61,세종 유성구123-45,010-5598-7960,등산
3764,조지후,23,평택 덕양구123-45,010-5290-8012,자전거 타기
3765,임건우,59,남양주 팔달구123-45,010-2980-6468,수영
3766,강예린,25,제주 강서구123-45,010-6938-5337,등산
3767,이도윤,60,천안 성북구123-45,010-2154-9720,운동
3768,윤건우,35,포항 덕진구123-45,010-3129-9730,여행
3769,신지후,53,김해 서구123-45,010-4621-3676,운동
3770,신유진,57,안산 해운대구123-45,010-4540-8711,보드게임
3771,김서연,23,김해 덕진구123-45,010-2810-2209,영화감상
3772,장민수,49,광주 해운대구123-45,010-6855-4298,유튜브 보기
3773,한지민,79,세종 서구123-45,010-9559-2968,유튜브 보기
3774,오하은,23,안산 달서구123-45,010-1104-8796,유튜브 보기
3775,박예은,70,안산 흥덕구123-45,010-6592-3707,등산
3776,임시우,57,고양 팔달구123-45,010-5676-9661,사진촬영
3777,장은우,33,포항 유성구123-45,010-1002-6377,등산
3778,장서연,63,포항 기흥구123-45,010-2568-3136,웹서핑
3779,오지안,76,청주 장유동123-45,010-4658-8997,게임
3780,오예린,79,전주 기흥구123-45,010-9328-2268,유튜브 보기
3781,정예은,26,성남 분당구123-45,010-5758-1439,수영
3782,장민수,45,서울 진해구123-45,010-1235-4314,여행
3783,강하윤,67,인천 분당구123-45,010-5466-1601,영화감상
3784,윤수빈,63,안양 송파구123-45,010-2380-4532,웹서핑
3785,오지민,56,제주 북구123-45,010-1699-9426,수영
3786,서소율,53,천안 북구123-45,010-6008-2115,자전거 타기
3787,서지원,77,수원 남구123-45,010-7071-4541,여행
3788,박예린,68,대구 성동구123-45,010-6534-3144,보드게임
3789,임예린,33,포항 분당구123-45,010-3833-7578,운동
3790,윤태윤,38,화성 진해구123-45,010-4553-7828,영화감상
3791,임서준,59,청주 북구123-45,010-6128-5810,뜨개질
3792,장건우,31,고양 장유동123-45,010-1023-6991,웹서핑
3793,조지후,46,창원 달서구123-45,010-2697-6175,카페 투어
3794,조유진,49,안산 동구123-45,010-6205-9243,영화감상
3795,임소율,29,전주 달서구123-45,010-4359-2672,요리
3796,박민수,52,제주 서북구123-45,010-5448-4000,뜨개질
3797,한소율,38,청주 장유동123-45,010-2193-1696,음악감상
3798,윤하윤,26,남양주 진해구123-45,010-1596-4120,드로잉
3799,정하은,75,울산 장유동123-45,010-5315-2359,음악감상
3800,장건우,39,전주 서북구123-45,010-2007-4300,뜨개질
3801,윤지후,35,용인 서북구123-45,010-8059-8894,등산
3802,오지안,57,인천 달서구123-45,010-6958-5261,여행
3803,박예린,28,광주 서구123-45,010-4684-3374,자전거 타기
3804,서예은,56,전주 중구123-45,010-8197-3523,독서
3805,이은우,63,용인 중구123-45,010-9861-7489,영화감상
3806,조현우,62,울산 서북구123-45,010-7587-5896,음악감상
3807,한은우,78,고양 중구123-45,010-3914-5191,사진촬영
3808,박예린,67,대전 진해구123-45,010-4115-3341,카페 투어
3809,서수빈,60,전주 강서구123-45,010-2233-7705,뜨개질
3810,신예은,40,대전 해운대구123-45,010-5379-5299,음악감상
3811,서유진,79,안양 강서구123-45,010-5589-5016,카페 투어
3812,장예린,55,남양주 흥덕구123-45,010-1224-7090,웹서핑
3813,최시우,32,안양 흥덕구123-45,010-4709-5269,음악감상
3814,조태윤,72,창원 남구123-45,010-4062-3708,등산
3815,임건우,20,화성 진해구123-45,010-5126-3562,웹서핑
3816,서현우,69,화성 유성구123-45,010-4515-6145,요리
3817,김태윤,32,안산 흥덕구123-45,010-6587-5879,독서
3818,조지후,70,포항 덕양구123-45,010-9196-2331,게임
3819,임현우,44,전주 북구123-45,010-3003-5045,독서
3820,장은우,73,울산 덕진구123-45,010-2118-4387,유튜브 보기
3821,최지민,31,대전 수성구123-45,010-4762-9733,영화감상
3822,최수빈,26,인천 북구123-45,010-3710-1954,등산
3823,신도윤,45,청주 수성구123-45,010-9837-2416,운동
3824,강하은,35,세종 일산동구123-45,010-1992-4128,일기 쓰기
3825,정도윤,47,고양 팔달구123-45,010-3034-2536,음악감상
3826,강수빈,28,안산 장유동123-45,010-5826-2488,유튜브 보기
3827,이서준,33,서울 해운대구123-45,010-6004-1829,자전거 타기
3828,임건우,70,수원 신제주123-45,010-2393-1488,사진촬영
3829,윤도윤,54,창원 팔달구123-45,010-5195-1192,독서
3830,김지후,47,포항 수성구123-45,010-5369-5956,뜨개질
3831,이서준,62,인천 유성구123-45,010-9017-3242,독서
3832,신태윤,24,대구 덕진구123-45,010-5945-5787,뜨개질
3833,장지후,33,고양 북구123-45,010-7173-4180,일기 쓰기
3834,장지원,61,창원 동구123-45,010-2996-4511,자전거 타기
3835,박지안,38,광주 흥덕구123-45,010-7986-7584,요리
3836,조하윤,35,광주 덕진구123-45,010-8104-2849,웹서핑
3837,오하은,52,청주 성동구123-45,010-6728-9110,여행
3838,조수빈,36,천안 남구123-45,010-3729-7881,유튜브 보기
3839,서예린,77,인천 달서구123-45,010-3553-7751,드로잉
3840,김소율,32,울산 남구123-45,010-2926-5769,등산
3841,정현우,71,부산 흥덕구123-45,010-3452-9932,독서
3842,최지안,57,화성 달서구123-45,010-9354-2994,사진촬영
3843,한지원,61,김해 팔달구123-45,010-3261-5910,여행
3844,정도윤,39,수원 덕양구123-45,010-4995-4844,일기 쓰기
3845,김지원,25,부산 중구123-45,010-4537-4799,드로잉
3846,박건우,55,청주 성동구123-45,010-7326-7281,등산
3847,장은우,68,남양주 분당구123-45,010-2413-5199,사진촬영
3848,최시우,67,안산 수성구123-45,010-5567-6106,운동
3849,윤현우,28,용인 팔달구123-45,010-4239-1831,영화감상
3850,윤도윤,36,전주 송파구123-45,010-2396-5679,사진촬영
3851,신지안,20,포항 강서구123-45,010-8987-9024,수영
3852,강유진,46,울산 서구123-45,010-1658-3627,운동
3853,오지민,38,서울 남구123-45,010-1878-9420,자전거 타기
3854,이민수,22,청주 송파구123-45,010-4382-7861,음악감상
3855,이지민,35,제주 진해구123-45,010-6486-3762,수영
3856,정시우,58,김해 남구123-45,010-6189-1446,운동
3857,강민수,52,제주 진해구123-45,010-9447-3461,보드게임
3858,장소율,58,세종 해운대구123-45,010-6235-6464,게임
3859,장지안,30,울산 달서구123-45,010-7246-6293,게임
3860,임은우,48,대전 서구123-45,010-5070-4573,자전거 타기
3861,김서준,45,창원 동구123-45,010-6160-2587,카페 투어
3862,최지원,36,화성 일산동구123-45,010-5971-6635,수영
3863,조은우,20,용인 서구123-45,010-9971-7465,운동
3864,서민수,64,부산 수성구123-45,010-2655-9286,운동
3865,이은우,55,안산 강남구123-45,010-7674-2631,드로잉
3866,박은우,24,김해 일산동구123-45,010-9902-4789,자전거 타기
3867,오서연,75,세종 해운대구123-45,010-6197-4166,음악감상
3868,임예린,54,천안 덕양구123-45,010-5822-6370,게임
3869,오서준,52,부산 북구123-45,010-2638-5463,뜨개질
3870,임은우,22,수원 덕양구123-45,010-4244-7309,사진촬영
3871,강예은,33,고양 일산동구123-45,010-4756-6483,등산
3872,김서준,29,성남 일산동구123-45,010-2053-8809,게임
3873,오건우,30,김해 북구123-45,010-1371-4923,여행
3874,강예은,69,청주 수성구123-45,010-1509-3548,수영
3875,신현우,39,김해 신제주123-45,010-3384-1009,뜨개질
3876,최현우,31,포항 일산동구123-45,010-1890-2858,카페 투어
3877,임건우,59,용인 서북구123-45,010-7720-7357,독서
3878,오태윤,26,광주 성동구123-45,010-7041-3666,운동
3879,장지민,33,포항 분당구123-45,010-5577-4840,일기 쓰기
3880,정현우,66,광주 달서구123-45,010-2247-2743,독서
3881,이예린,60,세종 기흥구123-45,010-6135-4611,뜨개질
3882,김하은,26,김해 일산동구123-45,010-3552-1487,웹서핑
3883,김소율,27,광주 강서구123-45,010-3735-9040,뜨개질
3884,윤수빈,79,성남 달서구123-45,010-1867-1726,음악감상
3885,박현우,76,전주 수성구123-45,010-6663-7502,음악감상
3886,신건우,26,부산 강남구123-45,010-9051-2643,영화감상
3887,최건우,44,포항 진해구123-45,010-7554-4944,보드게임
3888,이태윤,58,창원 유성구123-45,010-4557-6272,수영
3889,박지안,61,서울 남구123-45,010-6415-6582,카페 투어
3890,오서준,29,화성 성북구123-45,010-6680-7965,드로잉
3891,윤현우,26,고양 신제주123-45,010-1563-8626,음악감상
3892,장지민,38,울산 수성구123-45,010-3727-8349,게임
3893,오하은,37,용인 중구123-45,010-1105-1675,보드게임
3894,강지민,70,수원 흥덕구123-45,010-3344-3791,수영
3895,박도윤,27,창원 신제주123-45,010-1656-4356,게임
3896,임민수,56,천안 서구123-45,010-3616-6660,독서
3897,오예은,65,김해 강서구123-45,010-6276-8341,수영
3898,임서준,24,천안 기흥구123-45,010-9620-6959,영화감상
3899,신서준,28,울산 달서구123-45,010-5027-6215,보드게임
3900,오현우,69,용인 서북구123-45,010-7064-6647,보드게임
3901,최시우,29,부산 강서구123-45,010-9072-1339,드로잉
3902,윤은우,20,포항 서북구123-45,010-2610-8278,일기 쓰기
3903,정시우,65,인천 성동구123-45,010-1002-8715,요리
3904,김하은,67,인천 흥덕구123-45,010-3975-1788,등산
3905,윤지민,65,광주 유성구123-45,010-1701-9007,카페 투어
3906,박민수,34,울산 달서구123-45,010-3020-4595,드로잉
3907,이시우,29,남양주 팔달구123-45,010-8439-3408,등산
3908,박수빈,63,평택 강서구123-45,010-6621-5228,사진촬영
3909,최도윤,44,수원 기흥구123-45,010-1972-1575,일기 쓰기
3910,박지후,46,수원 남구123-45,010-3153-3424,보드게임
3911,조지안,58,화성 중구123-45,010-2329-6581,유튜브 보기
3912,신서연,20,평택 강남구123-45,010-2803-5919,뜨개질
3913,강민수,24,세종 기흥구123-45,010-5755-6084,여행
3914,한유진,63,제주 강남구123-45,010-6144-2851,드로잉
3915,한소율,22,천안 강서구123-45,010-1959-5955,뜨개질
3916,오소율,52,대구 신제주123-45,010-8455-2781,자전거 타기
3917,박태윤,27,부산 남구123-45,010-1059-5541,웹서핑
3918,신소율,63,인천 기흥구123-45,010-5427-8397,등산
3919,강수빈,30,안산 중구123-45,010-9755-6826,여행
3920,조하윤,41,대구 해운대구123-45,010-5346-7238,사진촬영
3921,신소율,38,대전 강남구123-45,010-8652-4460,자전거 타기
3922,최예은,76,평택 송파구123-45,010-1337-7854,등산
3923,이도윤,46,포항 강서구123-45,010-3668-9690,드로잉
3924,임민수,20,용인 분당구123-45,010-4077-7913,사진촬영
3925,오예은,44,용인 달서구123-45,010-7975-5087,사진촬영
3926,신도윤,51,울산 신제주123-45,010-5738-4750,일기 쓰기
3927,윤민수,46,부산 수성구123-45,010-2018-3779,등산
3928,오서준,69,안양 일산동구123-45,010-5542-8471,독서
3929,강수빈,79,안산 기흥구123-45,010-2226-7407,웹서핑
3930,임소율,75,전주 강서구123-45,010-4630-9349,게임
3931,정하은,41,평택 강남구123-45,010-6957-8829,운동
3932,박지후,36,대전 해운대구123-45,010-5311-1312,뜨개질
3933,신서연,49,화성 서북구123-45,010-4743-9140,자전거 타기
3934,오건우,62,용인 북구123-45,010-4541-2650,드로잉
3935,한예은,25,창원 분당구123-45,010-4469-6311,음악감상
3936,한하윤,40,제주 장유동123-45,010-2174-6804,영화감상
3937,최지안,72,인천 동구123-45,010-6924-8278,수영
3938,조예은,79,안산 북구123-45,010-4135-1926,독서
3939,한하은,48,천안 덕양구123-45,010-6138-4970,웹서핑
3940,윤시우,74,부산 신제주123-45,010-1133-3819,카페 투어
3941,정민수,42,대구 덕양구123-45,010-2003-7013,보드게임
3942,신은우,77,고양 흥덕구123-45,010-7140-7417,카페 투어
3943,정도윤,39,부산 남구123-45,010-1612-8750,보드게임
3944,윤지민,75,인천 달서구123-45,010-1410-1732,유튜브 보기
3945,윤예린,56,인천 흥덕구123-45,010-5579-4576,뜨개질
3946,신건우,37,성남 서북구123-45,010-1116-8099,요리
3947,강시우,73,안산 달서구123-45,010-2907-7099,여행
3948,윤서준,49,울산 기흥구123-45,010-9135-1888,음악감상
3949,박도윤,33,포항 북구123-45,010-5547-1168,뜨개질
3950,이현우,79,수원 중구123-45,010-8224-2220,여행
3951,한태윤,52,인천 해운대구123-45,010-6568-7737,자전거 타기
3952,최시우,40,부산 일산동구123-45,010-5267-5903,음악감상
3953,조예은,51,울산 수성구123-45,010-6405-6957,여행
3954,최예린,26,성남 성북구123-45,010-7454-1227,음악감상
3955,한서연,38,김해 덕진구123-45,010-1273-7815,독서
3956,임지원,46,안양 중구123-45,010-6062-7361,운동
3957,강하윤,24,전주 진해구123-45,010-5480-2151,사진촬영
3958,박지안,48,창원 신제주123-45,010-6631-4610,드로잉
3959,장소율,25,전주 성동구123-45,010-4536-7294,자전거 타기
3960,서서준,73,제주 분당구123-45,010-1912-3350,등산
3961,신유진,45,부산 해운대구123-45,010-4468-3926,자전거 타기
3962,한현우,67,안산 중구123-45,010-9644-7055,드로잉
3963,정건우,55,김해 남구123-45,010-8699-1334,게임
3964,박민수,30,안산 남구123-45,010-3737-6693,드로잉
3965,오유진,78,울산 남구123-45,010-4361-3425,여행
3966,오현우,28,대구 북구123-45,010-3515-6755,운동
3967,장예은,40,대구 장유동123-45,010-2172-3367,여행
3968,최도윤,33,세종 팔달구123-45,010-2361-9952,드로잉
3969,김지원,75,울산 유성구123-45,010-7983-6833,자전거 타기
3970,오하윤,39,대전 달서구123-45,010-1566-2173,음악감상
3971,강서준,50,대구 팔달구123-45,010-7961-4025,자전거 타기
3972,조서연,30,광주 덕양구123-45,010-5904-5957,보드게임
3973,윤민수,23,포항 송파구123-45,010-1294-6534,유튜브 보기
3974,장은우,76,대전 장유동123-45,010-6716-4975,일기 쓰기
3975,임지후,51,수원 유성구123-45,010-2676-3211,등산
3976,한하윤,49,김해 성북구123-45,010-6318-9741,유튜브 보기
3977,이건우,52,안양 성동구123-45,010-5551-9952,게임
3978,김현우,22,김해 강서구123-45,010-5716-9095,뜨개질
3979,오은우,25,광주 기흥구123-45,010-9756-4334,독서
3980,신소율,77,울산 동구123-45,010-6387-6375,웹서핑
3981,강은우,52,대구 해운대구123-45,010-7840-4943,보드게임
3982,윤시우,31,고양 강남구123-45,010-1920-6206,여행
3983,장지민,30,세종 송파구123-45,010-3704-6003,여행
3984,최서연,64,용인 송파구123-45,010-1032-6365,뜨개질
3985,조도윤,64,용인 기흥구123-45,010-2850-9170,일기 쓰기
3986,박시우,33,천안 서북구123-45,010-3743-1180,웹서핑
3987,박예은,79,세종 강서구123-45,010-5858-3863,독서
3988,장예은,28,김해 서북구123-45,010-8931-5021,여행
3989,조은우,35,전주 덕양구123-45,010-5102-5963,영화감상
3990,최시우,77,화성 서구123-45,010-9201-7465,드로잉
3991,오은우,47,세종 흥덕구123-45,010-2689-3533,사진촬영
3992,오지민,62,세종 장유동123-45,010-1670-1856,유튜브 보기
3993,이소율,47,안산 장유동123-45,010-6482-5224,사진촬영
3994,서서연,75,인천 장유동123-45,010-9142-4173,운동
3995,한지민,32,안양 강서구123-45,010-6965-8364,요리
3996,장유진,69,남양주 남구123-45,010-7359-3118,게임
3997,강예린,62,인천 달서구123-45,010-4640-6290,게임
3998,조하윤,70,천안 신제주123-45,010-5246-3455,보드게임
3999,장시우,60,수원 달서구123-45,010-3054-7211,자전거 타기
4000,윤예은,55,광주 신제주123-45,010-7016-6327,수영
4001,서은우,74,대전 남구123-45,010-4126-8769,음악감상
4002,서시우,52,용인 남구123-45,010-1025-3664,드로잉
4003,임도윤,52,평택 분당구123-45,010-1620-4667,보드게임
4004,정지안,66,안산 분당구123-45,010-5415-6739,독서
4005,한지안,57,고양 진해구123-45,010-5558-4236,여행
4006,오서준,51,남양주 수성구123-45,010-4359-5960,독서
4007,정소율,44,성남 수성구123-45,010-2231-3060,독서
4008,신예린,35,대구 흥덕구123-45,010-5238-9577,여행
4009,서유진,20,창원 동구123-45,010-8150-2541,등산
4010,한유진,36,인천 기흥구123-45,010-7656-9935,유튜브 보기
4011,최건우,64,김해 진해구123-45,010-3752-4990,운동
4012,정유진,42,대구 팔달구123-45,010-2692-2339,사진촬영
4013,정소율,30,서울 흥덕구123-45,010-1416-5498,수영
4014,임서준,63,전주 동구123-45,010-1229-9685,등산
4015,정지원,75,화성 성북구123-45,010-6877-8257,드로잉
4016,조소율,59,부산 유성구123-45,010-7353-9487,영화감상
4017,정현우,33,안양 남구123-45,010-6235-3660,여행
4018,정예은,36,대전 성북구123-45,010-1684-2809,음악감상
4019,최시우,71,평택 해운대구123-45,010-1903-1932,영화감상
4020,이수빈,26,성남 일산동구123-45,010-9396-1757,유튜브 보기
4021,강수빈,59,고양 장유동123-45,010-9319-2619,자전거 타기
4022,박하윤,34,창원 서구123-45,010-3695-2644,독서
4023,김태윤,54,용인 신제주123-45,010-2191-8824,뜨개질
4024,서예린,74,성남 송파구123-45,010-7295-8087,등산
4025,박서준,25,김해 성동구123-45,010-8212-3166,수영
4026,최시우,62,서울 흥덕구123-45,010-3068-4799,유튜브 보기
4027,최현우,49,안산 달서구123-45,010-4235-4477,뜨개질
4028,박지원,48,안산 장유동123-45,010-3889-9452,음악감상
4029,강태윤,71,용인 송파구123-45,010-8058-3831,유튜브 보기
4030,최서준,68,광주 서북구123-45,010-6445-3311,운동
4031,장서연,56,성남 장유동123-45,010-3829-3939,영화감상
4032,윤시우,60,광주 송파구123-45,010-7082-9027,뜨개질
4033,정현우,41,수원 서구123-45,010-1065-3412,여행
4034,한서준,72,안양 해운대구123-45,010-4992-7263,수영
4035,한하윤,62,전주 일산동구123-45,010-1827-5226,카페 투어
4036,신소율,70,전주 서구123-45,010-5379-1261,운동
4037,오지안,30,울산 분당구123-45,010-8273-7446,게임
4038,서수빈,78,부산 성동구123-45,010-9015-8702,등산
4039,이하윤,41,부산 중구123-45,010-5991-6625,보드게임
4040,강하은,34,세종 동구123-45,010-3882-8570,카페 투어
4041,최도윤,44,서울 장유동123-45,010-1090-7669,게임
4042,조시우,26,평택 기흥구123-45,010-3649-3179,일기 쓰기
4043,김건우,35,용인 흥덕구123-45,010-8608-7394,여행
4044,장소율,71,부산 덕양구123-45,010-1224-2874,게임
4045,김현우,53,안산 성동구123-45,010-9989-7625,웹서핑
4046,조현우,63,제주 중구123-45,010-8629-7751,수영
4047,박유진,41,평택 장유동123-45,010-9566-7059,뜨개질
4048,강예린,50,청주 송파구123-45,010-8709-4596,자전거 타기
4049,정하윤,26,부산 수성구123-45,010-4272-6057,음악감상
4050,이지후,50,부산 강서구123-45,010-1221-4442,뜨개질
4051,최소율,75,서울 중구123-45,010-1585-9349,카페 투어
4052,신지안,71,세종 일산동구123-45,010-4170-4898,유튜브 보기
4053,윤서연,26,고양 강서구123-45,010-9076-5214,요리
4054,이유진,55,포항 남구123-45,010-4824-5780,여행
4055,조하은,69,광주 일산동구123-45,010-5520-9263,여행
4056,조예은,42,대구 유성구123-45,010-6501-4906,유튜브 보기
4057,신현우,71,용인 서북구123-45,010-5674-1849,뜨개질
4058,오유진,38,고양 기흥구123-45,010-5438-4029,운동
4059,신은우,62,포항 기흥구123-45,010-2989-8539,음악감상
4060,임서준,35,대전 기흥구123-45,010-2272-2789,음악감상
4061,김지안,75,서울 동구123-45,010-2328-5911,요리
4062,최예린,39,포항 강남구123-45,010-3823-7188,사진촬영
4063,서태윤,20,제주 해운대구123-45,010-6975-6647,수영
4064,이소율,74,김해 팔달구123-45,010-5041-4147,뜨개질
4065,이태윤,36,포항 덕양구123-45,010-7744-6395,일기 쓰기
4066,조도윤,65,성남 일산동구123-45,010-4411-5530,웹서핑
4067,정예은,45,세종 분당구123-45,010-2063-6564,운동
4068,임시우,66,남양주 서북구123-45,010-2506-5851,보드게임
4069,강소율,28,창원 성북구123-45,010-6153-2260,웹서핑
4070,최유진,61,고양 팔달구123-45,010-1930-8295,웹서핑
4071,한태윤,50,안양 해운대구123-45,010-1667-5770,운동
4072,이태윤,76,고양 서구123-45,010-7962-5047,일기 쓰기
4073,임서준,20,광주 일산동구123-45,010-4850-4969,요리
4074,오지원,75,남양주 수성구123-45,010-5173-4459,일기 쓰기
4075,장하은,66,창원 강남구123-45,010-3036-9177,독서
4076,장서준,52,대전 강서구123-45,010-7000-3077,보드게임
4077,조지안,67,성남 성북구123-45,010-3269-5723,요리
4078,오예은,47,광주 중구123-45,010-6066-1270,게임
4079,김도윤,47,성남 해운대구123-45,010-8482-6505,웹서핑
4080,박서연,46,성남 팔달구123-45,010-7582-1558,웹서핑
4081,정서준,59,성남 송파구123-45,010-2673-5690,수영
4082,이예린,41,창원 신제주123-45,010-4834-6943,일기 쓰기
4083,장지민,63,평택 송파구123-45,010-9918-3209,수영
4084,장건우,45,수원 성동구123-45,010-7963-6306,카페 투어
4085,서지민,22,광주 북구123-45,010-3622-8846,요리
4086,강건우,28,김해 성동구123-45,010-6070-9431,수영
4087,정유진,40,김해 서북구123-45,010-3622-3178,드로잉
4088,오지원,51,천안 덕진구123-45,010-7535-5409,뜨개질
4089,신지안,65,고양 팔달구123-45,010-2044-2831,여행
4090,박하윤,78,천안 송파구123-45,010-4660-9190,드로잉
4091,서소율,28,울산 달서구123-45,010-6404-9876,운동
4092,이서연,54,안산 송파구123-45,010-4986-8458,독서
4093,강예은,76,창원 해운대구123-45,010-4699-5092,영화감상
4094,박은우,65,울산 팔달구123-45,010-5630-1180,자전거 타기
4095,정도윤,51,김해 분당구123-45,010-5974-1431,웹서핑
4096,박수빈,35,김해 수성구123-45,010-6604-8014,영화감상
4097,신시우,23,성남 유성구123-45,010-5411-1279,자전거 타기
4098,조소율,30,광주 송파구123-45,010-7530-8329,자전거 타기
4099,조도윤,59,안산 송파구123-45,010-4806-3779,드로잉
4100,정서연,54,포항 유성구123-45,010-5045-9141,카페 투어
4101,김지민,57,울산 달서구123-45,010-8140-1774,독서
4102,박하은,68,남양주 송파구123-45,010-1050-8837,영화감상
4103,윤은우,26,인천 성북구123-45,010-6506-2055,일기 쓰기
4104,최소율,34,화성 성동구123-45,010-7725-5639,음악감상
4105,박도윤,76,청주 강서구123-45,010-7142-5002,음악감상
4106,정지안,21,인천 성북구123-45,010-8941-3103,카페 투어
4107,장하윤,46,김해 송파구123-45,010-7516-2901,독서
4108,신유진,77,천안 송파구123-45,010-1965-3812,수영
4109,오도윤,30,청주 송파구123-45,010-1737-4586,자전거 타기
4110,조수빈,23,천안 덕양구123-45,010-1786-6568,등산
4111,박서준,65,울산 신제주123-45,010-9339-7459,유튜브 보기
4112,강지민,69,대전 성북구123-45,010-3915-1932,카페 투어
4113,최지후,28,제주 성북구123-45,010-7150-6656,카페 투어
4114,정도윤,75,청주 성북구123-45,010-6003-8640,수영
4115,신하은,36,고양 기흥구123-45,010-8847-5610,수영
4116,조유진,31,안양 강남구123-45,010-5256-7542,음악감상
4117,한현우,61,청주 신제주123-45,010-5131-2842,자전거 타기
4118,신유진,45,제주 장유동123-45,010-4143-8695,카페 투어
4119,임시우,58,평택 진해구123-45,010-7976-9433,일기 쓰기
4120,박서연,63,광주 해운대구123-45,010-4573-2155,등산
4121,박민수,31,안산 서북구123-45,010-8802-3745,뜨개질
4122,오지원,77,울산 일산동구123-45,010-5750-3148,보드게임
4123,김태윤,65,김해 수성구123-45,010-1494-3586,뜨개질
4124,임수빈,53,대전 팔달구123-45,010-5512-3555,등산
4125,김도윤,36,대전 북구123-45,010-9345-2237,수영
4126,서건우,35,평택 수성구123-45,010-2808-1617,뜨개질
4127,오지원,23,세종 성북구123-45,010-9769-1387,운동
4128,한하은,20,대전 신제주123-45,010-2019-6726,드로잉
4129,오소율,70,고양 송파구123-45,010-8778-1158,음악감상
4130,최건우,42,고양 서북구123-45,010-2061-1756,음악감상
4131,이유진,25,안산 성북구123-45,010-4233-4198,사진촬영
4132,최서연,66,울산 중구123-45,010-7172-3692,드로잉
4133,조지민,23,세종 진해구123-45,010-1251-1083,수영
4134,조하은,56,남양주 덕양구123-45,010-8853-5422,카페 투어
4135,서서준,47,울산 진해구123-45,010-5686-2113,독서
4136,장지안,61,수원 중구123-45,010-3117-2908,음악감상
4137,최하은,48,서울 달서구123-45,010-4678-8630,등산
4138,한예린,51,울산 강서구123-45,010-2665-3207,영화감상
4139,조지민,65,화성 장유동123-45,010-9760-4196,영화감상
4140,임수빈,34,부산 덕진구123-45,010-6597-6639,유튜브 보기
4141,이시우,24,용인 장유동123-45,010-7874-1845,일기 쓰기
4142,조민수,23,안산 강서구123-45,010-4735-6511,수영
4143,서태윤,34,대전 동구123-45,010-2384-5017,뜨개질
4144,강은우,61,인천 북구123-45,010-9188-6581,뜨개질
4145,임서연,69,창원 성동구123-45,010-7951-4049,수영
4146,강도윤,50,청주 유성구123-45,010-1440-4629,드로잉
4147,임민수,76,용인 팔달구123-45,010-9852-5878,웹서핑
4148,강현우,37,남양주 해운대구123-45,010-7530-6238,사진촬영
4149,이예은,41,포항 흥덕구123-45,010-9621-6066,일기 쓰기
4150,김예은,39,고양 수성구123-45,010-7989-4434,웹서핑
4151,박태윤,57,제주 일산동구123-45,010-3061-5125,사진촬영
4152,윤지원,20,서울 서구123-45,010-2630-1778,유튜브 보기
4153,임현우,45,김해 팔달구123-45,010-1427-2919,보드게임
4154,이도윤,53,안산 송파구123-45,010-5420-2230,여행
4155,윤지후,34,부산 팔달구123-45,010-6204-2764,수영
4156,장지원,56,안산 강서구123-45,010-3794-6944,보드게임
4157,장하윤,33,남양주 동구123-45,010-9747-1442,사진촬영
4158,한지안,33,부산 중구123-45,010-6839-6129,뜨개질
4159,신태윤,27,부산 팔달구123-45,010-2839-1611,등산
4160,정서연,62,전주 서구123-45,010-3462-1146,영화감상
4161,김지안,21,광주 서북구123-45,010-5557-1129,수영
4162,정수빈,67,인천 해운대구123-45,010-5948-7907,뜨개질
4163,강예린,55,세종 기흥구123-45,010-5360-8684,운동
4164,윤현우,50,김해 흥덕구123-45,010-2368-2598,카페 투어
4165,한시우,52,대전 북구123-45,010-6663-1053,영화감상
4166,정하은,39,평택 북구123-45,010-9821-5379,자전거 타기
4167,이현우,76,청주 해운대구123-45,010-4222-4270,카페 투어
4168,신예린,51,천안 성북구123-45,010-5617-6717,영화감상
4169,최예린,20,창원 송파구123-45,010-8938-5182,자전거 타기
4170,오도윤,60,남양주 기흥구123-45,010-1057-8867,카페 투어
4171,오소율,72,수원 성북구123-45,010-6480-8856,독서
4172,신지안,51,고양 동구123-45,010-8609-6655,등산
4173,윤서준,51,대전 덕진구123-45,010-3622-4828,자전거 타기
4174,임시우,48,안양 달서구123-45,010-8391-2657,게임
4175,김서준,40,김해 동구123-45,010-8792-9739,카페 투어
4176,최현우,52,화성 서구123-45,010-2112-1603,보드게임
4177,이지원,78,천안 강남구123-45,010-5020-1966,독서
4178,신태윤,41,세종 성북구123-45,010-5857-8006,영화감상
4179,박서연,72,부산 강남구123-45,010-9645-1647,사진촬영
4180,박지원,27,평택 수성구123-45,010-5727-3954,운동
4181,박민수,36,제주 강남구123-45,010-8034-7846,운동
4182,조민수,40,세종 송파구123-45,010-4622-7210,유튜브 보기
4183,이서준,76,제주 신제주123-45,010-6823-6580,등산
4184,김현우,64,포항 일산동구123-45,010-4884-2605,뜨개질
4185,임하은,63,인천 달서구123-45,010-3633-4450,사진촬영
4186,장시우,73,용인 기흥구123-45,010-3614-7300,보드게임
4187,신하은,47,청주 성동구123-45,010-8246-2505,유튜브 보기
4188,정수빈,63,남양주 성동구123-45,010-8081-2186,게임
4189,조예은,73,성남 성북구123-45,010-5154-1035,등산
4190,김하은,59,청주 해운대구123-45,010-5433-1510,보드게임
4191,임도윤,71,포항 수성구123-45,010-5666-9432,유튜브 보기
4192,한서연,31,대구 진해구123-45,010-1180-7601,유튜브 보기
4193,한시우,64,용인 팔달구123-45,010-7227-2056,수영
4194,정건우,60,김해 송파구123-45,010-6207-7110,보드게임
4195,이지안,54,창원 흥덕구123-45,010-2363-6567,카페 투어
4196,한서준,73,서울 장유동123-45,010-7879-6724,카페 투어
4197,이예은,42,화성 덕양구123-45,010-5622-3243,운동
4198,장태윤,26,성남 덕진구123-45,010-3896-6341,유튜브 보기
4199,강현우,45,세종 분당구123-45,010-5289-6855,수영
4200,한하윤,66,울산 송파구123-45,010-2937-6393,일기 쓰기
4201,서하윤,52,안양 해운대구123-45,010-4402-4522,뜨개질
4202,윤민수,66,포항 진해구123-45,010-3365-6179,카페 투어
4203,박시우,75,천안 팔달구123-45,010-9157-5511,게임
4204,박민수,24,대전 서구123-45,010-1481-4722,보드게임
4205,조수빈,73,안양 동구123-45,010-9463-8631,요리
4206,신유진,52,김해 달서구123-45,010-6236-4871,사진촬영
4207,서태윤,30,김해 수성구123-45,010-6581-4489,게임
4208,조소율,51,광주 진해구123-45,010-8937-3325,등산
4209,한하은,71,전주 장유동123-45,010-9836-7736,요리
4210,신서연,55,제주 일산동구123-45,010-3734-4867,운동
4211,장서연,40,인천 동구123-45,010-4938-3475,유튜브 보기
4212,신지후,69,인천 팔달구123-45,010-8096-1555,음악감상
4213,최은우,56,성남 서북구123-45,010-6083-3277,게임
4214,오시우,57,김해 수성구123-45,010-6220-5653,운동
4215,서예은,47,광주 분당구123-45,010-9509-8895,게임
4216,이지안,32,인천 신제주123-45,010-4814-2963,여행
4217,김태윤,33,고양 덕양구123-45,010-3131-3432,수영
4218,서유진,40,수원 남구123-45,010-8580-1918,카페 투어
4219,조지원,69,인천 유성구123-45,010-6868-3675,뜨개질
4220,장서연,45,성남 달서구123-45,010-6083-4911,영화감상
4221,오서연,54,성남 유성구123-45,010-7740-1880,영화감상
4222,강소율,77,용인 달서구123-45,010-4304-3390,뜨개질
4223,최태윤,42,창원 강남구123-45,010-9193-7712,유튜브 보기
4224,한예은,20,인천 달서구123-45,010-9887-3189,음악감상
4225,서지민,35,화성 서구123-45,010-1502-2268,게임
4226,윤은우,28,대구 강서구123-45,010-6014-3461,웹서핑
4227,조서준,28,안양 기흥구123-45,010-3490-1941,영화감상
4228,임은우,41,용인 기흥구123-45,010-5650-8630,사진촬영
4229,김시우,67,청주 진해구123-45,010-7074-2749,사진촬영
4230,오건우,49,전주 흥덕구123-45,010-8328-4098,드로잉
4231,최서연,53,전주 덕양구123-45,010-2369-1732,독서
4232,한건우,76,안양 서북구123-45,010-6556-6034,카페 투어
4233,신지후,48,광주 서구123-45,010-3246-4979,자전거 타기
4234,강수빈,31,울산 팔달구123-45,010-9533-2471,웹서핑
4235,정지원,31,전주 강남구123-45,010-2269-7259,음악감상
4236,장현우,36,남양주 성동구123-45,010-3158-4937,수영
4237,윤민수,48,울산 중구123-45,010-9875-2581,요리
4238,임하윤,60,성남 해운대구123-45,010-7212-2482,자전거 타기
4239,정유진,28,천안 수성구123-45,010-7926-8131,영화감상
4240,오시우,67,전주 덕진구123-45,010-5838-3610,일기 쓰기
4241,강서준,56,안산 신제주123-45,010-1113-7453,독서
4242,강서연,66,안산 송파구123-45,010-9783-8308,일기 쓰기
4243,조지원,65,평택 장유동123-45,010-7211-3228,여행
4244,강지민,59,창원 동구123-45,010-5581-3135,운동
4245,한소율,63,대구 유성구123-45,010-6249-5457,일기 쓰기
4246,한태윤,46,서울 장유동123-45,010-6261-7093,수영
4247,서지원,53,천안 신제주123-45,010-2062-7166,유튜브 보기
4248,이서준,53,평택 강남구123-45,010-1668-9486,음악감상
4249,신서연,31,인천 덕진구123-45,010-2401-3962,웹서핑
4250,이민수,24,고양 진해구123-45,010-2262-1716,영화감상
4251,한소율,62,전주 기흥구123-45,010-2014-2064,일기 쓰기
4252,정수빈,64,청주 신제주123-45,010-6745-4448,운동
4253,최현우,50,제주 덕양구123-45,010-7755-2304,보드게임
4254,강시우,43,울산 성북구123-45,010-2698-4331,게임
4255,윤건우,34,울산 송파구123-45,010-3667-3780,보드게임
4256,임예은,46,제주 팔달구123-45,010-5062-1005,운동
4257,최하은,62,대전 기흥구123-45,010-3093-5859,여행
4258,오지안,49,수원 분당구123-45,010-7849-6824,자전거 타기
4259,한도윤,70,광주 서북구123-45,010-2221-2136,일기 쓰기
4260,강건우,29,성남 신제주123-45,010-1393-5948,운동
4261,윤예린,25,대전 남구123-45,010-1265-9435,자전거 타기
4262,장지원,40,울산 송파구123-45,010-5059-5284,요리
4263,조시우,42,부산 기흥구123-45,010-3709-1997,여행
4264,임서준,22,남양주 덕진구123-45,010-7420-9735,게임
4265,조도윤,24,수원 분당구123-45,010-1486-1647,뜨개질
4266,장예린,77,부산 송파구123-45,010-4041-1839,독서
4267,신태윤,22,광주 서구123-45,010-3761-6659,등산
4268,장하은,45,고양 서북구123-45,010-7118-8860,웹서핑
4269,박도윤,50,천안 일산동구123-45,010-4803-2312,음악감상
4270,윤은우,20,포항 남구123-45,010-4801-5352,게임
4271,김건우,42,천안 기흥구123-45,010-6306-4225,음악감상
4272,오하윤,62,천안 해운대구123-45,010-1063-6556,운동
4273,강은우,49,안양 남구123-45,010-2562-1982,유튜브 보기
4274,박건우,73,대구 흥덕구123-45,010-2716-4425,웹서핑
4275,최은우,33,청주 수성구123-45,010-4177-8233,음악감상
4276,장지안,73,부산 달서구123-45,010-3895-7023,운동
4277,오지원,67,울산 서구123-45,010-2010-9481,뜨개질
4278,신유진,23,대구 덕양구123-45,010-3995-9856,자전거 타기
4279,임현우,60,평택 신제주123-45,010-4964-2257,음악감상
4280,박유진,29,천안 덕진구123-45,010-7622-5733,영화감상
4281,조건우,73,부산 분당구123-45,010-7155-4369,음악감상
4282,임태윤,47,대전 덕양구123-45,010-5140-5022,음악감상
4283,정현우,27,화성 중구123-45,010-8396-1074,사진촬영
4284,이지원,23,성남 송파구123-45,010-9316-8125,뜨개질
4285,오소율,79,서울 팔달구123-45,010-1909-6405,요리
4286,한지후,34,남양주 덕양구123-45,010-9561-1963,자전거 타기
4287,오지원,46,수원 강서구123-45,010-7034-1732,카페 투어
4288,오지민,47,세종 북구123-45,010-4649-5144,보드게임
4289,이도윤,57,창원 서북구123-45,010-8712-2158,게임
4290,김예은,77,평택 송파구123-45,010-5192-6527,음악감상
4291,정하윤,61,김해 유성구123-45,010-1733-4782,운동
4292,김현우,45,대전 흥덕구123-45,010-3357-6007,수영
4293,최서연,50,안산 달서구123-45,010-6140-9397,카페 투어
4294,오예린,31,평택 신제주123-45,010-5571-8225,일기 쓰기
4295,김유진,27,서울 달서구123-45,010-3484-5978,뜨개질
4296,강하윤,57,인천 진해구123-45,010-4776-9360,카페 투어
4297,정유진,48,수원 유성구123-45,010-8066-7623,음악감상
4298,이도윤,47,포항 유성구123-45,010-1601-5147,유튜브 보기
4299,윤현우,57,남양주 덕양구123-45,010-1345-1342,보드게임
4300,강현우,50,김해 기흥구123-45,010-6842-5123,운동
4301,정지원,21,포항 강남구123-45,010-5728-9383,여행
4302,조수빈,68,서울 성북구123-45,010-1481-8579,뜨개질
4303,윤지민,27,서울 동구123-45,010-9971-2635,카페 투어
4304,임수빈,45,제주 흥덕구123-45,010-9323-4722,영화감상
4305,오도윤,74,부산 강남구123-45,010-4431-7652,등산
4306,정건우,39,울산 덕진구123-45,010-3013-9546,사진촬영
4307,박예은,21,평택 해운대구123-45,010-1546-4585,음악감상
4308,최지원,67,전주 성동구123-45,010-2284-8315,보드게임
4309,오소율,23,천안 일산동구123-45,010-2311-1445,독서
4310,한지원,64,수원 서구123-45,010-2596-5807,수영
4311,한수빈,67,대구 강서구123-45,010-2694-4728,독서
4312,임유진,29,천안 남구123-45,010-3923-4799,보드게임
4313,김지원,55,안산 성동구123-45,010-1873-8747,요리
4314,정예은,59,울산 수성구123-45,010-1694-1164,유튜브 보기
4315,조지후,48,고양 팔달구123-45,010-7263-2263,음악감상
4316,윤소율,58,안양 덕진구123-45,010-1506-2038,일기 쓰기
4317,윤태윤,44,광주 북구123-45,010-4915-9278,등산
4318,한서연,56,부산 남구123-45,010-3603-3615,뜨개질
4319,조태윤,42,화성 강서구123-45,010-3773-2432,카페 투어
4320,윤하윤,49,안양 남구123-45,010-2127-1704,요리
4321,최소율,28,세종 흥덕구123-45,010-8607-1030,보드게임
4322,정하윤,62,세종 성북구123-45,010-6987-9898,유튜브 보기
4323,이예린,75,부산 팔달구123-45,010-1272-2441,뜨개질
4324,최지민,53,광주 성북구123-45,010-5716-7133,드로잉
4325,박지원,32,광주 흥덕구123-45,010-6180-4194,사진촬영
4326,한예린,38,평택 강서구123-45,010-6574-4787,카페 투어
4327,이하윤,32,대구 남구123-45,010-6712-5539,자전거 타기
4328,오지후,59,안양 북구123-45,010-4336-6468,수영
4329,임서연,24,광주 서구123-45,010-7465-9004,독서
4330,서지안,68,대구 흥덕구123-45,010-4693-1723,유튜브 보기
4331,오하윤,40,평택 기흥구123-45,010-9037-1870,일기 쓰기
4332,조하윤,23,대전 달서구123-45,010-8042-1054,등산
4333,장예은,59,전주 서북구123-45,010-6128-6658,등산
4334,윤하윤,40,화성 남구123-45,010-2966-1489,보드게임
4335,조도윤,69,서울 유성구123-45,010-4095-1689,뜨개질
4336,서서연,41,울산 남구123-45,010-9332-4740,독서
4337,윤서연,79,대구 서북구123-45,010-6664-1557,드로잉
4338,신현우,26,울산 수성구123-45,010-7386-9767,자전거 타기
4339,오서준,45,천안 서구123-45,010-7567-2150,운동
4340,장예은,56,포항 서북구123-45,010-9693-7875,수영
4341,박지안,66,김해 수성구123-45,010-6401-3445,보드게임
4342,조하윤,65,대구 분당구123-45,010-1314-8043,운동
4343,오지후,38,세종 강서구123-45,010-4195-6443,사진촬영
4344,강예린,70,창원 성북구123-45,010-5285-1782,음악감상
4345,임예은,53,부산 유성구123-45,010-4499-8961,일기 쓰기
4346,강지후,75,인천 덕양구123-45,010-9868-9006,운동
4347,조수빈,22,서울 덕양구123-45,010-7557-9729,음악감상
4348,최예린,57,성남 덕양구123-45,010-1260-1820,영화감상
4349,윤하은,64,남양주 강서구123-45,010-1254-6019,웹서핑
4350,박지원,74,서울 서북구123-45,010-2074-7616,영화감상
4351,임태윤,29,창원 서구123-45,010-8595-7440,음악감상
4352,이지안,74,광주 장유동123-45,010-3210-7012,자전거 타기
4353,박현우,43,성남 남구123-45,010-2722-6569,수영
4354,최시우,35,부산 팔달구123-45,010-3482-5569,음악감상
4355,임서연,77,대전 진해구123-45,010-3319-4976,뜨개질
4356,정시우,61,제주 팔달구123-45,010-4487-1191,웹서핑
4357,윤건우,53,성남 강남구123-45,010-7095-9460,여행
4358,최지후,61,제주 중구123-45,010-1550-5528,음악감상
4359,정태윤,64,고양 강서구123-45,010-1800-2240,영화감상
4360,박하윤,45,성남 송파구123-45,010-6043-1925,게임
4361,정수빈,20,안양 기흥구123-45,010-5397-9884,자전거 타기
4362,정예린,46,고양 장유동123-45,010-4261-1430,드로잉
4363,강유진,32,안산 달서구123-45,010-3013-5873,드로잉
4364,조지안,24,대전 일산동구123-45,010-4199-9750,일기 쓰기
4365,강소율,38,창원 송파구123-45,010-5949-4697,웹서핑
4366,오예린,72,세종 해운대구123-45,010-5966-6180,게임
4367,윤수빈,47,청주 강서구123-45,010-5928-2251,뜨개질
4368,강민수,64,서울 강남구123-45,010-6801-4937,자전거 타기
4369,윤현우,20,세종 성북구123-45,010-5973-2562,웹서핑
4370,이하은,65,김해 남구123-45,010-9315-5952,독서
4371,윤유진,54,용인 덕진구123-45,010-4184-2486,요리
4372,신서준,50,안양 달서구123-45,010-1602-4032,등산
4373,이예은,34,창원 송파구123-45,010-8454-4809,수영
4374,한지후,34,창원 분당구123-45,010-9091-5890,뜨개질
4375,정서연,48,서울 동구123-45,010-2949-5730,일기 쓰기
4376,조예은,46,창원 강서구123-45,010-2651-6545,게임
4377,조시우,23,용인 달서구123-45,010-5281-3340,웹서핑
4378,최수빈,50,용인 덕진구123-45,010-5142-5644,유튜브 보기
4379,신도윤,75,광주 성북구123-45,010-2759-6335,독서
4380,김지안,44,안양 성북구123-45,010-4594-3261,요리
4381,박서준,37,부산 장유동123-45,010-5636-9724,카페 투어
4382,서지안,36,안산 흥덕구123-45,010-4916-5828,음악감상
4383,오도윤,33,대전 강서구123-45,010-5982-5388,게임
4384,오건우,63,김해 북구123-45,010-1377-3932,등산
4385,강건우,66,김해 분당구123-45,010-2537-2336,영화감상
4386,조민수,55,세종 성북구123-45,010-9389-4100,웹서핑
4387,장소율,75,천안 신제주123-45,010-7818-7482,영화감상
4388,김지원,25,울산 강남구123-45,010-2847-1277,영화감상
4389,박지원,63,안산 강남구123-45,010-2366-5522,수영
4390,김서준,73,포항 남구123-45,010-5209-2314,수영
4391,이예린,21,안양 신제주123-45,010-8531-2713,웹서핑
4392,한지원,40,안산 일산동구123-45,010-9147-8826,여행
4393,김서연,60,서울 흥덕구123-45,010-7573-8592,웹서핑
4394,이태윤,56,안산 서구123-45,010-8553-5830,등산
4395,김지민,55,부산 유성구123-45,010-3753-5913,여행
4396,임하윤,25,고양 서구123-45,010-4255-2537,카페 투어
4397,장민수,48,제주 장유동123-45,010-4437-1132,여행
4398,윤소율,60,청주 흥덕구123-45,010-7195-8746,뜨개질
4399,오건우,37,광주 성동구123-45,010-3181-2649,드로잉
4400,서유진,56,울산 송파구123-45,010-9978-3643,운동
4401,한소율,33,서울 남구123-45,010-4838-3228,유튜브 보기
4402,서민수,51,고양 동구123-45,010-5512-5428,음악감상
4403,박하은,70,천안 서구123-45,010-6109-3227,유튜브 보기
4404,임현우,72,천안 강남구123-45,010-7492-9880,독서
4405,강지안,61,청주 송파구123-45,010-4488-6400,요리
4406,이지안,48,대구 덕양구123-45,010-7177-3446,등산
4407,신민수,47,대전 기흥구123-45,010-1435-3453,요리
4408,최건우,35,안산 진해구123-45,010-1037-8415,자전거 타기
4409,박예린,41,고양 해운대구123-45,010-4163-4978,사진촬영
4410,이하윤,54,서울 성북구123-45,010-7996-7406,뜨개질
4411,김예은,44,안산 서북구123-45,010-4349-2640,게임
4412,정지후,79,평택 유성구123-45,010-5685-3994,독서
4413,서태윤,45,성남 팔달구123-45,010-5775-6488,수영
4414,박지민,78,성남 해운대구123-45,010-8843-2349,뜨개질
4415,최도윤,53,제주 신제주123-45,010-1645-1068,독서
4416,장서연,33,김해 동구123-45,010-8108-3023,게임
4417,김예린,45,안양 덕양구123-45,010-4764-9732,게임
4418,박예린,28,서울 유성구123-45,010-3420-6354,카페 투어
4419,윤은우,26,대구 성동구123-45,010-2481-2521,게임
4420,조하은,73,김해 북구123-45,010-5810-5719,보드게임
4421,오하은,76,고양 성동구123-45,010-6706-5476,웹서핑
4422,윤수빈,72,안산 일산동구123-45,010-5265-8239,등산
4423,박수빈,38,용인 신제주123-45,010-3083-5286,수영
4424,조유진,58,서울 성북구123-45,010-1359-7498,독서
4425,윤하은,24,수원 일산동구123-45,010-7473-5993,드로잉
4426,임현우,37,평택 흥덕구123-45,010-5281-6786,음악감상
4427,임예은,74,대구 장유동123-45,010-7970-6084,여행
4428,강민수,26,수원 달서구123-45,010-1691-7280,유튜브 보기
4429,서지안,31,김해 해운대구123-45,010-1537-9058,영화감상
4430,신하윤,73,대전 기흥구123-45,010-5900-4284,보드게임
4431,윤지민,70,제주 달서구123-45,010-1565-6980,독서
4432,강지원,39,부산 서북구123-45,010-9807-7489,카페 투어
4433,정예은,74,남양주 기흥구123-45,010-5739-7649,사진촬영
4434,정현우,46,대전 강남구123-45,010-4921-3293,사진촬영
4435,서현우,50,인천 성동구123-45,010-3590-5931,유튜브 보기
4436,장건우,78,성남 서구123-45,010-9305-5748,여행
4437,윤지후,37,인천 중구123-45,010-3445-6548,등산
4438,정지민,69,수원 덕진구123-45,010-4514-1573,요리
4439,장지민,50,화성 장유동123-45,010-5364-3708,일기 쓰기
4440,한서연,43,인천 흥덕구123-45,010-3618-2490,수영
4441,신시우,55,안양 서구123-45,010-9393-3204,음악감상
4442,정도윤,58,고양 일산동구123-45,010-6142-9388,유튜브 보기
4443,서하은,65,전주 진해구123-45,010-3271-5278,게임
4444,정지안,74,안양 서구123-45,010-3779-2347,요리
4445,서현우,46,전주 기흥구123-45,010-4149-3641,유튜브 보기
4446,서수빈,36,대전 동구123-45,010-4101-4505,자전거 타기
4447,최도윤,61,천안 성북구123-45,010-7063-6880,드로잉
4448,장예린,66,전주 장유동123-45,010-5346-1919,드로잉
4449,최서준,56,용인 달서구123-45,010-2883-6547,보드게임
4450,서서준,21,전주 강서구123-45,010-6055-1661,등산
4451,최민수,64,평택 남구123-45,010-4556-5723,일기 쓰기
4452,김하윤,56,포항 수성구123-45,010-1785-6382,드로잉
4453,서지안,50,대구 해운대구123-45,010-7825-7650,운동
4454,김하은,23,인천 북구123-45,010-4197-3632,유튜브 보기
4455,신지안,63,천안 수성구123-45,010-5934-8287,드로잉
4456,서하윤,41,성남 강남구123-45,010-6391-7807,웹서핑
4457,박예은,56,안양 팔달구123-45,010-1809-9413,게임
4458,박수빈,23,청주 동구123-45,010-3389-2626,음악감상
4459,최예린,21,제주 유성구123-45,010-9142-7252,웹서핑
4460,한지안,43,청주 강남구123-45,010-2220-1075,요리
4461,이도윤,69,창원 중구123-45,010-5498-3037,등산
4462,윤지후,73,대구 북구123-45,010-5256-5891,영화감상
4463,조지원,28,세종 장유동123-45,010-3562-1338,독서
4464,강하윤,38,포항 신제주123-45,010-8767-9034,독서
4465,장시우,39,울산 강남구123-45,010-8620-4458,요리
4466,조지안,72,청주 해운대구123-45,010-3558-3642,운동
4467,최건우,62,전주 일산동구123-45,010-5571-2464,게임
4468,이서준,68,성남 신제주123-45,010-6290-7268,운동
4469,박유진,44,제주 송파구123-45,010-2038-9348,수영
4470,임도윤,46,안산 분당구123-45,010-9352-1833,보드게임
4471,윤은우,73,대구 강남구123-45,010-5682-4823,등산
4472,오지원,43,화성 남구123-45,010-9644-1865,게임
4473,이시우,21,대구 성동구123-45,010-6146-4651,사진촬영
4474,한지후,53,남양주 장유동123-45,010-5292-6686,드로잉
4475,최태윤,43,남양주 서북구123-45,010-2005-3575,유튜브 보기
4476,조예은,37,성남 기흥구123-45,010-7821-5648,음악감상
4477,강수빈,38,세종 유성구123-45,010-6471-5278,독서
4478,정시우,46,청주 성동구123-45,010-5404-7394,게임
4479,이서연,64,포항 덕양구123-45,010-4182-6384,드로잉
4480,박유진,52,전주 강서구123-45,010-4573-4715,등산
4481,오도윤,63,울산 성북구123-45,010-2606-2646,게임
4482,신건우,57,창원 기흥구123-45,010-8238-8884,유튜브 보기
4483,박유진,26,화성 흥덕구123-45,010-1755-6418,여행
4484,오서준,36,대구 분당구123-45,010-1556-4824,뜨개질
4485,김현우,67,창원 중구123-45,010-8205-3907,자전거 타기
4486,오지안,62,제주 남구123-45,010-4484-7358,등산
4487,박건우,67,안양 팔달구123-45,010-4798-3580,카페 투어
4488,이시우,79,제주 남구123-45,010-2955-8080,운동
4489,서민수,60,안양 송파구123-45,010-2061-1717,등산
4490,김예은,20,용인 남구123-45,010-2125-8982,일기 쓰기
4491,임건우,49,수원 덕진구123-45,010-9750-4512,보드게임
4492,정도윤,39,안양 덕양구123-45,010-5088-9250,영화감상
4493,이은우,60,성남 북구123-45,010-1494-1932,사진촬영
4494,정지민,69,안산 서북구123-45,010-1281-8661,사진촬영
4495,오서준,46,안산 서북구123-45,010-9115-7820,보드게임
4496,오예린,54,대구 강서구123-45,010-3572-3376,뜨개질
4497,윤지원,56,용인 중구123-45,010-3728-7448,유튜브 보기
4498,조민수,79,서울 신제주123-45,010-4599-1571,카페 투어
4499,서건우,63,광주 흥덕구123-45,010-5533-9153,일기 쓰기
4500,최하윤,74,제주 성북구123-45,010-1623-7000,등산
4501,김서연,40,화성 강서구123-45,010-2748-9896,드로잉
4502,강하윤,55,고양 송파구123-45,010-6865-1856,수영
4503,장건우,79,인천 서구123-45,010-7403-5126,사진촬영
4504,한민수,28,남양주 덕양구123-45,010-6826-4868,보드게임
4505,서지민,23,광주 중구123-45,010-8440-1877,영화감상
4506,이서준,21,화성 덕양구123-45,010-7926-9164,여행
4507,이은우,44,고양 성북구123-45,010-6263-4861,게임
4508,조지안,43,청주 신제주123-45,010-2291-2530,영화감상
4509,강은우,55,용인 유성구123-45,010-6222-3263,보드게임
4510,한지원,64,포항 송파구123-45,010-3694-6110,웹서핑
4511,한서연,72,광주 강서구123-45,010-1248-3676,드로잉
4512,한지민,73,평택 팔달구123-45,010-2500-3970,게임
4513,이예은,66,천안 동구123-45,010-9644-7894,드로잉
4514,신유진,78,대전 달서구123-45,010-3449-8351,일기 쓰기
4515,장도윤,40,포항 덕진구123-45,010-3023-8700,등산
4516,윤지후,36,고양 남구123-45,010-2532-7678,보드게임
4517,최서준,69,성남 서북구123-45,010-4556-7345,여행
4518,박민수,77,세종 일산동구123-45,010-9304-8743,보드게임
4519,이은우,52,제주 진해구123-45,010-2154-4261,일기 쓰기
4520,한민수,61,부산 흥덕구123-45,010-2530-3412,독서
4521,오예린,36,서울 기흥구123-45,010-4941-2466,일기 쓰기
4522,신도윤,38,울산 성동구123-45,010-7201-3646,카페 투어
4523,김건우,52,전주 성북구123-45,010-9738-8423,운동
4524,정서연,24,창원 장유동123-45,010-4472-8902,음악감상
4525,최지후,78,김해 서구123-45,010-3543-9839,등산
4526,서현우,25,김해 강남구123-45,010-2917-1924,게임
4527,이지원,20,용인 신제주123-45,010-8471-3522,자전거 타기
4528,임건우,41,서울 북구123-45,010-8933-9378,영화감상
4529,오하은,21,청주 진해구123-45,010-9009-5249,독서
4530,장소율,38,창원 일산동구123-45,010-7292-4408,요리
4531,박예은,67,울산 덕양구123-45,010-3418-8861,영화감상
4532,장태윤,44,서울 달서구123-45,010-9321-9041,카페 투어
4533,이소율,23,평택 기흥구123-45,010-8053-3288,등산
4534,신예은,52,용인 성북구123-45,010-2071-3204,게임
4535,이민수,78,서울 진해구123-45,010-4705-2249,카페 투어
4536,최하윤,28,부산 강서구123-45,010-4108-3362,게임
4537,윤지민,69,대구 송파구123-45,010-1450-4747,웹서핑
4538,한하윤,72,인천 장유동123-45,010-4988-9382,일기 쓰기
4539,장현우,77,수원 신제주123-45,010-6294-9998,수영
4540,이예린,42,성남 흥덕구123-45,010-1902-3551,요리
4541,한민수,43,광주 북구123-45,010-9112-4924,카페 투어
4542,김건우,47,포항 덕양구123-45,010-1453-1519,영화감상
4543,정태윤,56,울산 기흥구123-45,010-7207-8620,유튜브 보기
4544,강하윤,78,인천 서북구123-45,010-1607-3782,유튜브 보기
4545,강수빈,29,창원 일산동구123-45,010-8479-5849,운동
4546,오서연,54,세종 장유동123-45,010-3168-4158,웹서핑
4547,오서준,71,안산 덕진구123-45,010-7606-7667,독서
4548,김도윤,72,청주 서구123-45,010-9727-4272,드로잉
4549,정지민,78,제주 남구123-45,010-8359-7291,드로잉
4550,신서연,32,청주 성북구123-45,010-5671-8653,카페 투어
4551,박소율,33,화성 북구123-45,010-3713-8658,드로잉
4552,정태윤,56,화성 수성구123-45,010-7598-6901,웹서핑
4553,정도윤,60,수원 일산동구123-45,010-1393-9290,요리
4554,신현우,48,광주 서북구123-45,010-6329-2250,보드게임
4555,정지안,39,세종 덕양구123-45,010-2586-1851,사진촬영
4556,임도윤,21,창원 신제주123-45,010-8620-9893,수영
4557,임소율,73,광주 동구123-45,010-5819-7086,보드게임
4558,강예린,61,평택 강남구123-45,010-6878-4542,일기 쓰기
4559,윤수빈,33,세종 팔달구123-45,010-7344-4772,보드게임
4560,조지안,32,평택 흥덕구123-45,010-9330-7367,요리
4561,임수빈,78,고양 달서구123-45,010-8942-1958,뜨개질
4562,정유진,60,용인 일산동구123-45,010-8349-4017,자전거 타기
4563,조은우,31,남양주 신제주123-45,010-4243-8918,요리
4564,조예린,46,천안 북구123-45,010-5558-5253,수영
4565,박건우,27,고양 송파구123-45,010-8899-2619,카페 투어
4566,장현우,53,김해 달서구123-45,010-7144-6739,사진촬영
4567,정서준,77,부산 중구123-45,010-5835-3520,독서
4568,오유진,60,수원 달서구123-45,010-6505-1445,영화감상
4569,윤수빈,55,안양 일산동구123-45,010-2424-8358,영화감상
4570,장현우,60,안산 성북구123-45,010-4726-8204,일기 쓰기
4571,한지원,46,안산 팔달구123-45,010-5272-8316,드로잉
4572,최지안,57,안양 유성구123-45,010-5900-9576,운동
4573,신서준,20,서울 진해구123-45,010-2855-5357,유튜브 보기
4574,강현우,61,대구 수성구123-45,010-6927-4179,카페 투어
4575,한지원,68,안양 강서구123-45,010-6538-1544,게임
4576,조민수,76,제주 기흥구123-45,010-4374-1782,자전거 타기
4577,김현우,28,세종 기흥구123-45,010-4822-6376,독서
4578,김수빈,47,남양주 송파구123-45,010-4107-6169,영화감상
4579,박지후,65,안산 덕양구123-45,010-3217-1645,드로잉
4580,임현우,24,안산 남구123-45,010-5086-1934,등산
4581,윤수빈,44,부산 신제주123-45,010-1559-7841,등산
4582,강도윤,55,안양 해운대구123-45,010-2531-8646,여행
4583,임민수,26,고양 장유동123-45,010-2957-2867,보드게임
4584,신유진,26,제주 송파구123-45,010-9102-4642,뜨개질
4585,서수빈,36,안양 강서구123-45,010-5433-5750,카페 투어
4586,박지후,49,제주 송파구123-45,010-1989-8890,요리
4587,임민수,26,광주 해운대구123-45,010-3006-3658,카페 투어
4588,최지원,30,안양 덕진구123-45,010-5245-4784,사진촬영
4589,조하윤,59,대구 서구123-45,010-7571-3536,여행
4590,정서준,21,포항 일산동구123-45,010-6642-5845,요리
4591,신태윤,35,화성 남구123-45,010-2445-3434,영화감상
4592,오예은,20,부산 기흥구123-45,010-7242-1441,카페 투어
4593,박은우,55,성남 덕진구123-45,010-9239-8135,뜨개질
4594,신지민,59,안산 동구123-45,010-4482-4494,요리
4595,오소율,31,포항 강서구123-45,010-2184-4418,등산
4596,서소율,51,울산 해운대구123-45,010-4351-2965,웹서핑
4597,윤은우,58,대전 성동구123-45,010-7764-2987,카페 투어
4598,이유진,74,용인 강남구123-45,010-3334-1790,독서
4599,윤예은,48,남양주 덕진구123-45,010-1736-7267,일기 쓰기
4600,박지민,65,안양 서구123-45,010-2427-6444,자전거 타기
4601,장지민,57,성남 송파구123-45,010-8074-5268,등산
4602,최건우,52,수원 분당구123-45,010-3852-9726,영화감상
4603,박서준,28,대구 일산동구123-45,010-2446-9678,카페 투어
4604,박시우,44,고양 서구123-45,010-8462-9933,영화감상
4605,이은우,52,고양 일산동구123-45,010-2161-8657,사진촬영
4606,정수빈,63,고양 강서구123-45,010-5294-5955,독서
4607,한서연,27,전주 유성구123-45,010-4952-7776,게임
4608,윤태윤,37,수원 유성구123-45,010-4976-8529,요리
4609,정지후,79,평택 동구123-45,010-4385-7804,사진촬영
4610,장태윤,28,전주 서구123-45,010-2978-1176,유튜브 보기
4611,서현우,47,포항 일산동구123-45,010-4568-6268,자전거 타기
4612,이지민,44,화성 수성구123-45,010-9089-1529,일기 쓰기
4613,장서준,49,전주 중구123-45,010-1402-9859,보드게임
4614,윤서연,42,창원 강남구123-45,010-5594-6356,웹서핑
4615,정서연,54,제주 송파구123-45,010-5597-5753,유튜브 보기
4616,김하은,41,대전 북구123-45,010-9522-9730,사진촬영
4617,윤태윤,40,광주 기흥구123-45,010-8004-1711,요리
4618,김건우,59,전주 신제주123-45,010-3125-7126,웹서핑
4619,임유진,30,화성 덕진구123-45,010-4478-6406,사진촬영
4620,최건우,23,광주 유성구123-45,010-5825-3439,운동
4621,이지원,54,천안 서북구123-45,010-5512-6519,독서
4622,정현우,49,창원 일산동구123-45,010-7923-9927,게임
4623,임예은,33,평택 분당구123-45,010-8485-3604,일기 쓰기
4624,오서연,35,인천 동구123-45,010-2615-4695,등산
4625,서지후,28,세종 동구123-45,010-3380-6645,웹서핑
4626,임지민,50,제주 신제주123-45,010-1403-4167,게임
4627,강지민,24,천안 해운대구123-45,010-5489-8459,요리
4628,강민수,61,용인 팔달구123-45,010-8877-6273,독서
4629,김현우,74,청주 해운대구123-45,010-7129-2719,등산
4630,한건우,64,부산 장유동123-45,010-5351-7222,웹서핑
4631,박도윤,42,전주 덕양구123-45,010-9658-5355,요리
4632,윤지민,73,인천 장유동123-45,010-2657-4454,드로잉
4633,신하은,31,안양 분당구123-45,010-6112-2110,일기 쓰기
4634,최예린,63,김해 유성구123-45,010-8078-3275,음악감상
4635,임하은,29,전주 기흥구123-45,010-6760-3411,드로잉
4636,정현우,71,안산 송파구123-45,010-8836-5486,일기 쓰기
4637,신태윤,45,대전 신제주123-45,010-6279-9922,뜨개질
4638,김서준,77,청주 팔달구123-45,010-4800-5176,수영
4639,박서연,47,광주 송파구123-45,010-4931-6948,수영
4640,조은우,22,광주 해운대구123-45,010-2663-1121,카페 투어
4641,이서준,70,고양 동구123-45,010-9648-5227,사진촬영
4642,이예린,56,안양 분당구123-45,010-2261-1579,영화감상
4643,오유진,25,창원 기흥구123-45,010-8371-8327,수영
4644,정시우,20,대전 강서구123-45,010-9449-1383,여행
4645,신지후,51,창원 덕양구123-45,010-4602-5904,운동
4646,강지후,70,서울 서구123-45,010-5110-3341,유튜브 보기
4647,김지후,67,성남 달서구123-45,010-2576-6642,게임
4648,오예은,71,전주 북구123-45,010-2337-8263,독서
4649,한지민,72,창원 덕진구123-45,010-5820-1267,카페 투어
4650,임지안,41,수원 성동구123-45,010-8985-6822,뜨개질
4651,서소율,65,안산 팔달구123-45,010-3715-1957,웹서핑
4652,김서연,60,서울 남구123-45,010-1305-6722,게임
4653,장건우,20,안산 기흥구123-45,010-5352-2130,사진촬영
4654,한은우,25,남양주 흥덕구123-45,010-4199-2886,일기 쓰기
4655,신민수,51,평택 일산동구123-45,010-6714-3610,드로잉
4656,박서준,27,성남 팔달구123-45,010-6928-3224,영화감상
4657,한건우,73,창원 일산동구123-45,010-6077-1582,드로잉
4658,서지민,32,전주 송파구123-45,010-1593-1364,여행
4659,정현우,24,제주 장유동123-45,010-5102-7135,여행
4660,조서연,31,안양 북구123-45,010-3614-1273,영화감상
4661,조시우,29,창원 성북구123-45,010-3707-2679,운동
4662,신수빈,45,안양 강서구123-45,010-4141-3361,자전거 타기
4663,장하은,41,용인 기흥구123-45,010-2544-1878,독서
4664,정시우,26,화성 덕진구123-45,010-4603-8573,드로잉
4665,임현우,45,평택 서구123-45,010-8018-6213,뜨개질
4666,한수빈,43,남양주 장유동123-45,010-5116-1949,영화감상
4667,최지후,66,천안 강남구123-45,010-8462-2613,요리
4668,강서준,34,부산 일산동구123-45,010-3735-3563,일기 쓰기
4669,오유진,73,울산 유성구123-45,010-6154-7479,보드게임
4670,한시우,51,안산 강서구123-45,010-5391-2704,게임
4671,서도윤,39,남양주 유성구123-45,010-3186-9621,음악감상
4672,임예은,48,안양 남구123-45,010-8914-7421,유튜브 보기
4673,이민수,25,안양 장유동123-45,010-8323-8510,웹서핑
4674,이현우,29,전주 해운대구123-45,010-4437-5706,보드게임
4675,오서연,76,안양 남구123-45,010-8106-5453,수영
4676,이건우,28,수원 팔달구123-45,010-8644-2361,운동
4677,오예린,48,대전 서구123-45,010-2101-5842,요리
4678,윤예은,33,안양 덕양구123-45,010-4253-9467,웹서핑
4679,이유진,72,고양 분당구123-45,010-7912-3863,음악감상
4680,박하윤,49,안양 달서구123-45,010-5493-7568,등산
4681,서지원,44,수원 유성구123-45,010-1360-2747,사진촬영
4682,김유진,62,세종 송파구123-45,010-1513-3074,등산
4683,정은우,28,광주 성동구123-45,010-6427-6641,일기 쓰기
4684,강지원,45,수원 일산동구123-45,010-3165-1426,여행
4685,한지후,79,화성 달서구123-45,010-9573-9233,수영
4686,서지민,26,울산 동구123-45,010-1184-6816,요리
4687,한예은,44,전주 신제주123-45,010-9307-1780,드로잉
4688,장예린,70,청주 해운대구123-45,010-4661-1126,운동
4689,윤민수,26,천안 서구123-45,010-5042-6043,유튜브 보기
4690,서수빈,31,성남 강서구123-45,010-7530-2717,웹서핑
4691,윤지안,40,전주 덕양구123-45,010-3503-4544,음악감상
4692,김시우,45,고양 흥덕구123-45,010-9043-1062,사진촬영
4693,조서준,53,제주 서구123-45,010-6440-1195,음악감상
4694,김예은,26,대구 진해구123-45,010-4718-9073,카페 투어
4695,조수빈,36,안양 흥덕구123-45,010-4105-4165,수영
4696,서은우,66,전주 기흥구123-45,010-4281-4896,웹서핑
4697,한하윤,63,광주 북구123-45,010-4736-3671,음악감상
4698,박현우,75,화성 남구123-45,010-3214-6611,독서
4699,김소율,43,서울 성동구123-45,010-4264-2378,일기 쓰기
4700,최지원,69,안산 장유동123-45,010-7869-2493,사진촬영
4701,조예은,26,대구 덕양구123-45,010-4264-2192,수영
4702,서도윤,61,화성 북구123-45,010-6313-2637,웹서핑
4703,박태윤,71,용인 수성구123-45,010-2196-7657,자전거 타기
4704,오유진,25,김해 북구123-45,010-5673-7756,자전거 타기
4705,최태윤,64,안산 강남구123-45,010-2890-6982,드로잉
4706,박예린,30,인천 해운대구123-45,010-3680-6117,등산
4707,한하은,26,광주 팔달구123-45,010-9485-4976,뜨개질
4708,이현우,24,세종 남구123-45,010-6619-8559,유튜브 보기
4709,박예린,74,제주 기흥구123-45,010-2148-4768,여행
4710,김시우,60,안양 동구123-45,010-8041-1828,여행
4711,한하은,41,청주 성동구123-45,010-3548-4048,사진촬영
4712,강태윤,60,대전 분당구123-45,010-9237-2741,등산
4713,이하은,24,안양 유성구123-45,010-9336-7016,일기 쓰기
4714,강지후,20,성남 진해구123-45,010-6957-8978,독서
4715,박은우,48,김해 일산동구123-45,010-2863-3321,등산
4716,정도윤,46,광주 강남구123-45,010-4886-3181,사진촬영
4717,서서준,21,안양 일산동구123-45,010-9117-2388,여행
4718,박건우,74,광주 팔달구123-45,010-4588-7814,영화감상
4719,박민수,30,울산 송파구123-45,010-6511-4746,운동
4720,강건우,61,인천 동구123-45,010-4757-2496,카페 투어
4721,이서준,75,화성 중구123-45,010-2755-6125,드로잉
4722,강서준,61,대구 성북구123-45,010-1159-6554,자전거 타기
4723,박도윤,28,서울 송파구123-45,010-3173-4781,카페 투어
4724,김수빈,51,성남 강남구123-45,010-3876-9734,사진촬영
4725,강서연,48,용인 팔달구123-45,010-2346-2363,카페 투어
4726,임현우,23,청주 북구123-45,010-1260-7916,일기 쓰기
4727,강예린,59,김해 진해구123-45,010-4591-7312,독서
4728,신건우,30,김해 성동구123-45,010-1634-6518,등산
4729,임민수,33,평택 북구123-45,010-4514-1813,요리
4730,임서연,54,용인 장유동123-45,010-5548-6589,웹서핑
4731,강도윤,29,수원 팔달구123-45,010-3110-1036,유튜브 보기
4732,이소율,72,김해 남구123-45,010-5719-8906,뜨개질
4733,이지원,38,안산 성동구123-45,010-6323-1389,웹서핑
4734,정건우,63,울산 일산동구123-45,010-7512-3301,수영
4735,정태윤,30,천안 강남구123-45,010-1907-8385,유튜브 보기
4736,장수빈,67,부산 북구123-45,010-4419-6224,독서
4737,정지후,39,화성 강남구123-45,010-8061-4737,사진촬영
4738,서현우,66,대전 수성구123-45,010-5007-6212,영화감상
4739,박지후,28,김해 강서구123-45,010-5989-1990,사진촬영
4740,정지민,75,성남 달서구123-45,010-2623-3537,자전거 타기
4741,이서연,75,청주 장유동123-45,010-4688-6778,영화감상
4742,조서준,63,고양 진해구123-45,010-7416-5753,여행
4743,오태윤,34,용인 분당구123-45,010-4195-8757,게임
4744,조서준,66,성남 달서구123-45,010-4513-3645,드로잉
4745,정지후,20,광주 성동구123-45,010-8460-3400,유튜브 보기
4746,최건우,50,수원 성북구123-45,010-7261-1630,등산
4747,임지원,27,인천 장유동123-45,010-5199-8324,운동
4748,서건우,26,안양 기흥구123-45,010-6410-7084,뜨개질
4749,정하윤,28,제주 서구123-45,010-3233-6227,독서
4750,한지후,66,천안 신제주123-45,010-7893-9977,보드게임
4751,장은우,68,부산 성동구123-45,010-4040-1836,뜨개질
4752,장지민,77,남양주 흥덕구123-45,010-9698-5662,드로잉
4753,이수빈,64,안산 덕진구123-45,010-1696-9154,등산
4754,신은우,20,남양주 북구123-45,010-2960-7971,요리
4755,박지원,73,화성 흥덕구123-45,010-9822-6173,자전거 타기
4756,신하은,73,세종 해운대구123-45,010-8594-4386,게임
4757,신유진,24,안산 흥덕구123-45,010-3599-7046,유튜브 보기
4758,정예은,52,대구 남구123-45,010-2013-9756,운동
4759,임태윤,57,김해 팔달구123-45,010-9713-6415,음악감상
4760,정도윤,47,고양 덕진구123-45,010-8144-8537,요리
4761,오민수,31,청주 강서구123-45,010-4063-7271,여행
4762,최예은,50,안산 유성구123-45,010-2366-5979,운동
4763,임예린,30,용인 수성구123-45,010-4249-5217,웹서핑
4764,조서연,58,안산 유성구123-45,010-2998-3131,수영
4765,한소율,75,수원 강서구123-45,010-9041-5933,요리
4766,박지안,65,부산 분당구123-45,010-2466-3026,자전거 타기
4767,박태윤,70,인천 성북구123-45,010-1566-3669,드로잉
4768,한하은,24,화성 북구123-45,010-1866-6920,게임
4769,김하은,78,화성 해운대구123-45,010-2548-5872,사진촬영
4770,최예은,35,안산 기흥구123-45,010-2594-1783,운동
4771,최태윤,22,부산 성동구123-45,010-3328-9593,사진촬영
4772,윤소율,27,김해 성동구123-45,010-5598-2927,뜨개질
4773,장지원,61,화성 성동구123-45,010-8967-1200,등산
4774,서수빈,34,부산 강남구123-45,010-8092-4107,게임
4775,한예은,66,천안 달서구123-45,010-6567-9854,드로잉
4776,정하윤,68,청주 유성구123-45,010-2800-8610,드로잉
4777,서민수,56,창원 덕진구123-45,010-6980-4996,게임
4778,임지민,47,안산 덕진구123-45,010-4905-6358,게임
4779,오지원,34,서울 북구123-45,010-3683-4516,보드게임
4780,조서연,55,세종 동구123-45,010-6986-2463,드로잉
4781,한하은,54,천안 강서구123-45,010-6634-4309,독서
4782,김소율,62,성남 서북구123-45,010-7809-2631,드로잉
4783,강지안,70,고양 일산동구123-45,010-4372-6146,독서
4784,정은우,72,인천 장유동123-45,010-3963-5719,영화감상
4785,장예은,69,천안 강남구123-45,010-5041-1227,등산
4786,임시우,43,남양주 중구123-45,010-6413-5296,보드게임
4787,오예은,53,부산 신제주123-45,010-5395-3818,운동
4788,김예린,51,수원 성동구123-45,010-5139-4578,여행
4789,김지원,55,화성 강남구123-45,010-3680-7806,음악감상
4790,임건우,69,청주 진해구123-45,010-6923-9687,요리
4791,정지안,48,울산 강서구123-45,010-1414-2338,웹서핑
4792,조태윤,71,안양 달서구123-45,010-2522-9280,유튜브 보기
4793,정서연,21,평택 장유동123-45,010-9097-3606,웹서핑
4794,김예은,25,서울 기흥구123-45,010-8380-8877,등산
4795,최현우,79,성남 서북구123-45,010-4391-7483,음악감상
4796,조소율,45,김해 흥덕구123-45,010-5416-1496,여행
4797,장지후,75,창원 흥덕구123-45,010-5899-5154,보드게임
4798,서소율,40,수원 성북구123-45,010-2657-8442,독서
4799,김태윤,70,대전 성북구123-45,010-1116-4069,유튜브 보기
4800,장건우,25,화성 성동구123-45,010-6261-4940,유튜브 보기
4801,한태윤,77,부산 중구123-45,010-6830-5484,운동
4802,신지안,79,안양 흥덕구123-45,010-4689-2694,영화감상
4803,장유진,33,남양주 중구123-45,010-7215-4879,요리
4804,강예은,67,인천 수성구123-45,010-9025-8290,뜨개질
4805,신서연,54,용인 강남구123-45,010-5931-6898,유튜브 보기
4806,최소율,73,남양주 신제주123-45,010-3547-7448,요리
4807,임서준,43,안양 일산동구123-45,010-9911-5667,음악감상
4808,윤예린,39,고양 덕진구123-45,010-6580-3731,드로잉
4809,신지후,28,창원 팔달구123-45,010-4840-1132,운동
4810,강시우,29,평택 팔달구123-45,010-5601-9258,일기 쓰기
4811,정하은,25,김해 기흥구123-45,010-4027-2455,드로잉
4812,오예은,28,제주 서구123-45,010-6558-2414,음악감상
4813,장태윤,65,서울 일산동구123-45,010-1262-6500,운동
4814,정서연,34,용인 유성구123-45,010-1050-4642,일기 쓰기
4815,강지후,51,천안 북구123-45,010-7453-7004,영화감상
4816,윤지안,55,화성 장유동123-45,010-2264-6765,등산
4817,한도윤,30,대구 팔달구123-45,010-8805-4441,자전거 타기
4818,강시우,69,고양 장유동123-45,010-2462-8393,드로잉
4819,오지후,61,포항 신제주123-45,010-3908-1810,드로잉
4820,서지민,69,청주 흥덕구123-45,010-1760-4710,사진촬영
4821,이은우,47,화성 중구123-45,010-1838-5506,음악감상
4822,장소율,30,평택 북구123-45,010-6237-2807,등산
4823,임소율,47,제주 강남구123-45,010-5944-5641,드로잉
4824,서하은,67,용인 신제주123-45,010-8480-9610,등산
4825,이건우,63,청주 수성구123-45,010-7327-3912,음악감상
4826,김유진,41,고양 서구123-45,010-8070-1379,요리
4827,오태윤,56,천안 수성구123-45,010-9249-8696,웹서핑
4828,정서연,48,인천 성동구123-45,010-6454-4865,웹서핑
4829,김도윤,72,천안 동구123-45,010-8378-6379,영화감상
4830,정지민,38,인천 강서구123-45,010-8028-8878,영화감상
4831,한서연,54,대구 분당구123-45,010-3039-7217,드로잉
4832,김도윤,27,성남 강남구123-45,010-2780-4379,자전거 타기
4833,조은우,44,서울 강남구123-45,010-8621-1899,등산
4834,서지후,20,성남 분당구123-45,010-4772-9809,게임
4835,강지후,67,남양주 서북구123-45,010-2130-4178,카페 투어
4836,강태윤,39,성남 일산동구123-45,010-6384-2488,수영
4837,서건우,72,남양주 분당구123-45,010-7058-4199,보드게임
4838,정지안,52,남양주 흥덕구123-45,010-5263-4410,드로잉
4839,장현우,32,포항 동구123-45,010-1938-9292,일기 쓰기
4840,서유진,37,인천 덕양구123-45,010-1028-5335,뜨개질
4841,강지원,64,안양 신제주123-45,010-7752-7441,음악감상
4842,장도윤,62,청주 송파구123-45,010-6061-5426,음악감상
4843,강서준,25,세종 강서구123-45,010-2943-3007,음악감상
4844,신지후,21,용인 흥덕구123-45,010-4375-2034,보드게임
4845,이예린,67,울산 서북구123-45,010-1134-2127,보드게임
4846,서예린,50,수원 분당구123-45,010-4862-5336,뜨개질
4847,서현우,73,남양주 달서구123-45,010-6762-5274,여행
4848,오지민,43,청주 강남구123-45,010-1313-9663,음악감상
4849,정하윤,39,인천 분당구123-45,010-3934-1658,카페 투어
4850,김예은,20,수원 일산동구123-45,010-8355-3358,독서
4851,박지후,37,김해 성동구123-45,010-8537-1015,유튜브 보기
4852,이현우,22,남양주 팔달구123-45,010-7401-9574,사진촬영
4853,강지안,66,고양 중구123-45,010-1247-4242,등산
4854,신지원,63,남양주 유성구123-45,010-8898-5442,수영
4855,장시우,62,안양 덕양구123-45,010-2014-8188,영화감상
4856,한하은,44,포항 팔달구123-45,010-1497-7857,등산
4857,신도윤,69,대구 서북구123-45,010-1233-3286,운동
4858,오하은,69,천안 신제주123-45,010-1381-8813,여행
4859,박지민,46,대전 덕진구123-45,010-6535-7186,사진촬영
4860,박서준,75,김해 성동구123-45,010-2824-2567,독서
4861,정민수,64,천안 덕진구123-45,010-7420-7240,드로잉
4862,이예은,40,평택 동구123-45,010-3058-2663,게임
4863,김태윤,29,청주 강남구123-45,010-4046-2441,사진촬영
4864,정지후,36,용인 분당구123-45,010-2902-3567,요리
4865,이지민,63,안산 흥덕구123-45,010-4632-4982,요리
4866,한서준,61,광주 중구123-45,010-6019-6688,요리
4867,오지안,29,대구 덕진구123-45,010-2785-5121,게임
4868,조민수,71,대전 동구123-45,010-6620-7618,자전거 타기
4869,박민수,69,대구 송파구123-45,010-9061-6201,수영
4870,신현우,63,고양 덕양구123-45,010-4182-2319,운동
4871,임도윤,57,전주 흥덕구123-45,010-9594-3593,독서
4872,한서연,20,수원 서북구123-45,010-5928-2056,음악감상
4873,정지민,68,남양주 유성구123-45,010-5964-4249,요리
4874,최민수,52,안산 강남구123-45,010-5533-4726,보드게임
4875,박유진,40,서울 남구123-45,010-2912-1266,일기 쓰기
4876,강예은,58,용인 덕진구123-45,010-3611-5417,사진촬영
4877,최시우,26,김해 덕진구123-45,010-9427-4286,여행
4878,장유진,58,부산 해운대구123-45,010-4423-8811,드로잉
4879,장예은,39,수원 송파구123-45,010-4778-8284,음악감상
4880,임예은,58,포항 신제주123-45,010-3589-3740,운동
4881,오유진,44,서울 흥덕구123-45,010-5139-3439,카페 투어
4882,조지후,67,청주 성북구123-45,010-6036-9751,영화감상
4883,이소율,74,포항 덕진구123-45,010-3762-8759,영화감상
4884,서도윤,48,대구 유성구123-45,010-6543-2035,카페 투어
4885,서은우,62,부산 서구123-45,010-1157-2342,등산
4886,강하윤,21,용인 성북구123-45,010-2620-9457,일기 쓰기
4887,조서연,56,대전 강남구123-45,010-4335-8307,웹서핑
4888,이소율,76,울산 기흥구123-45,010-2055-8116,등산
4889,한도윤,39,청주 일산동구123-45,010-2295-2593,일기 쓰기
4890,서서연,56,전주 분당구123-45,010-8791-5043,음악감상
4891,한하은,55,서울 강서구123-45,010-4497-7048,카페 투어
4892,장건우,22,용인 서구123-45,010-6007-4464,등산
4893,정지후,69,대구 남구123-45,010-2275-6065,운동
4894,최서연,38,대전 팔달구123-45,010-8229-5427,요리
4895,오지원,21,대구 달서구123-45,010-6616-2837,보드게임
4896,오예린,25,세종 서북구123-45,010-5877-6599,카페 투어
4897,최지원,30,평택 동구123-45,010-3111-9829,유튜브 보기
4898,서태윤,29,고양 강남구123-45,010-7678-3195,수영
4899,오서준,39,평택 일산동구123-45,010-5892-3499,여행
4900,김소율,59,안양 해운대구123-45,010-3211-4008,등산
4901,최하윤,47,광주 유성구123-45,010-5421-2231,드로잉
4902,강하은,47,고양 달서구123-45,010-2786-5273,영화감상
4903,한시우,57,수원 진해구123-45,010-5126-4898,게임
4904,오수빈,70,김해 수성구123-45,010-9688-4453,자전거 타기
4905,윤건우,48,부산 수성구123-45,010-2652-7885,수영
4906,조수빈,66,전주 서북구123-45,010-3961-8717,여행
4907,이예은,79,남양주 흥덕구123-45,010-6412-1330,드로잉
4908,서예린,79,포항 강서구123-45,010-3515-1892,드로잉
4909,임소율,68,세종 송파구123-45,010-1619-4841,등산
4910,박서연,23,화성 강서구123-45,010-7979-1161,일기 쓰기
4911,강현우,25,창원 해운대구123-45,010-1447-2131,게임
4912,오민수,42,대전 신제주123-45,010-9038-5326,등산
4913,오서준,61,부산 중구123-45,010-2668-7417,보드게임
4914,윤예은,61,광주 팔달구123-45,010-6985-7204,사진촬영
4915,조지민,42,성남 중구123-45,010-1063-2140,게임
4916,신시우,34,용인 동구123-45,010-4896-9955,뜨개질
4917,최유진,65,청주 강서구123-45,010-1510-9669,게임
4918,윤은우,74,대전 남구123-45,010-4649-4181,자전거 타기
4919,서현우,47,김해 동구123-45,010-9621-6862,영화감상
4920,서유진,61,성남 일산동구123-45,010-1097-5483,드로잉
4921,이은우,57,평택 수성구123-45,010-1457-9159,사진촬영
4922,장지후,72,용인 신제주123-45,010-5781-6397,일기 쓰기
4923,임은우,48,세종 흥덕구123-45,010-6311-9145,독서
4924,조유진,25,고양 진해구123-45,010-6945-8885,보드게임
4925,한서연,57,평택 송파구123-45,010-5117-1182,음악감상
4926,신도윤,64,남양주 덕양구123-45,010-5483-3964,수영
4927,오도윤,29,안양 강서구123-45,010-7463-6733,영화감상
4928,최소율,55,수원 동구123-45,010-5880-5338,보드게임
4929,한지후,73,천안 성동구123-45,010-7234-9001,유튜브 보기
4930,오유진,70,안산 달서구123-45,010-3229-3426,웹서핑
4931,강태윤,70,전주 분당구123-45,010-4931-5946,유튜브 보기
4932,박예은,79,제주 진해구123-45,010-7638-1522,운동
4933,강하윤,36,김해 유성구123-45,010-1848-7921,운동
4934,김도윤,34,남양주 남구123-45,010-6785-2598,수영
4935,임소율,66,포항 팔달구123-45,010-6477-2535,유튜브 보기
4936,서지안,24,제주 수성구123-45,010-2555-4389,여행
4937,박지민,72,고양 강남구123-45,010-2831-1214,독서
4938,박지후,67,안양 송파구123-45,010-7057-9265,자전거 타기
4939,최지후,54,화성 강남구123-45,010-7620-1525,게임
4940,정지후,40,포항 일산동구123-45,010-6568-7091,음악감상
4941,임하윤,23,성남 성북구123-45,010-7192-2119,독서
4942,장예은,79,수원 성북구123-45,010-3244-4484,뜨개질
4943,박지후,38,안양 덕양구123-45,010-5016-5677,수영
4944,이지민,25,세종 북구123-45,010-7907-6284,자전거 타기
4945,오지후,46,전주 진해구123-45,010-5465-6150,게임
4946,장예린,64,제주 흥덕구123-45,010-7914-3044,영화감상
4947,서지안,42,서울 서구123-45,010-6153-6484,음악감상
4948,최유진,64,창원 성동구123-45,010-4941-7895,등산
4949,정서연,77,광주 진해구123-45,010-1555-6553,일기 쓰기
4950,오지안,75,용인 북구123-45,010-2699-2708,사진촬영
4951,오지민,42,평택 흥덕구123-45,010-2350-7949,독서
4952,조서준,65,고양 유성구123-45,010-1103-9821,요리
4953,이시우,79,광주 신제주123-45,010-1199-9081,수영
4954,이서준,20,용인 기흥구123-45,010-7063-4739,수영
4955,윤서준,25,인천 강남구123-45,010-2225-6039,등산
4956,윤도윤,48,성남 일산동구123-45,010-4887-1926,여행
4957,조하윤,22,세종 송파구123-45,010-2963-5686,음악감상
4958,윤하은,66,서울 덕진구123-45,010-3070-4904,일기 쓰기
4959,조서연,25,고양 분당구123-45,010-3298-5993,카페 투어
4960,신하윤,20,안양 진해구123-45,010-2159-7114,유튜브 보기
4961,정서준,28,안양 기흥구123-45,010-7249-9128,독서
4962,윤태윤,79,고양 서구123-45,010-4848-5708,게임
4963,신현우,68,포항 달서구123-45,010-2383-1788,뜨개질
4964,임지원,27,울산 팔달구123-45,010-7613-7489,카페 투어
4965,윤지안,46,용인 덕진구123-45,010-4056-3599,카페 투어
4966,임도윤,25,울산 해운대구123-45,010-9661-4159,게임
4967,한하은,23,대구 해운대구123-45,010-7129-3136,자전거 타기
4968,조예은,63,서울 팔달구123-45,010-5011-9194,음악감상
4969,김지원,52,대전 송파구123-45,010-6447-9562,영화감상
4970,김도윤,57,세종 해운대구123-45,010-5069-1465,사진촬영
4971,한건우,26,안양 강남구123-45,010-5784-2717,일기 쓰기
4972,임은우,25,안산 송파구123-45,010-3712-4574,여행
4973,최지원,33,부산 흥덕구123-45,010-4856-3450,게임
4974,김지민,63,남양주 강남구123-45,010-1696-4874,유튜브 보기
4975,박하은,44,광주 흥덕구123-45,010-3196-8251,뜨개질
4976,서태윤,76,화성 강남구123-45,010-5908-1709,드로잉
4977,김태윤,67,제주 덕양구123-45,010-1242-3735,카페 투어
4978,박서연,38,세종 남구123-45,010-2303-1369,뜨개질
4979,서현우,66,평택 남구123-45,010-3510-4657,운동
4980,김하윤,78,고양 유성구123-45,010-3391-5719,카페 투어
4981,조소율,60,제주 일산동구123-45,010-1237-6089,등산
4982,정유진,32,대전 흥덕구123-45,010-5712-9136,유튜브 보기
4983,장시우,57,포항 기흥구123-45,010-6236-4128,웹서핑
4984,서예린,53,대전 해운대구123-45,010-7784-4692,유튜브 보기
4985,서예은,53,평택 해운대구123-45,010-7233-9688,유튜브 보기
4986,오서준,35,창원 수성구123-45,010-9349-1629,게임
4987,조도윤,79,대구 달서구123-45,010-6952-7592,카페 투어
4988,최지안,31,서울 송파구123-45,010-5545-5683,드로잉
4989,최은우,54,포항 장유동123-45,010-4758-2443,카페 투어
4990,조소율,52,제주 수성구123-45,010-9932-6577,독서
4991,조건우,76,안산 신제주123-45,010-5600-4713,수영
4992,오민수,66,광주 덕진구123-45,010-9426-7022,음악감상
4993,한지안,31,세종 덕진구123-45,010-8868-8539,독서
4994,장유진,63,평택 일산동구123-45,010-8551-1907,운동
4995,윤예은,42,안산 진해구123-45,010-7190-4123,요리
4996,정하윤,30,김해 해운대구123-45,010-8849-4771,드로잉
4997,한지민,31,김해 덕양구123-45,010-5523-5592,독서
4998,장지원,44,성남 동구123-45,010-4892-8285,사진촬영
4999,최서연,64,부산 강서구123-45,010-9560-8261,게임
5000,김유진,37,울산 기흥구123-45,010-2231-4963,일기 쓰기
5001,오하윤,56,대전 진해구123-45,010-1211-1026,등산
5002,이서준,67,울산 서북구123-45,010-1173-7413,사진촬영
5003,장태윤,69,천안 진해구123-45,010-3384-3233,등산
5004,오은우,50,인천 분당구123-45,010-9660-7437,카페 투어
5005,윤서연,64,인천 달서구123-45,010-9324-6465,여행
5006,정서연,35,울산 성동구123-45,010-3281-6428,보드게임
5007,박은우,50,수원 중구123-45,010-4933-8181,드로잉
5008,서하은,24,서울 북구123-45,010-8752-4699,음악감상
5009,정현우,28,청주 강남구123-45,010-7247-1037,일기 쓰기
5010,최도윤,61,용인 흥덕구123-45,010-4864-9506,요리
5011,최태윤,27,김해 장유동123-45,010-2079-9754,독서
5012,이서연,48,울산 송파구123-45,010-2724-7523,음악감상
5013,서지원,24,제주 서북구123-45,010-3034-9141,유튜브 보기
5014,최지원,29,인천 해운대구123-45,010-3938-9559,독서
5015,신건우,47,수원 강남구123-45,010-5758-2031,게임
5016,서예린,42,광주 장유동123-45,010-5622-8959,사진촬영
5017,최예은,55,청주 신제주123-45,010-4039-2842,수영
5018,강하윤,67,김해 진해구123-45,010-9351-3699,보드게임
5019,장시우,36,대전 성북구123-45,010-4970-8902,웹서핑
5020,조은우,65,대구 강남구123-45,010-8864-6253,사진촬영
5021,윤지원,43,안양 달서구123-45,010-7212-4548,사진촬영
5022,최지민,54,대구 팔달구123-45,010-1551-9845,음악감상
5023,윤태윤,72,부산 장유동123-45,010-7851-1221,보드게임
5024,박태윤,79,김해 서북구123-45,010-3160-9157,운동
5025,신태윤,46,전주 동구123-45,010-8803-5563,등산
5026,박지원,32,서울 달서구123-45,010-5282-8350,유튜브 보기
5027,박서연,76,안산 신제주123-45,010-3833-4813,영화감상
5028,신유진,62,수원 남구123-45,010-8056-3929,등산
5029,윤수빈,69,성남 일산동구123-45,010-2962-5766,운동
5030,임예은,39,평택 유성구123-45,010-4656-6838,등산
5031,이예은,40,청주 강서구123-45,010-4716-4006,등산
5032,한지원,67,제주 해운대구123-45,010-8231-1559,카페 투어
5033,서지후,32,고양 강남구123-45,010-4371-6703,수영
5034,신지후,36,창원 팔달구123-45,010-9385-7437,독서
5035,조현우,28,평택 흥덕구123-45,010-9364-7168,카페 투어
5036,신예은,62,세종 강서구123-45,010-5660-1777,유튜브 보기
5037,정예린,46,평택 장유동123-45,010-5077-3724,유튜브 보기
5038,정지후,27,인천 덕진구123-45,010-1477-7475,운동
5039,김지안,20,세종 강남구123-45,010-9474-3099,등산
5040,강수빈,79,세종 덕양구123-45,010-4153-7813,웹서핑
5041,강하은,65,대전 서구123-45,010-2192-2150,영화감상
5042,신서연,28,대구 팔달구123-45,010-3309-1319,여행
5043,임태윤,51,안산 흥덕구123-45,010-1108-2102,등산
5044,최지후,42,제주 송파구123-45,010-2885-2636,독서
5045,신은우,43,성남 달서구123-45,010-9428-8269,음악감상
5046,강소율,66,울산 덕양구123-45,010-3087-2307,수영
5047,오하윤,30,청주 달서구123-45,010-9859-8986,운동
5048,조건우,38,포항 서북구123-45,010-6096-2949,운동
5049,이지후,41,평택 북구123-45,010-3097-1640,수영
5050,강지원,78,천안 기흥구123-45,010-6317-9277,드로잉
5051,박하윤,33,안양 남구123-45,010-5224-5063,보드게임
5052,장현우,32,수원 장유동123-45,010-5090-1962,일기 쓰기
5053,윤민수,63,광주 장유동123-45,010-3807-4561,등산
5054,조예린,73,김해 성동구123-45,010-1637-7270,게임
5055,임지원,44,용인 동구123-45,010-9993-8613,독서
5056,장지원,76,고양 신제주123-45,010-1307-2849,영화감상
5057,임유진,73,부산 진해구123-45,010-9534-6830,유튜브 보기
5058,임은우,77,부산 남구123-45,010-9753-2133,수영
5059,김지민,67,세종 성북구123-45,010-3792-5420,일기 쓰기
5060,최시우,54,인천 분당구123-45,010-4483-5827,자전거 타기
5061,윤소율,54,서울 서북구123-45,010-2086-2448,보드게임
5062,장은우,34,울산 서구123-45,010-4967-7148,요리
5063,김지민,65,평택 덕양구123-45,010-9844-6003,자전거 타기
5064,최소율,58,대전 성동구123-45,010-4954-6312,영화감상
5065,장현우,64,부산 중구123-45,010-1103-9455,보드게임
5066,박서연,50,세종 서북구123-45,010-2649-5633,요리
5067,이하은,31,광주 서구123-45,010-8204-9620,보드게임
5068,신시우,79,세종 강서구123-45,010-6425-6456,유튜브 보기
5069,김수빈,73,청주 장유동123-45,010-1057-5091,유튜브 보기
5070,한소율,47,광주 성동구123-45,010-7766-8877,등산
5071,김은우,73,인천 덕진구123-45,010-4530-3565,웹서핑
5072,강서연,55,고양 장유동123-45,010-9358-8682,영화감상
5073,오유진,58,평택 수성구123-45,010-4021-5403,카페 투어
5074,최태윤,66,화성 분당구123-45,010-5886-7904,운동
5075,장은우,35,김해 덕진구123-45,010-9541-3799,여행
5076,서소율,76,광주 강서구123-45,010-3122-9920,보드게임
5077,윤민수,23,대구 강서구123-45,010-2361-4337,음악감상
5078,최시우,47,안양 강서구123-45,010-3105-3010,자전거 타기
5079,서유진,21,대전 송파구123-45,010-8789-2089,수영
5080,서서연,58,제주 성동구123-45,010-3382-5528,자전거 타기
5081,한지민,27,안양 성북구123-45,010-7582-4411,사진촬영
5082,윤지후,70,전주 장유동123-45,010-9191-7691,사진촬영
5083,이도윤,78,수원 흥덕구123-45,010-1194-3405,음악감상
5084,서시우,75,평택 신제주123-45,010-3168-2675,영화감상
5085,이수빈,72,김해 신제주123-45,010-9253-9114,카페 투어
5086,최예은,63,안양 팔달구123-45,010-3672-8714,드로잉
5087,이도윤,44,부산 중구123-45,010-5508-3985,유튜브 보기
5088,박지후,74,전주 유성구123-45,010-6346-3729,유튜브 보기
5089,임하은,76,수원 달서구123-45,010-7773-4901,등산
5090,오하은,25,포항 팔달구123-45,010-3212-5352,등산
5091,이건우,21,창원 진해구123-45,010-7011-1039,일기 쓰기
5092,한지원,38,평택 서구123-45,010-7074-5561,수영
5093,박예린,56,부산 장유동123-45,010-2141-8734,여행
5094,오예은,37,화성 덕진구123-45,010-5771-4309,음악감상
5095,오현우,50,남양주 성동구123-45,010-6887-1045,웹서핑
5096,정지안,24,화성 달서구123-45,010-3882-8549,수영
5097,임은우,48,천안 달서구123-45,010-5423-1843,웹서핑
5098,이민수,63,대구 흥덕구123-45,010-1445-2865,드로잉
5099,윤서준,35,김해 강서구123-45,010-5617-5683,유튜브 보기
5100,김예은,56,용인 서북구123-45,010-2897-5035,일기 쓰기
5101,강지민,39,안산 성동구123-45,010-2282-5662,뜨개질
5102,김지원,51,고양 강남구123-45,010-9858-8964,영화감상
5103,이하은,63,안산 성북구123-45,010-4815-4675,등산
5104,최지안,42,제주 유성구123-45,010-9543-5636,요리
5105,이지후,39,용인 성동구123-45,010-6213-9125,일기 쓰기
5106,서태윤,73,천안 성동구123-45,010-6771-6357,카페 투어
5107,오지후,55,안산 덕진구123-45,010-2858-9939,자전거 타기
5108,최건우,45,대전 덕진구123-45,010-3380-3936,게임
5109,서시우,22,남양주 달서구123-45,010-2314-1440,독서
5110,서하은,40,화성 서구123-45,010-3238-4229,여행
5111,신은우,36,평택 유성구123-45,010-8259-6669,운동
5112,임서연,67,성남 강남구123-45,010-2496-6023,보드게임
5113,조소율,37,성남 진해구123-45,010-4512-3017,음악감상
5114,이유진,74,안산 기흥구123-45,010-5685-8805,운동
5115,윤은우,76,세종 달서구123-45,010-4360-8023,독서
5116,김하은,22,창원 수성구123-45,010-2347-6720,일기 쓰기
5117,윤도윤,76,부산 팔달구123-45,010-8031-1766,일기 쓰기
5118,이건우,49,안양 팔달구123-45,010-4366-9274,영화감상
5119,임건우,51,평택 서구123-45,010-9107-9433,요리
5120,김유진,27,화성 신제주123-45,010-5989-4356,보드게임
5121,서지원,63,용인 해운대구123-45,010-5999-3873,자전거 타기
5122,김지후,74,고양 수성구123-45,010-6835-7335,음악감상
5123,신지안,75,안양 장유동123-45,010-6970-1533,카페 투어
5124,이서연,22,천안 중구123-45,010-3542-7228,독서
5125,오은우,29,세종 북구123-45,010-3073-7488,독서
5126,김지민,65,평택 달서구123-45,010-9546-2419,수영
5127,한지원,71,광주 북구123-45,010-7327-4762,여행
5128,조시우,43,인천 덕양구123-45,010-1726-9134,수영
5129,김태윤,44,남양주 북구123-45,010-2507-2732,일기 쓰기
5130,최소율,25,수원 강남구123-45,010-5717-9693,영화감상
5131,서지민,62,대구 흥덕구123-45,010-4081-8455,영화감상
5132,박시우,69,대구 기흥구123-45,010-3325-4146,카페 투어
5133,강민수,66,남양주 분당구123-45,010-2926-3764,영화감상
5134,강예린,55,용인 일산동구123-45,010-4467-2830,운동
5135,조은우,49,포항 서구123-45,010-7040-7293,여행
5136,조예린,57,성남 진해구123-45,010-3955-2770,자전거 타기
5137,임태윤,76,서울 덕진구123-45,010-2250-1946,영화감상
5138,박지원,72,고양 강서구123-45,010-5212-7238,유튜브 보기
5139,윤수빈,68,대구 기흥구123-45,010-4771-3388,게임
5140,한예린,79,대구 덕양구123-45,010-6137-9316,사진촬영
5141,오하은,74,남양주 달서구123-45,010-2768-6908,수영
5142,최은우,78,안양 송파구123-45,010-9200-1061,독서
5143,강태윤,22,안산 장유동123-45,010-4980-5588,사진촬영
5144,김민수,63,평택 성북구123-45,010-6613-5297,카페 투어
5145,신지민,71,안양 동구123-45,010-2830-4787,웹서핑
5146,정현우,29,용인 성동구123-45,010-4047-1947,독서
5147,강현우,33,성남 진해구123-45,010-2434-1780,일기 쓰기
5148,임예린,77,대구 덕양구123-45,010-2569-5961,뜨개질
5149,장하은,49,울산 기흥구123-45,010-5854-7151,드로잉
5150,임하윤,47,포항 서구123-45,010-9433-4047,보드게임
5151,최지원,59,서울 북구123-45,010-5269-2054,운동
5152,장소율,64,용인 기흥구123-45,010-8483-8828,사진촬영
5153,강예은,58,평택 일산동구123-45,010-4158-4608,보드게임
5154,강민수,50,전주 강남구123-45,010-7638-5714,뜨개질
5155,박은우,73,광주 기흥구123-45,010-6149-2000,등산
5156,이하은,22,용인 해운대구123-45,010-2133-9154,운동
5157,박예은,59,수원 신제주123-45,010-1592-9270,독서
5158,이수빈,72,용인 해운대구123-45,010-7238-5572,자전거 타기
5159,최지후,67,세종 기흥구123-45,010-7875-9715,영화감상
5160,최서준,61,대전 덕양구123-45,010-4198-3162,카페 투어
5161,서서준,24,김해 덕진구123-45,010-9603-1448,유튜브 보기
5162,한예린,79,용인 서구123-45,010-5713-5749,여행
5163,박시우,53,제주 북구123-45,010-6077-4030,독서
5164,장서준,74,화성 강서구123-45,010-7653-5349,웹서핑
5165,한건우,64,청주 해운대구123-45,010-2238-3495,게임
5166,정유진,68,서울 장유동123-45,010-6303-3573,독서
5167,최현우,63,포항 서구123-45,010-4684-9747,일기 쓰기
5168,조도윤,41,서울 강남구123-45,010-4076-4180,사진촬영
5169,강민수,65,부산 덕진구123-45,010-3611-3427,음악감상
5170,신지안,62,부산 일산동구123-45,010-1153-8179,수영
5171,한유진,20,청주 강서구123-45,010-8761-3704,음악감상
5172,강유진,21,대구 흥덕구123-45,010-8106-6388,뜨개질
5173,박지원,57,서울 일산동구123-45,010-9433-3604,게임
5174,장태윤,31,전주 일산동구123-45,010-8701-3368,사진촬영
5175,윤지안,65,서울 흥덕구123-45,010-4666-2943,카페 투어
5176,서지안,72,대전 송파구123-45,010-2751-4912,게임
5177,박지민,25,대구 해운대구123-45,010-8248-8050,여행
5178,장도윤,29,서울 강남구123-45,010-4221-5980,요리
5179,김태윤,34,성남 달서구123-45,010-1128-1006,게임
5180,조지안,60,수원 강서구123-45,010-3083-7727,사진촬영
5181,박수빈,49,화성 덕진구123-45,010-5200-8828,요리
5182,오민수,57,전주 수성구123-45,010-3351-9359,독서
5183,윤태윤,39,평택 해운대구123-45,010-2940-3942,운동
5184,최현우,30,용인 성북구123-45,010-8006-9008,영화감상
5185,서하윤,77,남양주 장유동123-45,010-1497-2203,영화감상
5186,이예린,39,수원 서구123-45,010-8797-2049,일기 쓰기
5187,조도윤,24,고양 흥덕구123-45,010-4493-9766,운동
5188,박지민,54,화성 서구123-45,010-2792-3204,영화감상
5189,이예린,40,화성 팔달구123-45,010-9179-2711,보드게임
5190,정하은,75,포항 흥덕구123-45,010-7093-8866,드로잉
5191,장유진,64,화성 덕양구123-45,010-2010-4536,유튜브 보기
5192,김건우,35,대구 유성구123-45,010-4777-3731,보드게임
5193,이서연,56,김해 분당구123-45,010-5423-4624,여행
5194,강하윤,52,대구 흥덕구123-45,010-1377-1593,여행
5195,신은우,32,부산 강서구123-45,010-5781-8738,웹서핑
5196,이서준,27,울산 흥덕구123-45,010-6130-9509,사진촬영
5197,박시우,35,화성 서구123-45,010-9163-8950,뜨개질
5198,서도윤,60,고양 흥덕구123-45,010-5616-3055,영화감상
5199,윤은우,44,성남 해운대구123-45,010-3461-3901,카페 투어
5200,이하은,24,용인 분당구123-45,010-4081-4961,일기 쓰기
5201,장민수,22,전주 달서구123-45,010-4472-2200,보드게임
5202,신민수,77,청주 흥덕구123-45,010-2842-1740,카페 투어
5203,김현우,56,성남 덕양구123-45,010-2538-2753,드로잉
5204,조하은,59,세종 기흥구123-45,010-2767-8249,카페 투어
5205,최유진,57,서울 유성구123-45,010-4255-7856,등산
5206,오소율,52,안양 북구123-45,010-4223-9480,독서
5207,박서준,52,서울 강남구123-45,010-9796-6062,드로잉
5208,오유진,48,청주 수성구123-45,010-3085-2499,수영
5209,신하은,43,안양 성북구123-45,010-5246-1436,드로잉
5210,최지원,73,김해 덕진구123-45,010-5455-1234,유튜브 보기
5211,정소율,27,천안 신제주123-45,010-2923-4027,드로잉
5212,오예은,63,성남 강남구123-45,010-7065-7112,자전거 타기
5213,김지후,34,인천 달서구123-45,010-6015-1893,일기 쓰기
5214,조지민,51,고양 흥덕구123-45,010-6602-2308,카페 투어
5215,조하은,59,창원 서구123-45,010-7135-4426,카페 투어
5216,이지안,59,세종 흥덕구123-45,010-3805-3224,운동
5217,신지원,60,청주 기흥구123-45,010-6960-7219,일기 쓰기
5218,이민수,48,전주 동구123-45,010-9560-6204,영화감상
5219,신소율,54,부산 송파구123-45,010-1248-1929,사진촬영
5220,임예린,74,천안 동구123-45,010-4768-5706,유튜브 보기
5221,강도윤,34,세종 달서구123-45,010-1315-7373,게임
5222,윤민수,22,포항 북구123-45,010-5825-1627,유튜브 보기
5223,이하은,77,수원 일산동구123-45,010-4446-8785,음악감상
5224,최수빈,50,청주 중구123-45,010-9177-3400,일기 쓰기
5225,강지민,36,대전 팔달구123-45,010-7910-8053,웹서핑
5226,이수빈,22,청주 북구123-45,010-9957-7089,일기 쓰기
5227,최지원,68,전주 장유동123-45,010-2441-5442,수영
5228,윤소율,56,대구 강서구123-45,010-1930-5952,요리
5229,윤예은,69,천안 수성구123-45,010-8179-6225,운동
5230,신지후,24,전주 성동구123-45,010-2349-2838,뜨개질
5231,윤현우,70,대구 기흥구123-45,010-5849-9315,일기 쓰기
5232,임예은,67,고양 남구123-45,010-3218-3443,유튜브 보기
5233,김서준,75,포항 신제주123-45,010-4081-3058,보드게임
5234,장하윤,55,청주 중구123-45,010-6991-3553,운동
5235,조하윤,65,대전 서구123-45,010-9815-4630,독서
5236,서지원,29,창원 기흥구123-45,010-4833-4225,영화감상
5237,오태윤,20,청주 강서구123-45,010-1248-2528,독서
5238,장지후,29,화성 동구123-45,010-4708-5491,자전거 타기
5239,이예은,59,천안 중구123-45,010-4849-1041,게임
5240,서수빈,68,창원 성동구123-45,010-1095-8617,여행
5241,이민수,21,대구 강서구123-45,010-5304-4506,자전거 타기
5242,김은우,56,천안 수성구123-45,010-1925-6572,보드게임
5243,이지안,29,안양 팔달구123-45,010-4529-8477,영화감상
5244,한하윤,34,서울 성동구123-45,010-4764-8213,일기 쓰기
5245,김하은,78,광주 서구123-45,010-1777-5210,수영
5246,임예은,29,창원 해운대구123-45,010-1128-1756,게임
5247,이민수,67,평택 동구123-45,010-3029-4370,영화감상
5248,윤도윤,41,수원 분당구123-45,010-1592-4571,일기 쓰기
5249,오예은,39,세종 강서구123-45,010-5027-2518,여행
5250,조예린,32,제주 성동구123-45,010-6639-1739,등산
5251,박지후,68,남양주 분당구123-45,010-2127-6351,음악감상
5252,한도윤,37,수원 진해구123-45,010-2235-2756,사진촬영
5253,서지원,63,천안 북구123-45,010-4942-6119,독서
5254,장민수,65,용인 덕양구123-45,010-9145-2720,운동
5255,김태윤,54,포항 분당구123-45,010-2894-5326,운동
5256,박현우,44,고양 서북구123-45,010-1877-5568,음악감상
5257,서태윤,40,남양주 강서구123-45,010-4082-9365,일기 쓰기
5258,임예린,64,인천 서구123-45,010-4397-8333,일기 쓰기
5259,최도윤,63,포항 송파구123-45,010-7537-4701,뜨개질
5260,임소율,57,대구 흥덕구123-45,010-9070-4543,일기 쓰기
5261,임수빈,48,포항 기흥구123-45,010-5000-8416,보드게임
5262,신수빈,52,제주 동구123-45,010-2213-7016,드로잉
5263,윤지후,44,화성 덕진구123-45,010-8562-8853,음악감상
5264,장지원,23,인천 송파구123-45,010-3967-9489,수영
5265,윤은우,68,광주 서구123-45,010-4918-9399,게임
5266,장민수,30,서울 진해구123-45,010-4544-2946,음악감상
5267,장도윤,61,용인 강서구123-45,010-6072-7662,독서
5268,장시우,75,천안 송파구123-45,010-2014-4181,등산
5269,한지후,32,안산 성북구123-45,010-3589-7179,여행
5270,조민수,46,천안 강남구123-45,010-9406-7731,수영
5271,장서연,49,화성 서구123-45,010-2003-9976,사진촬영
5272,최수빈,21,제주 덕진구123-45,010-5028-6132,음악감상
5273,한지안,27,광주 강서구123-45,010-5134-5893,웹서핑
5274,서수빈,64,울산 달서구123-45,010-1879-5554,음악감상
5275,조은우,54,세종 달서구123-45,010-2659-6914,여행
5276,박시우,48,대구 중구123-45,010-1890-6126,운동
5277,서서준,27,서울 유성구123-45,010-3967-8106,영화감상
5278,윤은우,76,안산 장유동123-45,010-1643-6033,운동
5279,장지안,34,세종 성북구123-45,010-2104-2102,자전거 타기
5280,조예은,50,청주 성동구123-45,010-3846-8147,독서
5281,조수빈,22,전주 분당구123-45,010-1410-6965,게임
5282,정유진,77,대전 기흥구123-45,010-5746-1054,일기 쓰기
5283,서하은,22,천안 달서구123-45,010-7074-6594,영화감상
5284,박하윤,73,세종 중구123-45,010-3442-7451,여행
5285,조서연,25,울산 달서구123-45,010-1310-6277,음악감상
5286,임서연,24,용인 서구123-45,010-4764-1474,일기 쓰기
5287,최은우,78,성남 진해구123-45,010-8833-7255,수영
5288,이시우,50,대구 남구123-45,010-6589-6029,운동
5289,윤하윤,24,고양 일산동구123-45,010-6114-1121,등산
5290,정서연,65,전주 중구123-45,010-8409-3653,영화감상
5291,한지안,34,대전 팔달구123-45,010-3013-4149,뜨개질
5292,조지민,53,전주 동구123-45,010-9495-3610,카페 투어
5293,조민수,54,전주 수성구123-45,010-2104-4850,음악감상
5294,임태윤,32,청주 해운대구123-45,010-4458-4222,보드게임
5295,신지안,34,울산 강남구123-45,010-8311-6611,드로잉
5296,김서준,62,대구 북구123-45,010-6271-3426,요리
5297,오지원,69,천안 장유동123-45,010-6927-8016,보드게임
5298,신하윤,53,세종 덕양구123-45,010-3749-7247,운동
5299,서서연,69,남양주 수성구123-45,010-6021-6947,보드게임
5300,신소율,77,화성 서북구123-45,010-5791-3213,보드게임
5301,조하은,39,포항 송파구123-45,010-4759-4675,카페 투어
5302,강은우,43,제주 유성구123-45,010-6027-4830,영화감상
5303,이민수,24,인천 동구123-45,010-6273-9963,운동
5304,한예은,49,인천 중구123-45,010-9062-8139,수영
5305,조하윤,77,평택 덕진구123-45,010-4680-1387,게임
5306,윤하윤,52,대구 달서구123-45,010-2029-8044,여행
5307,정소율,59,포항 강서구123-45,010-3025-9204,유튜브 보기
5308,한도윤,55,세종 강남구123-45,010-9924-8179,드로잉
5309,신예린,59,부산 덕양구123-45,010-9298-2447,드로잉
5310,임건우,26,대구 흥덕구123-45,010-4161-1233,영화감상
5311,김민수,22,고양 해운대구123-45,010-6839-1718,자전거 타기
5312,윤은우,51,남양주 수성구123-45,010-1513-3279,수영
5313,장하윤,77,고양 유성구123-45,010-7589-4121,일기 쓰기
5314,김지원,70,세종 덕진구123-45,010-9361-8941,뜨개질
5315,조수빈,53,평택 진해구123-45,010-6337-3521,게임
5316,윤서준,77,성남 흥덕구123-45,010-5101-5885,카페 투어
5317,박지안,54,안양 유성구123-45,010-8361-2943,보드게임
5318,한서연,35,세종 성동구123-45,010-9932-1983,일기 쓰기
5319,김서준,47,부산 분당구123-45,010-6745-3900,음악감상
5320,오유진,69,서울 분당구123-45,010-5257-5646,사진촬영
5321,한지후,56,고양 강서구123-45,010-7486-7954,영화감상
5322,김민수,59,청주 유성구123-45,010-3241-2913,사진촬영
5323,한하은,49,전주 유성구123-45,010-9350-2112,게임
5324,서서준,54,울산 강서구123-45,010-5683-7249,등산
5325,윤건우,37,창원 기흥구123-45,010-5204-2161,요리
5326,조시우,48,울산 덕양구123-45,010-9026-8249,사진촬영
5327,신예은,55,김해 기흥구123-45,010-7575-6685,독서
5328,서시우,46,안양 서구123-45,010-3612-4120,게임
5329,오서연,42,평택 서북구123-45,010-3588-5542,자전거 타기
5330,임하윤,35,용인 장유동123-45,010-1318-2552,영화감상
5331,임예린,29,안산 북구123-45,010-3142-3347,수영
5332,정민수,67,안산 유성구123-45,010-3876-2881,음악감상
5333,강은우,67,화성 중구123-45,010-4004-4879,독서
5334,윤건우,44,천안 덕진구123-45,010-3517-7350,운동
5335,정서준,67,청주 유성구123-45,010-5370-5098,카페 투어
5336,정지후,34,평택 서북구123-45,010-3444-3966,수영
5337,조민수,67,남양주 유성구123-45,010-3190-6621,사진촬영
5338,최서연,79,안산 팔달구123-45,010-8087-9138,영화감상
5339,정태윤,52,성남 유성구123-45,010-4875-1442,게임
5340,정지민,26,김해 수성구123-45,010-1810-6237,유튜브 보기
5341,임지안,28,대전 덕진구123-45,010-5480-7792,독서
5342,신현우,76,전주 남구123-45,010-6092-9454,자전거 타기
5343,한민수,54,세종 수성구123-45,010-4945-7314,음악감상
5344,한지민,45,김해 분당구123-45,010-6072-5598,수영
5345,김예은,56,수원 유성구123-45,010-2276-3848,영화감상
5346,신소율,78,안양 장유동123-45,010-8428-8264,카페 투어
5347,신도윤,47,평택 해운대구123-45,010-8860-1227,운동
5348,서예은,73,고양 팔달구123-45,010-3925-2155,등산
5349,이하윤,48,천안 강서구123-45,010-1576-5980,운동
5350,신건우,54,창원 동구123-45,010-9823-8345,일기 쓰기
5351,임서준,28,용인 일산동구123-45,010-8805-5125,요리
5352,박태윤,63,김해 달서구123-45,010-2896-8514,사진촬영
5353,강하은,40,남양주 서북구123-45,010-1678-1190,독서
5354,조유진,44,포항 기흥구123-45,010-3605-7673,등산
5355,오지민,65,인천 일산동구123-45,010-2026-2688,요리
5356,장소율,75,평택 신제주123-45,010-6579-1557,독서
5357,조태윤,71,세종 해운대구123-45,010-7781-5140,독서
5358,오유진,40,안산 장유동123-45,010-9399-7727,요리
5359,윤현우,65,김해 북구123-45,010-3068-7403,사진촬영
5360,강서연,33,인천 신제주123-45,010-1701-4130,수영
5361,서민수,47,용인 동구123-45,010-9613-9303,일기 쓰기
5362,서현우,54,용인 흥덕구123-45,010-2963-4493,뜨개질
5363,임지후,26,화성 강서구123-45,010-3147-4192,영화감상
5364,정서연,45,안양 신제주123-45,010-7750-6586,등산
5365,조민수,54,평택 달서구123-45,010-4502-3583,뜨개질
5366,김유진,65,제주 서구123-45,010-1122-7153,유튜브 보기
5367,윤도윤,74,창원 진해구123-45,010-2472-8477,독서
5368,윤서연,66,천안 분당구123-45,010-2886-3476,여행
5369,정서연,73,용인 달서구123-45,010-6375-7692,게임
5370,서은우,59,창원 신제주123-45,010-4533-3932,게임
5371,박예은,58,김해 중구123-45,010-4921-3187,독서
5372,임건우,73,포항 해운대구123-45,010-7029-4394,게임
5373,최서준,52,울산 남구123-45,010-3994-7005,카페 투어
5374,최현우,46,남양주 수성구123-45,010-3450-2022,뜨개질
5375,장민수,78,부산 서구123-45,010-2136-1754,등산
5376,한지민,54,김해 서구123-45,010-2003-7666,등산
5377,장지민,79,용인 성동구123-45,010-5951-4475,자전거 타기
5378,조도윤,67,울산 성북구123-45,010-2195-3119,여행
5379,김현우,21,울산 수성구123-45,010-4892-7042,뜨개질
5380,장도윤,77,청주 일산동구123-45,010-2392-3589,드로잉
5381,강하은,73,안산 서구123-45,010-4668-4718,독서
5382,정은우,46,광주 덕진구123-45,010-3687-3422,뜨개질
5383,장지안,29,평택 장유동123-45,010-2028-3490,여행
5384,신지민,42,제주 강서구123-45,010-2684-9731,독서
5385,오예린,44,남양주 강서구123-45,010-9170-6158,수영
5386,조시우,46,화성 해운대구123-45,010-9445-6565,유튜브 보기
5387,신예은,28,청주 덕양구123-45,010-7986-9971,운동
5388,정서준,72,대구 기흥구123-45,010-2431-5396,보드게임
5389,최예린,62,부산 성동구123-45,010-6545-2419,카페 투어
5390,신태윤,32,광주 남구123-45,010-2287-6754,보드게임
5391,오시우,79,대전 신제주123-45,010-6269-9630,독서
5392,강수빈,40,천안 일산동구123-45,010-6250-1087,요리
5393,박서준,56,창원 흥덕구123-45,010-3714-5396,자전거 타기
5394,박지민,57,전주 덕양구123-45,010-2164-8862,등산
5395,정지후,74,광주 흥덕구123-45,010-2749-4576,운동
5396,조예린,34,고양 유성구123-45,010-5123-1118,요리
5397,정도윤,26,고양 수성구123-45,010-5499-4187,영화감상
5398,최도윤,55,천안 신제주123-45,010-4556-2568,웹서핑
5399,박하은,60,고양 덕진구123-45,010-2594-6196,보드게임
5400,서지원,34,대전 덕진구123-45,010-4099-8231,수영
5401,임태윤,43,남양주 달서구123-45,010-1949-6158,독서
5402,정시우,50,서울 수성구123-45,010-2847-8754,사진촬영
5403,이민수,31,대전 수성구123-45,010-3107-3073,운동
5404,최수빈,48,고양 서구123-45,010-1059-9979,수영
5405,신지후,37,성남 동구123-45,010-1553-4182,영화감상
5406,최유진,36,서울 송파구123-45,010-5181-6802,여행
5407,강현우,57,울산 일산동구123-45,010-9891-4598,웹서핑
5408,서현우,36,화성 서북구123-45,010-7250-4578,게임
5409,최민수,42,대구 신제주123-45,010-6325-1099,영화감상
5410,박지민,51,청주 분당구123-45,010-5374-6602,웹서핑
5411,오은우,59,세종 강서구123-45,010-3375-3828,웹서핑
5412,이지안,29,안산 강서구123-45,010-6215-2051,보드게임
5413,이민수,27,남양주 강남구123-45,010-2115-3252,일기 쓰기
5414,신은우,77,청주 유성구123-45,010-3002-6776,등산
5415,장건우,21,대전 기흥구123-45,010-4360-5627,요리
5416,강현우,28,서울 진해구123-45,010-3868-4392,뜨개질
5417,한서연,24,부산 서구123-45,010-6138-5722,웹서핑
5418,한민수,72,수원 달서구123-45,010-2009-6917,웹서핑
5419,서예은,31,성남 일산동구123-45,010-2710-1059,영화감상
5420,임서준,53,울산 성북구123-45,010-7952-5559,음악감상
5421,정수빈,76,서울 성동구123-45,010-1442-7094,음악감상
5422,윤지후,41,부산 남구123-45,010-8172-6888,웹서핑
5423,최현우,53,남양주 북구123-45,010-4889-2692,웹서핑
5424,신예은,24,광주 송파구123-45,010-7506-5553,영화감상
5425,장은우,77,김해 강서구123-45,010-3138-1150,자전거 타기
5426,서수빈,51,울산 장유동123-45,010-7865-4291,수영
5427,한서준,70,울산 일산동구123-45,010-4426-8597,등산
5428,서현우,44,성남 달서구123-45,010-1708-5342,음악감상
5429,장지민,57,대전 덕진구123-45,010-6940-8250,사진촬영
5430,강하은,36,포항 수성구123-45,010-1529-6692,보드게임
5431,김지민,35,전주 강서구123-45,010-2447-5583,유튜브 보기
5432,임도윤,75,서울 서구123-45,010-3797-6862,영화감상
5433,오도윤,69,인천 동구123-45,010-1391-8652,게임
5434,최소율,26,천안 강남구123-45,010-6205-6468,사진촬영
5435,이태윤,32,청주 성북구123-45,010-7682-5194,보드게임
5436,최도윤,79,세종 동구123-45,010-7613-9088,뜨개질
5437,임서연,49,용인 강남구123-45,010-3867-3419,뜨개질
5438,조지후,38,세종 달서구123-45,010-4763-9891,드로잉
5439,김민수,53,서울 수성구123-45,010-1153-7710,웹서핑
5440,김건우,57,전주 북구123-45,010-3060-6197,웹서핑
5441,이도윤,29,천안 일산동구123-45,010-3344-3582,카페 투어
5442,김도윤,48,대전 서북구123-45,010-5677-4809,영화감상
5443,이도윤,42,인천 중구123-45,010-6790-7915,웹서핑
5444,박하은,73,전주 성동구123-45,010-8874-1638,웹서핑
5445,최지민,52,성남 해운대구123-45,010-8631-5678,게임
5446,한시우,36,서울 장유동123-45,010-1946-1269,사진촬영
5447,오은우,74,안양 흥덕구123-45,010-3511-4096,영화감상
5448,윤예은,30,남양주 동구123-45,010-3160-8824,사진촬영
5449,장수빈,56,김해 분당구123-45,010-6598-3979,영화감상
5450,오유진,77,세종 기흥구123-45,010-8241-7056,웹서핑
5451,강건우,22,인천 수성구123-45,010-6678-1279,웹서핑
5452,최서준,50,울산 기흥구123-45,010-5084-5446,여행
5453,박지민,63,안산 강서구123-45,010-6486-2724,자전거 타기
5454,오하은,73,대구 덕양구123-45,010-5764-8995,요리
5455,윤은우,54,부산 성북구123-45,010-7874-8686,게임
5456,신민수,59,화성 남구123-45,010-5415-6159,웹서핑
5457,윤건우,66,화성 일산동구123-45,010-7831-3195,요리
5458,윤소율,70,대구 강남구123-45,010-1314-1340,독서
5459,신서준,22,광주 성북구123-45,010-8123-2350,웹서핑
5460,윤건우,38,제주 신제주123-45,010-8986-5354,카페 투어
5461,임지원,45,청주 신제주123-45,010-8074-1870,뜨개질
5462,신예린,77,울산 성동구123-45,010-3523-2387,여행
5463,오은우,74,세종 서북구123-45,010-1977-1734,웹서핑
5464,박민수,75,서울 강남구123-45,010-1227-6696,여행
5465,서도윤,31,남양주 팔달구123-45,010-1413-4502,독서
5466,이현우,38,전주 수성구123-45,010-1623-7634,뜨개질
5467,한유진,33,제주 동구123-45,010-9588-2112,독서
5468,서유진,70,고양 진해구123-45,010-5404-5817,뜨개질
5469,임서준,54,포항 달서구123-45,010-4418-3043,웹서핑
5470,신시우,76,성남 동구123-45,010-4678-9615,요리
5471,박하윤,37,전주 진해구123-45,010-7940-9418,사진촬영
5472,김건우,22,용인 달서구123-45,010-7379-1853,카페 투어
5473,윤소율,48,청주 팔달구123-45,010-5255-1253,게임
5474,조유진,57,안산 흥덕구123-45,010-8816-5068,운동
5475,한지민,52,용인 달서구123-45,010-2849-2165,수영
5476,강지민,45,천안 덕양구123-45,010-1314-3908,사진촬영
5477,정유진,30,안양 장유동123-45,010-2926-7092,독서
5478,이지민,67,창원 성동구123-45,010-5533-3231,일기 쓰기
5479,한소율,23,제주 서구123-45,010-7731-5529,음악감상
5480,이지민,73,제주 송파구123-45,010-6271-5893,유튜브 보기
5481,윤서연,36,천안 일산동구123-45,010-4726-8255,요리
5482,신시우,79,대구 서구123-45,010-3621-4616,독서
5483,강태윤,70,창원 달서구123-45,010-1834-5726,카페 투어
5484,최지안,63,김해 성동구123-45,010-2076-6617,유튜브 보기
5485,서현우,53,고양 강남구123-45,010-6854-4943,운동
5486,임지원,33,세종 장유동123-45,010-9777-8169,영화감상
5487,박하은,48,수원 덕진구123-45,010-2239-4708,음악감상
5488,신서준,42,안양 흥덕구123-45,010-2456-7696,음악감상
5489,이지원,31,포항 진해구123-45,010-2272-4092,등산
5490,이유진,61,고양 해운대구123-45,010-9455-6641,일기 쓰기
5491,한민수,67,제주 동구123-45,010-4088-2162,드로잉
5492,이시우,24,수원 흥덕구123-45,010-5667-5250,독서
5493,정예은,56,수원 일산동구123-45,010-8843-7142,게임
5494,박민수,74,서울 흥덕구123-45,010-1480-5983,수영
5495,서건우,21,용인 동구123-45,010-9430-4513,게임
5496,한하은,59,용인 남구123-45,010-5333-6063,웹서핑
5497,최은우,65,용인 진해구123-45,010-7727-1037,여행
5498,김건우,65,대구 장유동123-45,010-7045-9884,드로잉
5499,장현우,43,전주 서북구123-45,010-2306-3689,독서
5500,한건우,21,세종 수성구123-45,010-5910-4262,음악감상
5501,한예린,58,서울 분당구123-45,010-8916-3920,게임
5502,임태윤,46,부산 진해구123-45,010-8100-1072,보드게임
5503,박현우,77,서울 강서구123-45,010-6426-1586,독서
5504,임예은,60,안산 성북구123-45,010-4686-4641,운동
5505,서하윤,55,포항 강남구123-45,010-5538-3976,영화감상
5506,조하은,57,남양주 달서구123-45,010-8271-2474,음악감상
5507,김시우,54,제주 장유동123-45,010-3032-6140,음악감상
5508,신지후,20,수원 흥덕구123-45,010-9781-6494,여행
5509,윤지민,51,부산 진해구123-45,010-5481-5822,뜨개질
5510,박서준,66,광주 덕진구123-45,010-7941-4524,수영
5511,이하은,56,천안 팔달구123-45,010-7963-2486,요리
5512,박태윤,35,광주 분당구123-45,010-6683-6158,사진촬영
5513,서서준,40,남양주 북구123-45,010-5537-4647,여행
5514,서지원,41,창원 달서구123-45,010-8629-4388,보드게임
5515,임하은,77,성남 팔달구123-45,010-5426-6266,보드게임
5516,서지안,48,부산 분당구123-45,010-4640-4169,유튜브 보기
5517,강지원,48,광주 달서구123-45,010-5027-6310,뜨개질
5518,조지후,49,고양 달서구123-45,010-4689-8507,유튜브 보기
5519,한예은,42,청주 덕진구123-45,010-9159-3854,자전거 타기
5520,임시우,50,제주 덕양구123-45,010-4341-4566,독서
5521,최하은,56,광주 기흥구123-45,010-1173-7938,요리
5522,한소율,31,천안 달서구123-45,010-7768-3753,요리
5523,박지안,47,대전 중구123-45,010-7033-8899,음악감상
5524,김소율,78,안양 북구123-45,010-6464-3358,수영
5525,오하은,56,제주 중구123-45,010-2728-6930,음악감상
5526,최유진,43,화성 강남구123-45,010-3650-6806,요리
5527,이현우,63,청주 서구123-45,010-6752-3248,드로잉
5528,이유진,44,성남 덕진구123-45,010-3827-2594,드로잉
5529,오예린,67,천안 성동구123-45,010-4813-8119,드로잉
5530,김시우,49,안산 덕진구123-45,010-1183-2546,드로잉
5531,오예은,24,평택 서구123-45,010-6316-8255,음악감상
5532,강소율,76,고양 성북구123-45,010-5844-8520,일기 쓰기
5533,한도윤,79,안양 남구123-45,010-1842-4377,일기 쓰기
5534,신하윤,25,천안 흥덕구123-45,010-2047-3124,유튜브 보기
5535,서현우,60,전주 신제주123-45,010-8093-6310,보드게임
5536,이예은,73,포항 신제주123-45,010-9693-3888,일기 쓰기
5537,강도윤,66,전주 흥덕구123-45,010-7369-4312,음악감상
5538,장지후,42,대구 수성구123-45,010-9754-6893,유튜브 보기
5539,조민수,48,수원 수성구123-45,010-7283-2702,음악감상
5540,강태윤,68,전주 서구123-45,010-3988-7724,보드게임
5541,정유진,57,안산 북구123-45,010-4009-2731,자전거 타기
5542,조소율,49,남양주 서구123-45,010-8416-3477,수영
5543,박지원,76,수원 신제주123-45,010-6686-4831,일기 쓰기
5544,오소율,69,전주 장유동123-45,010-4339-7251,요리
5545,박도윤,24,부산 덕양구123-45,010-3209-6252,등산
5546,강지안,22,용인 분당구123-45,010-1977-9772,일기 쓰기
5547,신현우,52,제주 서북구123-45,010-8399-1225,독서
5548,박지안,28,대전 강남구123-45,010-6257-7964,자전거 타기
5549,김지후,70,대구 흥덕구123-45,010-9251-7689,게임
5550,최하윤,25,화성 수성구123-45,010-5214-8338,드로잉
5551,장지안,60,광주 남구123-45,010-9884-1220,카페 투어
5552,신하은,37,남양주 흥덕구123-45,010-7781-1560,카페 투어
5553,정유진,29,천안 성북구123-45,010-7014-6595,사진촬영
5554,강지민,66,남양주 북구123-45,010-7733-2542,보드게임
5555,조도윤,31,포항 팔달구123-45,010-4670-2887,영화감상
5556,이하은,36,대전 수성구123-45,010-4857-9543,여행
5557,서예은,51,용인 진해구123-45,010-1210-2794,유튜브 보기
5558,장서연,60,수원 강남구123-45,010-6743-5722,요리
5559,박수빈,30,고양 중구123-45,010-5422-5267,수영
5560,장유진,36,화성 서구123-45,010-4956-1080,사진촬영
5561,정은우,61,안산 성북구123-45,010-1615-2845,음악감상
5562,최지민,65,수원 해운대구123-45,010-1285-7716,등산
5563,최유진,29,부산 덕진구123-45,010-3562-4441,뜨개질
5564,정도윤,70,포항 성동구123-45,010-1918-7917,게임
5565,김소율,71,대전 남구123-45,010-1141-8510,유튜브 보기
5566,윤민수,27,광주 분당구123-45,010-4461-8333,운동
5567,장하은,20,포항 유성구123-45,010-6420-7150,게임
5568,오유진,62,창원 흥덕구123-45,010-6879-6228,드로잉
5569,강시우,37,김해 중구123-45,010-9996-6355,수영
5570,장민수,35,광주 북구123-45,010-6745-1884,웹서핑
5571,김유진,51,광주 덕진구123-45,010-5850-1717,웹서핑
5572,임하윤,32,부산 신제주123-45,010-1880-2694,독서
5573,조지후,78,서울 달서구123-45,010-4220-5149,드로잉
5574,김하윤,76,부산 성북구123-45,010-3672-9955,자전거 타기
5575,조예은,33,세종 강서구123-45,010-9614-1893,등산
5576,정민수,56,용인 진해구123-45,010-1719-7499,뜨개질
5577,신민수,56,김해 송파구123-45,010-9221-8164,보드게임
5578,신서준,48,성남 해운대구123-45,010-7377-7560,보드게임
5579,장수빈,71,수원 수성구123-45,010-4231-3701,영화감상
5580,정하윤,65,천안 북구123-45,010-1101-1563,영화감상
5581,장예린,69,대전 성동구123-45,010-4704-7408,카페 투어
5582,임건우,21,세종 남구123-45,010-8062-8524,일기 쓰기
5583,한예린,49,수원 기흥구123-45,010-4357-4134,수영
5584,한지민,73,서울 중구123-45,010-3026-5309,운동
5585,강은우,34,성남 중구123-45,010-1739-7392,운동
5586,오예은,52,창원 성북구123-45,010-6062-7103,자전거 타기
5587,신서연,35,화성 성동구123-45,010-8479-6224,수영
5588,윤서연,34,평택 신제주123-45,010-6559-4131,뜨개질
5589,윤하윤,59,대구 서북구123-45,010-4231-4598,운동
5590,윤수빈,21,화성 진해구123-45,010-7473-6825,드로잉
5591,윤예은,73,평택 강남구123-45,010-2151-8203,요리
5592,윤수빈,53,대전 덕진구123-45,010-8666-4923,요리
5593,윤예린,55,대전 달서구123-45,010-3149-1544,사진촬영
5594,임민수,76,창원 북구123-45,010-1527-2490,영화감상
5595,최태윤,38,광주 동구123-45,010-2292-6038,드로잉
5596,임서준,73,부산 서구123-45,010-5613-3318,드로잉
5597,정시우,52,고양 장유동123-45,010-6059-2415,독서
5598,한서준,61,제주 성북구123-45,010-3056-8561,음악감상
5599,장현우,68,대전 남구123-45,010-1350-1738,음악감상
5600,이현우,60,광주 장유동123-45,010-1958-4220,일기 쓰기
5601,신지민,44,창원 북구123-45,010-1131-7738,게임
5602,오예은,51,평택 기흥구123-45,010-4956-3079,보드게임
5603,박지원,25,안양 서구123-45,010-4446-4744,운동
5604,조수빈,40,서울 장유동123-45,010-2703-4500,웹서핑
5605,장예은,48,대구 서북구123-45,010-5363-4939,등산
5606,오하윤,59,부산 신제주123-45,010-8419-4284,사진촬영
5607,강지민,70,평택 북구123-45,010-4458-6766,카페 투어
5608,조시우,78,남양주 덕양구123-45,010-7070-2000,요리
5609,박예은,40,천안 일산동구123-45,010-8053-5480,운동
5610,오서연,66,안양 동구123-45,010-3541-4384,자전거 타기
5611,강수빈,39,천안 신제주123-45,010-7635-3020,게임
5612,김현우,70,김해 분당구123-45,010-3189-9598,유튜브 보기
5613,최서준,67,인천 송파구123-45,010-8632-6331,뜨개질
5614,조지후,69,청주 해운대구123-45,010-3483-7395,운동
5615,한지안,79,서울 성동구123-45,010-9825-4460,독서
5616,박서연,60,울산 강서구123-45,010-2251-5143,여행
5617,박지후,71,안산 북구123-45,010-2596-5426,웹서핑
5618,신예은,75,수원 해운대구123-45,010-2699-6764,웹서핑
5619,서예린,68,수원 남구123-45,010-6173-1772,요리
5620,한예은,28,안산 강남구123-45,010-5048-9219,요리
5621,오도윤,34,전주 중구123-45,010-5273-7437,자전거 타기
5622,서예린,63,창원 유성구123-45,010-2550-5213,드로잉
5623,강건우,72,포항 북구123-45,010-8421-4614,유튜브 보기
5624,조예은,57,고양 중구123-45,010-8436-6682,드로잉
5625,조지후,57,안산 동구123-45,010-3591-8310,수영
5626,강하은,24,대전 분당구123-45,010-6925-3196,카페 투어
5627,김예린,52,광주 신제주123-45,010-2451-1680,음악감상
5628,조건우,48,제주 달서구123-45,010-4639-7819,등산
5629,김지원,36,대구 북구123-45,010-4310-4955,유튜브 보기
5630,강지후,31,전주 서북구123-45,010-6079-7906,사진촬영
5631,정민수,64,제주 강남구123-45,010-1133-9635,영화감상
5632,최민수,65,대전 송파구123-45,010-6409-7728,드로잉
5633,신건우,43,용인 성동구123-45,010-1254-1022,여행
5634,신하은,48,인천 흥덕구123-45,010-1099-8806,사진촬영
5635,오민수,39,부산 북구123-45,010-8781-6878,웹서핑
5636,박예린,48,용인 동구123-45,010-6402-2471,카페 투어
5637,장예은,65,세종 강남구123-45,010-1615-3661,게임
5638,한민수,75,대전 분당구123-45,010-7139-2794,웹서핑
5639,오하은,67,김해 덕양구123-45,010-2697-2315,영화감상
5640,신유진,25,대구 기흥구123-45,010-5570-3849,등산
5641,박민수,44,대전 진해구123-45,010-5417-2297,게임
5642,박하윤,47,용인 남구123-45,010-1949-7572,수영
5643,최지후,74,제주 진해구123-45,010-3091-5816,독서
5644,최하은,51,고양 팔달구123-45,010-3465-3397,운동
5645,신하은,66,울산 달서구123-45,010-8748-8553,웹서핑
5646,임지안,49,대전 중구123-45,010-3651-9045,사진촬영
5647,장예은,61,안산 서구123-45,010-8234-6294,독서
5648,김하은,59,서울 강서구123-45,010-4704-5157,요리
5649,임지원,52,서울 강남구123-45,010-9529-4791,독서
5650,정은우,22,광주 동구123-45,010-5892-5621,음악감상
5651,조은우,40,전주 신제주123-45,010-6694-5861,웹서핑
5652,윤유진,25,서울 송파구123-45,010-6037-7671,수영
5653,한소율,54,전주 수성구123-45,010-6814-6409,자전거 타기
5654,조민수,72,포항 덕진구123-45,010-3456-8212,카페 투어
5655,최하은,50,세종 장유동123-45,010-2943-4365,자전거 타기
5656,한예린,49,수원 수성구123-45,010-6746-4684,웹서핑
5657,김수빈,39,천안 성동구123-45,010-2189-6008,유튜브 보기
5658,신건우,51,울산 흥덕구123-45,010-8423-1698,일기 쓰기
5659,김지안,33,제주 수성구123-45,010-6517-4461,운동
5660,최하은,63,창원 덕양구123-45,010-4709-1748,수영
5661,서지안,33,제주 남구123-45,010-4836-2924,음악감상
5662,강시우,65,부산 분당구123-45,010-4473-1462,운동
5663,신민수,59,천안 성동구123-45,010-2480-1471,수영
5664,장태윤,43,김해 기흥구123-45,010-2176-2847,수영
5665,신지후,42,성남 남구123-45,010-7077-8301,보드게임
5666,신지후,40,고양 성북구123-45,010-6654-8393,일기 쓰기
5667,임시우,49,김해 일산동구123-45,010-6568-8985,게임
5668,이건우,72,대구 강남구123-45,010-3225-6469,운동
5669,윤태윤,63,부산 강서구123-45,010-6990-7947,게임
5670,신태윤,62,대전 성북구123-45,010-5542-3115,독서
5671,장도윤,55,인천 진해구123-45,010-6813-8100,요리
5672,박지원,39,인천 중구123-45,010-5466-2373,운동
5673,임은우,24,부산 흥덕구123-45,010-3793-2709,자전거 타기
5674,강수빈,45,화성 해운대구123-45,010-5082-3220,드로잉
5675,신지후,29,청주 성동구123-45,010-2079-4648,음악감상
5676,최하은,24,대전 중구123-45,010-4410-8289,사진촬영
5677,윤지안,36,청주 흥덕구123-45,010-1765-6636,자전거 타기
5678,신서연,46,성남 기흥구123-45,010-7816-8572,카페 투어
5679,김민수,55,안산 성북구123-45,010-2063-2196,유튜브 보기
5680,정서준,43,제주 강남구123-45,010-3865-9447,일기 쓰기
5681,오하은,45,평택 수성구123-45,010-3786-9584,요리
5682,장예은,28,안산 분당구123-45,010-3353-4538,뜨개질
5683,임서준,72,창원 강남구123-45,010-6059-7818,드로잉
5684,한지안,51,김해 중구123-45,010-6238-1047,여행
5685,임도윤,73,김해 덕진구123-45,010-8799-8841,독서
5686,조시우,73,고양 기흥구123-45,010-6902-1919,자전거 타기
5687,박지민,77,안양 동구123-45,010-6196-2552,유튜브 보기
5688,신태윤,54,청주 일산동구123-45,010-6771-5563,사진촬영
5689,조소율,61,안산 기흥구123-45,010-7886-5199,요리
5690,이예은,63,성남 해운대구123-45,010-2733-5324,보드게임
5691,조태윤,50,전주 일산동구123-45,010-2203-6943,음악감상
5692,강은우,22,전주 강남구123-45,010-5071-7202,게임
5693,임은우,65,포항 서북구123-45,010-6886-8721,영화감상
5694,김도윤,59,창원 송파구123-45,010-9720-5558,게임
5695,오하은,27,세종 일산동구123-45,010-2102-5807,뜨개질
5696,서건우,68,대구 중구123-45,010-6506-9139,유튜브 보기
5697,정수빈,57,울산 진해구123-45,010-6312-3440,음악감상
5698,박소율,37,인천 성동구123-45,010-3565-2704,등산
5699,장하은,20,대전 해운대구123-45,010-6055-9391,영화감상
5700,신현우,76,대전 동구123-45,010-2117-5823,요리
5701,강태윤,72,전주 서구123-45,010-6666-1356,사진촬영
5702,오도윤,45,고양 팔달구123-45,010-9342-6809,수영
5703,최예은,44,대구 북구123-45,010-7749-3753,게임
5704,윤지민,77,김해 장유동123-45,010-6702-7438,뜨개질
5705,김지원,64,부산 달서구123-45,010-3125-5045,등산
5706,조시우,30,광주 진해구123-45,010-3882-4424,사진촬영
5707,최서연,24,대전 서북구123-45,010-7775-9379,여행
5708,조하은,57,천안 유성구123-45,010-5966-7136,자전거 타기
5709,임건우,47,세종 신제주123-45,010-2393-7211,음악감상
5710,신시우,74,용인 신제주123-45,010-3688-1070,유튜브 보기
5711,서은우,24,포항 수성구123-45,010-6023-7798,사진촬영
5712,박지원,78,김해 덕양구123-45,010-2909-4108,웹서핑
5713,오지민,58,포항 덕양구123-45,010-6542-5902,웹서핑
5714,최은우,51,세종 진해구123-45,010-6562-5075,자전거 타기
5715,한지민,60,제주 송파구123-45,010-7444-8506,음악감상
5716,강도윤,61,울산 성동구123-45,010-2364-4980,사진촬영
5717,한유진,49,고양 덕양구123-45,010-1477-9829,요리
5718,한서연,74,세종 중구123-45,010-6367-8431,여행
5719,이예은,56,천안 송파구123-45,010-5894-6503,일기 쓰기
5720,강서연,26,안산 남구123-45,010-4529-7646,등산
5721,오유진,79,천안 팔달구123-45,010-5164-3513,음악감상
5722,김소율,51,용인 유성구123-45,010-1335-9169,보드게임
5723,이은우,59,고양 강서구123-45,010-4221-6756,수영
5724,강민수,53,서울 해운대구123-45,010-8902-1275,일기 쓰기
5725,오서연,22,청주 강서구123-45,010-7173-5906,등산
5726,김하은,29,광주 흥덕구123-45,010-9530-3059,드로잉
5727,최현우,35,안양 덕양구123-45,010-5713-5507,독서
5728,강예은,29,전주 성동구123-45,010-1345-6235,자전거 타기
5729,박지안,44,천안 장유동123-45,010-4670-6000,보드게임
5730,한서연,54,창원 덕진구123-45,010-5848-8067,음악감상
5731,정지민,70,대전 덕양구123-45,010-1418-8962,카페 투어
5732,한소율,60,청주 덕진구123-45,010-5556-1397,카페 투어
5733,오도윤,42,서울 동구123-45,010-8889-8522,웹서핑
5734,박건우,40,김해 기흥구123-45,010-3017-5738,여행
5735,장서준,41,대전 진해구123-45,010-4752-8834,드로잉
5736,한하은,20,평택 분당구123-45,010-8526-8371,카페 투어
5737,장소율,44,천안 유성구123-45,010-5893-4402,게임
5738,신지원,64,제주 기흥구123-45,010-6598-9512,등산
5739,서태윤,24,용인 유성구123-45,010-7196-6107,드로잉
5740,서민수,54,김해 강서구123-45,010-4150-4035,카페 투어
5741,오은우,45,대전 강남구123-45,010-9882-8606,여행
5742,윤하은,22,김해 중구123-45,010-2749-5405,드로잉
5743,강하윤,38,세종 덕진구123-45,010-4596-3428,드로잉
5744,이지안,61,서울 덕양구123-45,010-1086-5470,게임
5745,박예린,63,창원 덕양구123-45,010-4815-1071,드로잉
5746,조시우,46,제주 강서구123-45,010-6463-4864,여행
5747,한현우,29,김해 기흥구123-45,010-1097-3023,일기 쓰기
5748,오예은,55,포항 장유동123-45,010-2661-3028,카페 투어
5749,조민수,48,안양 팔달구123-45,010-2790-4469,일기 쓰기
5750,최서준,31,고양 남구123-45,010-1797-1610,등산
5751,서건우,55,성남 수성구123-45,010-1980-2314,뜨개질
5752,조도윤,42,화성 장유동123-45,010-8963-6029,등산
5753,김지민,57,인천 서구123-45,010-8734-2511,등산
5754,박민수,54,서울 진해구123-45,010-9941-5099,영화감상
5755,신하윤,77,고양 강남구123-45,010-2819-5462,요리
5756,장예은,44,전주 수성구123-45,010-3216-6064,웹서핑
5757,윤하윤,46,안양 해운대구123-45,010-2407-4343,웹서핑
5758,한지안,51,인천 덕진구123-45,010-6385-4523,유튜브 보기
5759,윤현우,31,울산 달서구123-45,010-6792-7899,요리
5760,장서준,63,전주 진해구123-45,010-7172-1462,등산
5761,강예린,27,창원 분당구123-45,010-4633-4611,등산
5762,이소율,54,평택 북구123-45,010-7679-7346,보드게임
5763,최태윤,44,성남 서구123-45,010-9905-9256,게임
5764,임지민,40,포항 강남구123-45,010-1255-9519,자전거 타기
5765,정건우,47,대전 기흥구123-45,010-4604-4004,자전거 타기
5766,조예은,55,전주 송파구123-45,010-1281-7232,게임
5767,오하윤,70,광주 성동구123-45,010-1000-6207,여행
5768,이지후,70,서울 기흥구123-45,010-1881-6035,자전거 타기
5769,윤태윤,56,천안 서북구123-45,010-5577-4874,드로잉
5770,한하윤,58,화성 북구123-45,010-4174-1348,독서
5771,서하은,35,광주 송파구123-45,010-3516-5390,일기 쓰기
5772,장하윤,23,고양 수성구123-45,010-2139-6314,등산
5773,최서준,64,서울 서구123-45,010-6174-9149,독서
5774,신태윤,34,평택 중구123-45,010-4941-8367,자전거 타기
5775,장시우,60,대구 송파구123-45,010-6724-2182,일기 쓰기
5776,임지후,69,대구 흥덕구123-45,010-9875-5396,카페 투어
5777,김예린,52,천안 강남구123-45,010-1780-8188,요리
5778,강시우,20,평택 송파구123-45,010-5536-5465,사진촬영
5779,임지안,45,세종 일산동구123-45,010-1730-4463,영화감상
5780,강하은,65,안양 남구123-45,010-7074-8288,영화감상
5781,정시우,28,안양 덕진구123-45,010-6220-2624,운동
5782,박서연,28,세종 신제주123-45,010-1438-1018,유튜브 보기
5783,최현우,30,용인 강남구123-45,010-2701-3081,독서
5784,오하윤,51,화성 중구123-45,010-4553-4807,요리
5785,조현우,71,천안 강남구123-45,010-3076-3058,여행
5786,최건우,74,수원 해운대구123-45,010-4031-3673,등산
5787,장도윤,58,안양 달서구123-45,010-6941-3923,일기 쓰기
5788,윤하은,27,서울 덕진구123-45,010-9190-7665,등산
5789,임수빈,27,부산 해운대구123-45,010-7302-5592,게임
5790,강소율,22,울산 서북구123-45,010-9227-7584,여행
5791,윤민수,46,안양 기흥구123-45,010-2050-8079,등산
5792,박유진,72,인천 수성구123-45,010-8467-7918,뜨개질
5793,윤서준,74,제주 일산동구123-45,010-8680-6602,요리
5794,신서연,47,서울 일산동구123-45,010-2538-7869,드로잉
5795,박현우,78,대구 팔달구123-45,010-1228-7907,뜨개질
5796,장예은,47,울산 장유동123-45,010-3926-1518,드로잉
5797,오지안,45,포항 송파구123-45,010-2060-9898,보드게임
5798,박시우,54,화성 유성구123-45,010-9844-6385,사진촬영
5799,서건우,26,전주 강남구123-45,010-1508-8968,카페 투어
5800,윤지민,73,고양 덕양구123-45,010-7249-1992,자전거 타기
5801,정수빈,32,성남 남구123-45,010-7889-7326,영화감상
5802,임유진,79,서울 덕진구123-45,010-2322-5260,요리
5803,조민수,22,김해 장유동123-45,010-1752-4862,요리
5804,강서연,39,대전 남구123-45,010-2411-9069,웹서핑
5805,박유진,34,울산 덕양구123-45,010-5982-6471,뜨개질
5806,윤예린,58,제주 분당구123-45,010-3746-4357,요리
5807,김서준,38,성남 해운대구123-45,010-2657-2388,음악감상
5808,조도윤,48,서울 강서구123-45,010-2220-2213,유튜브 보기
5809,박태윤,57,화성 성동구123-45,010-2453-1117,독서
5810,한지원,59,평택 북구123-45,010-9493-7742,일기 쓰기
5811,이서연,65,평택 팔달구123-45,010-6055-5388,여행
5812,장도윤,39,남양주 장유동123-45,010-9084-3624,사진촬영
5813,서지안,71,포항 중구123-45,010-5245-5856,사진촬영
5814,조하윤,65,김해 남구123-45,010-2004-7517,운동
5815,이수빈,48,제주 중구123-45,010-1539-3900,게임
5816,정민수,67,부산 강남구123-45,010-6010-2310,운동
5817,최민수,61,안산 분당구123-45,010-8670-3480,요리
5818,임건우,66,대전 덕진구123-45,010-7317-2523,사진촬영
5819,김수빈,79,안산 팔달구123-45,010-1067-6237,여행
5820,최시우,61,화성 송파구123-45,010-8072-1174,수영
5821,이서연,31,고양 성북구123-45,010-3104-7284,게임
5822,김수빈,68,남양주 서구123-45,010-8306-1568,웹서핑
5823,윤민수,22,화성 흥덕구123-45,010-2969-6911,독서
5824,이현우,57,안산 장유동123-45,010-5174-5930,수영
5825,윤하은,73,성남 중구123-45,010-7755-1302,드로잉
5826,정유진,48,부산 덕양구123-45,010-1905-4732,일기 쓰기
5827,정예은,61,전주 분당구123-45,010-8100-6474,웹서핑
5828,박지원,23,부산 중구123-45,010-3818-2024,뜨개질
5829,윤지안,42,안양 유성구123-45,010-1199-9068,웹서핑
5830,조지후,45,대구 덕양구123-45,010-9956-4062,요리
5831,김예은,39,천안 분당구123-45,010-9451-6445,드로잉
5832,한건우,27,화성 강남구123-45,010-9109-2873,게임
5833,한건우,72,평택 덕진구123-45,010-6308-1087,사진촬영
5834,임도윤,77,세종 남구123-45,010-9290-4112,뜨개질
5835,최서준,53,대구 강서구123-45,010-5080-2849,사진촬영
5836,장태윤,68,안양 덕진구123-45,010-7447-7396,유튜브 보기
5837,장하윤,57,고양 수성구123-45,010-8555-5366,게임
5838,이지안,42,수원 성동구123-45,010-1642-7168,뜨개질
5839,박도윤,47,화성 강남구123-45,010-7106-1678,자전거 타기
5840,조민수,24,용인 서북구123-45,010-7600-9019,영화감상
5841,임민수,34,안산 기흥구123-45,010-1010-5187,독서
5842,김지원,57,화성 팔달구123-45,010-2814-1023,뜨개질
5843,장서연,45,서울 신제주123-45,010-1785-3428,등산
5844,최예은,45,성남 강서구123-45,010-5401-2132,유튜브 보기
5845,윤건우,67,제주 진해구123-45,010-8810-2796,음악감상
5846,박은우,46,창원 동구123-45,010-9205-7205,보드게임
5847,장은우,23,서울 서구123-45,010-1669-5635,드로잉
5848,최소율,56,김해 송파구123-45,010-1048-2633,웹서핑
5849,한하은,51,대전 강서구123-45,010-1692-4642,수영
5850,박예은,45,전주 해운대구123-45,010-7511-3209,요리
5851,신민수,37,세종 신제주123-45,010-8910-1731,유튜브 보기
5852,신민수,52,창원 수성구123-45,010-8807-2920,여행
5853,윤하윤,32,화성 북구123-45,010-1990-7749,운동
5854,한은우,34,서울 덕진구123-45,010-3564-8573,요리
5855,조지안,42,안산 동구123-45,010-6260-2723,자전거 타기
5856,신지안,51,서울 서구123-45,010-8772-2129,뜨개질
5857,오지원,48,김해 강서구123-45,010-4338-7573,등산
5858,한도윤,72,포항 흥덕구123-45,010-2492-2031,독서
5859,임건우,75,제주 동구123-45,010-5999-5820,등산
5860,조하윤,43,수원 북구123-45,010-9873-9366,게임
5861,김지안,64,화성 수성구123-45,010-4503-8842,사진촬영
5862,정수빈,52,성남 강서구123-45,010-4791-7592,유튜브 보기
5863,윤수빈,64,수원 서구123-45,010-6079-2734,카페 투어
5864,윤수빈,77,창원 송파구123-45,010-7405-7005,카페 투어
5865,윤하은,56,화성 중구123-45,010-4012-2483,일기 쓰기
5866,정하윤,75,평택 흥덕구123-45,010-7022-5232,자전거 타기
5867,조유진,25,수원 수성구123-45,010-6980-6681,음악감상
5868,오도윤,49,창원 유성구123-45,010-4959-2160,게임
5869,박태윤,63,창원 신제주123-45,010-4835-9233,게임
5870,윤건우,78,천안 서구123-45,010-4343-5430,게임
5871,오지민,45,화성 분당구123-45,010-7782-4845,보드게임
5872,임예린,63,김해 일산동구123-45,010-4729-2909,등산
5873,윤유진,51,안양 덕양구123-45,010-8931-3260,독서
5874,오도윤,76,남양주 유성구123-45,010-5979-4172,음악감상
5875,조은우,62,평택 서구123-45,010-6166-2681,유튜브 보기
5876,박지민,55,평택 송파구123-45,010-7506-2141,일기 쓰기
5877,서서준,30,평택 덕양구123-45,010-1396-4004,카페 투어
5878,오지안,48,대구 달서구123-45,010-1755-7408,영화감상
5879,임건우,22,남양주 달서구123-45,010-2338-4078,자전거 타기
5880,김지민,24,광주 동구123-45,010-6914-6639,사진촬영
5881,오민수,65,안산 남구123-45,010-5158-1641,독서
5882,박서준,29,평택 덕양구123-45,010-7093-6595,사진촬영
5883,최예린,58,전주 서북구123-45,010-5948-3500,수영
5884,신시우,67,전주 해운대구123-45,010-1641-4765,유튜브 보기
5885,정소율,28,전주 신제주123-45,010-3209-2082,웹서핑
5886,강태윤,48,세종 성북구123-45,010-3251-5693,자전거 타기
5887,오하윤,54,천안 서북구123-45,010-2866-8611,카페 투어
5888,최서연,60,창원 성북구123-45,010-3743-1309,수영
5889,서은우,75,안양 팔달구123-45,010-9909-2512,등산
5890,최소율,69,부산 성동구123-45,010-6779-3862,보드게임
5891,조지민,69,안산 분당구123-45,010-6406-1043,게임
5892,장수빈,63,대구 서북구123-45,010-6572-3872,뜨개질
5893,조하윤,65,광주 동구123-45,010-8682-4315,일기 쓰기
5894,최지민,76,울산 기흥구123-45,010-8367-3069,일기 쓰기
5895,한하윤,57,세종 기흥구123-45,010-6102-7699,드로잉
5896,한하윤,52,천안 성동구123-45,010-4616-3718,일기 쓰기
5897,김시우,60,울산 덕양구123-45,010-6016-3379,독서
5898,장소율,28,창원 강서구123-45,010-3766-3716,수영
5899,서은우,72,고양 서구123-45,010-6700-4988,유튜브 보기
5900,임서연,74,창원 유성구123-45,010-9660-3919,영화감상
5901,한지후,26,평택 수성구123-45,010-6304-4864,웹서핑
5902,이예린,55,화성 해운대구123-45,010-8559-3241,드로잉
5903,최서연,47,성남 송파구123-45,010-7167-6287,일기 쓰기
5904,김도윤,70,안양 신제주123-45,010-5086-2746,게임
5905,임지민,56,부산 수성구123-45,010-1696-5897,드로잉
5906,이서연,27,부산 달서구123-45,010-9932-6517,독서
5907,이예린,70,서울 성동구123-45,010-4375-4705,등산
5908,임하윤,68,제주 동구123-45,010-3111-1977,자전거 타기
5909,오지원,38,성남 기흥구123-45,010-3481-4576,독서
5910,박지민,77,서울 장유동123-45,010-9132-8992,자전거 타기
5911,장하은,53,화성 동구123-45,010-6028-2629,유튜브 보기
5912,오유진,40,용인 덕양구123-45,010-8784-3658,사진촬영
5913,조하은,43,천안 신제주123-45,010-1012-5035,수영
5914,오지안,40,용인 덕진구123-45,010-2775-2009,독서
5915,장유진,47,김해 덕양구123-45,010-1126-3410,영화감상
5916,김하은,62,수원 중구123-45,010-4519-5038,사진촬영
5917,한태윤,45,안산 덕진구123-45,010-9239-3379,드로잉
5918,서태윤,74,인천 성동구123-45,010-1541-9258,유튜브 보기
5919,임하은,21,안산 수성구123-45,010-6805-4903,카페 투어
5920,이시우,34,광주 흥덕구123-45,010-8030-6869,유튜브 보기
5921,정현우,42,인천 기흥구123-45,010-3180-2448,요리
5922,윤하윤,62,울산 서북구123-45,010-5710-5321,영화감상
5923,서지후,59,인천 강남구123-45,010-3497-8469,자전거 타기
5924,서예린,47,김해 중구123-45,010-8627-4406,운동
5925,김유진,55,남양주 서북구123-45,010-1449-8585,운동
5926,장지안,27,전주 수성구123-45,010-5858-3591,게임
5927,윤서연,41,성남 강남구123-45,010-3002-1668,영화감상
5928,최예은,34,포항 강서구123-45,010-6456-2875,보드게임
5929,박하윤,48,평택 송파구123-45,010-9032-7872,영화감상
5930,최시우,58,용인 서북구123-45,010-2698-3660,여행
5931,정시우,31,화성 동구123-45,010-7416-8332,운동
5932,최서연,23,광주 서북구123-45,010-6028-4538,드로잉
5933,박예린,72,고양 중구123-45,010-9672-7891,운동
5934,윤현우,39,광주 덕진구123-45,010-2004-2159,유튜브 보기
5935,임지민,69,부산 흥덕구123-45,010-5204-1797,드로잉
5936,박소율,54,평택 강서구123-45,010-8615-1092,독서
5937,김예린,21,성남 수성구123-45,010-3017-4963,요리
5938,강도윤,37,고양 장유동123-45,010-2385-8922,웹서핑
5939,정서준,78,인천 장유동123-45,010-4660-1366,수영
5940,조지원,42,창원 해운대구123-45,010-1161-8273,뜨개질
5941,한유진,45,남양주 성북구123-45,010-6011-5376,요리
5942,윤도윤,38,대구 달서구123-45,010-1050-1283,웹서핑
5943,최지민,71,성남 강서구123-45,010-3681-2848,독서
5944,임지후,77,세종 남구123-45,010-5906-6785,영화감상
5945,장지원,61,인천 서북구123-45,010-3966-3457,드로잉
5946,이도윤,20,창원 남구123-45,010-6037-8315,보드게임
5947,김지원,72,창원 덕진구123-45,010-2692-8787,독서
5948,장예린,61,전주 남구123-45,010-1922-7835,요리
5949,한하은,37,용인 달서구123-45,010-5258-9968,영화감상
5950,강지안,60,대구 송파구123-45,010-3452-5362,요리
5951,오하윤,73,천안 강서구123-45,010-9019-7231,수영
5952,장은우,55,남양주 기흥구123-45,010-2881-5600,음악감상
5953,김도윤,33,울산 일산동구123-45,010-7863-2475,독서
5954,강예린,66,창원 성동구123-45,010-1765-4736,독서
5955,조지안,62,세종 신제주123-45,010-2288-5196,카페 투어
5956,최도윤,55,광주 해운대구123-45,010-3751-9297,카페 투어
5957,최서준,48,용인 강남구123-45,010-9053-7747,독서
5958,이민수,34,안산 분당구123-45,010-5514-7484,음악감상
5959,장예은,78,창원 일산동구123-45,010-5722-9969,게임
5960,조유진,32,광주 서북구123-45,010-3172-8571,보드게임
5961,윤예은,20,대구 남구123-45,010-4004-2056,사진촬영
5962,임태윤,75,평택 유성구123-45,010-3066-9160,일기 쓰기
5963,최서연,38,수원 성동구123-45,010-2609-8576,음악감상
5964,정서연,40,광주 동구123-45,010-3008-2345,뜨개질
5965,정서준,39,인천 흥덕구123-45,010-8420-7642,게임
5966,박태윤,55,남양주 서북구123-45,010-1924-3050,자전거 타기
5967,이태윤,66,대전 기흥구123-45,010-1140-1239,요리
5968,서예린,21,청주 장유동123-45,010-5563-7810,여행
5969,한서연,74,세종 성북구123-45,010-9606-4552,뜨개질
5970,김서연,72,청주 서구123-45,010-6354-3947,자전거 타기
5971,박수빈,50,고양 성북구123-45,010-9501-5759,게임
5972,서지후,60,남양주 서북구123-45,010-6670-1357,보드게임
5973,오민수,61,대전 성북구123-45,010-8232-4731,수영
5974,한현우,59,서울 동구123-45,010-6987-6378,등산
5975,정은우,42,안산 강남구123-45,010-1011-8831,보드게임
5976,장은우,21,화성 유성구123-45,010-3991-2115,수영
5977,최도윤,31,남양주 남구123-45,010-4267-7468,여행
5978,박지후,52,수원 남구123-45,010-4591-5841,음악감상
5979,한예은,38,안양 흥덕구123-45,010-1590-5729,일기 쓰기
5980,강서연,72,창원 흥덕구123-45,010-5328-8252,보드게임
5981,김유진,66,서울 팔달구123-45,010-5280-4712,보드게임
5982,서서준,22,남양주 북구123-45,010-8926-3870,카페 투어
5983,윤현우,37,용인 달서구123-45,010-6222-8155,영화감상
5984,한유진,72,부산 중구123-45,010-6239-4136,등산
5985,조예린,56,천안 남구123-45,010-2670-3458,운동
5986,정민수,31,울산 북구123-45,010-6424-2971,음악감상
5987,임지민,32,서울 동구123-45,010-5955-1086,요리
5988,강하윤,51,안산 신제주123-45,010-9190-4639,수영
5989,정지민,62,안양 장유동123-45,010-4436-5897,일기 쓰기
5990,김하은,45,용인 진해구123-45,010-7277-6614,웹서핑
5991,오지민,71,안산 덕양구123-45,010-1973-3234,웹서핑
5992,정태윤,71,대전 동구123-45,010-6940-1136,게임
5993,장태윤,68,울산 일산동구123-45,010-2412-5492,게임
5994,김현우,37,광주 덕양구123-45,010-7350-6311,수영
5995,최현우,50,남양주 기흥구123-45,010-9525-4047,웹서핑
5996,강지원,21,창원 중구123-45,010-5616-3972,자전거 타기
5997,최하은,53,성남 송파구123-45,010-2493-8212,음악감상
5998,강은우,59,평택 송파구123-45,010-2497-1008,요리
5999,임유진,48,천안 송파구123-45,010-3921-5477,독서
6000,장태윤,65,인천 송파구123-45,010-1644-8995,드로잉
6001,한현우,43,창원 북구123-45,010-5943-2993,유튜브 보기
6002,최현우,63,청주 덕양구123-45,010-1247-1456,사진촬영
6003,이소율,55,안산 북구123-45,010-4074-7211,자전거 타기
6004,조소율,70,화성 장유동123-45,010-1583-6557,음악감상
6005,조지후,48,창원 송파구123-45,010-1089-3507,보드게임
6006,윤예은,36,대구 일산동구123-45,010-5657-1374,운동
6007,최도윤,33,창원 강남구123-45,010-6265-3442,유튜브 보기
6008,이지원,61,성남 일산동구123-45,010-5521-2746,음악감상
6009,조도윤,65,용인 송파구123-45,010-1861-8930,유튜브 보기
6010,조지민,23,대전 서구123-45,010-7381-4451,게임
6011,신현우,63,인천 흥덕구123-45,010-6068-1562,요리
6012,오지민,51,천안 송파구123-45,010-5682-1386,여행
6013,서은우,50,서울 성북구123-45,010-3482-3941,유튜브 보기
6014,김소율,28,광주 송파구123-45,010-5677-8879,등산
6015,이민수,65,청주 동구123-45,010-9893-2771,요리
6016,김수빈,50,평택 유성구123-45,010-2586-9804,보드게임
6017,이지민,67,수원 신제주123-45,010-4848-6958,웹서핑
6018,서예린,39,세종 신제주123-45,010-1631-7354,등산
6019,한태윤,46,청주 성동구123-45,010-1514-6701,사진촬영
6020,한수빈,51,울산 흥덕구123-45,010-1121-9297,뜨개질
6021,강예은,59,평택 남구123-45,010-8080-1363,음악감상
6022,오건우,24,제주 강남구123-45,010-1397-5075,등산
6023,강하윤,36,대구 유성구123-45,010-5773-1023,영화감상
6024,신유진,29,인천 진해구123-45,010-8007-2665,보드게임
6025,박유진,72,화성 중구123-45,010-6736-6812,사진촬영
6026,정지후,63,인천 유성구123-45,010-6494-2443,영화감상
6027,서지안,73,울산 덕진구123-45,010-1109-7843,독서
6028,한서연,34,수원 송파구123-45,010-8029-5212,보드게임
6029,윤하은,28,광주 해운대구123-45,010-5905-4699,독서
6030,장민수,59,안산 강서구123-45,010-8737-9131,수영
6031,오태윤,30,부산 덕양구123-45,010-7026-3839,웹서핑
6032,이서준,64,천안 흥덕구123-45,010-2569-2977,일기 쓰기
6033,오지민,64,남양주 강남구123-45,010-3507-1151,드로잉
6034,오하윤,49,창원 유성구123-45,010-1080-2313,영화감상
6035,서민수,55,성남 수성구123-45,010-2395-6588,뜨개질
6036,이지안,36,안산 덕진구123-45,010-9612-6738,독서
6037,서하은,76,수원 서북구123-45,010-5063-3263,웹서핑
6038,정현우,53,수원 장유동123-45,010-2770-8365,자전거 타기
6039,한민수,60,고양 서북구123-45,010-1386-3009,보드게임
6040,서태윤,34,부산 기흥구123-45,010-1439-3773,영화감상
6041,김태윤,75,남양주 덕양구123-45,010-2459-2940,일기 쓰기
6042,임지민,79,전주 수성구123-45,010-1423-5705,자전거 타기
6043,임태윤,52,울산 성북구123-45,010-1302-2920,유튜브 보기
6044,이태윤,74,제주 수성구123-45,010-5464-6099,운동
6045,박지안,43,남양주 팔달구123-45,010-4881-8518,운동
6046,한예은,51,포항 성동구123-45,010-1951-3947,운동
6047,강하은,44,대구 장유동123-45,010-7743-9943,독서
6048,한민수,55,울산 흥덕구123-45,010-6633-8700,드로잉
6049,윤지원,22,포항 성동구123-45,010-8575-4837,운동
6050,이민수,32,천안 서구123-45,010-4634-3980,영화감상
6051,한지안,60,광주 덕진구123-45,010-1142-1672,뜨개질
6052,윤예은,62,대전 일산동구123-45,010-5793-6831,카페 투어
6053,최시우,41,인천 강서구123-45,010-7695-4008,운동
6054,박건우,39,제주 강남구123-45,010-5817-4429,웹서핑
6055,조태윤,40,천안 팔달구123-45,010-2297-7433,독서
6056,김지안,60,청주 북구123-45,010-3087-8254,자전거 타기
6057,윤도윤,64,대구 성북구123-45,010-4688-4345,게임
6058,이도윤,56,전주 달서구123-45,010-6210-1651,웹서핑
6059,장지민,64,안산 달서구123-45,010-1073-2826,일기 쓰기
6060,윤서연,35,청주 서북구123-45,010-3725-3695,수영
6061,조도윤,22,안산 강서구123-45,010-7065-1198,등산
6062,서태윤,71,서울 해운대구123-45,010-2590-7745,여행
6063,오지민,28,김해 진해구123-45,010-3934-3653,요리
6064,임은우,43,안양 덕진구123-45,010-1818-8619,사진촬영
6065,최유진,49,화성 남구123-45,010-5476-6352,일기 쓰기
6066,박현우,32,세종 덕양구123-45,010-5797-2309,요리
6067,박지안,51,안양 중구123-45,010-4409-7984,웹서핑
6068,김지원,78,안양 유성구123-45,010-6238-5994,사진촬영
6069,신지원,47,안산 장유동123-45,010-4632-1631,게임
6070,조유진,50,안산 기흥구123-45,010-9808-4449,게임
6071,임서준,26,전주 동구123-45,010-3624-5861,요리
6072,조도윤,22,청주 강남구123-45,010-3225-3523,일기 쓰기
6073,이은우,69,인천 유성구123-45,010-5309-2594,뜨개질
6074,박하윤,47,대구 흥덕구123-45,010-7893-1467,음악감상
6075,김소율,21,울산 달서구123-45,010-1309-2362,자전거 타기
6076,이서준,36,남양주 남구123-45,010-1387-9184,드로잉
6077,이소율,67,남양주 동구123-45,010-3651-7771,게임
6078,한서연,29,전주 일산동구123-45,010-9926-4708,일기 쓰기
6079,한현우,44,광주 달서구123-45,010-5486-9999,운동
6080,박지원,36,울산 동구123-45,010-2860-8151,자전거 타기
6081,김예은,57,성남 서북구123-45,010-9866-1192,운동
6082,이시우,41,포항 덕진구123-45,010-6377-2715,등산
6083,윤예린,23,부산 신제주123-45,010-4085-5558,유튜브 보기
6084,박시우,50,서울 북구123-45,010-1916-3873,수영
6085,정예은,30,김해 남구123-45,010-5762-3162,운동
6086,신서연,54,용인 송파구123-45,010-5016-2306,카페 투어
6087,서예은,49,광주 송파구123-45,010-3024-5326,카페 투어
6088,김시우,42,대구 성북구123-45,010-6891-9766,여행
6089,강소율,36,대구 장유동123-45,010-1980-2185,독서
6090,신하윤,34,안양 신제주123-45,010-5746-4799,요리
6091,한소율,47,남양주 달서구123-45,010-2897-5326,웹서핑
6092,최태윤,47,안양 분당구123-45,010-4185-6750,드로잉
6093,임예은,53,대전 성북구123-45,010-1990-5037,독서
6094,박예은,51,부산 흥덕구123-45,010-7767-6715,뜨개질
6095,신태윤,65,청주 팔달구123-45,010-3591-5783,여행
6096,이민수,79,울산 기흥구123-45,010-8335-6249,카페 투어
6097,최시우,50,용인 강서구123-45,010-7865-4693,영화감상
6098,김하윤,34,안산 신제주123-45,010-8878-4846,보드게임
6099,윤서연,75,성남 흥덕구123-45,010-6826-3961,운동
6100,조지민,40,부산 일산동구123-45,010-6171-2654,자전거 타기
6101,장서준,31,인천 서구123-45,010-8742-9171,게임
6102,강지원,51,김해 강남구123-45,010-5481-5952,게임
6103,서은우,53,울산 흥덕구123-45,010-3922-9628,유튜브 보기
6104,신현우,35,청주 송파구123-45,010-4358-2862,카페 투어
6105,윤지후,63,천안 유성구123-45,010-1355-6221,게임
6106,서건우,62,인천 강남구123-45,010-8039-4833,영화감상
6107,강하은,47,고양 장유동123-45,010-9263-3983,웹서핑
6108,이건우,67,포항 중구123-45,010-4929-5041,여행
6109,최시우,20,대구 덕진구123-45,010-2274-5796,일기 쓰기
6110,서태윤,47,부산 서북구123-45,010-1848-3720,드로잉
6111,서하은,28,대구 북구123-45,010-2369-7036,웹서핑
6112,최지원,26,용인 송파구123-45,010-2746-5791,드로잉
6113,정유진,68,고양 동구123-45,010-2897-9119,유튜브 보기
6114,서지민,65,광주 팔달구123-45,010-9340-5118,뜨개질
6115,조서연,77,부산 동구123-45,010-1288-1225,게임
6116,오지원,30,제주 수성구123-45,010-9971-1984,등산
6117,윤예린,36,성남 덕양구123-45,010-2226-8688,일기 쓰기
6118,강지후,78,안산 중구123-45,010-4708-2803,영화감상
6119,오유진,70,화성 덕진구123-45,010-1436-7799,자전거 타기
6120,이수빈,60,용인 남구123-45,010-3899-8763,게임
6121,서태윤,28,화성 수성구123-45,010-1091-4429,보드게임
6122,김유진,64,포항 동구123-45,010-5046-1215,웹서핑
6123,윤예은,23,평택 남구123-45,010-9061-4669,음악감상
6124,이예은,72,서울 달서구123-45,010-6122-9473,운동
6125,임유진,23,청주 동구123-45,010-5390-2312,일기 쓰기
6126,정하윤,75,제주 강남구123-45,010-8747-4370,카페 투어
6127,이지민,31,광주 강남구123-45,010-8476-8557,카페 투어
6128,최유진,58,천안 덕양구123-45,010-3367-3194,운동
6129,서도윤,39,청주 진해구123-45,010-1618-6039,자전거 타기
6130,최하윤,65,인천 덕진구123-45,010-7035-2483,보드게임
6131,이서연,68,안양 강남구123-45,010-3127-1149,등산
6132,조하은,58,성남 강남구123-45,010-6124-9814,수영
6133,신태윤,42,포항 수성구123-45,010-1871-8746,드로잉
6134,신서준,73,용인 일산동구123-45,010-4503-4740,뜨개질
6135,이도윤,36,안산 성동구123-45,010-7991-6871,수영
6136,박지안,27,세종 수성구123-45,010-4784-9117,여행
6137,강예은,73,용인 남구123-45,010-2077-8915,등산
6138,신지후,22,수원 강서구123-45,010-1805-5131,독서
6139,한예린,24,서울 남구123-45,010-6413-8649,독서
6140,서서준,62,천안 동구123-45,010-3803-7462,여행
6141,임현우,36,용인 덕양구123-45,010-3228-9921,유튜브 보기
6142,김현우,53,김해 분당구123-45,010-7199-1849,사진촬영
6143,장하은,64,안양 송파구123-45,010-7335-5148,유튜브 보기
6144,이예은,31,용인 송파구123-45,010-9469-6411,자전거 타기
6145,한민수,63,청주 진해구123-45,010-4916-5715,유튜브 보기
6146,장서연,70,전주 분당구123-45,010-1235-8821,보드게임
6147,한서준,51,천안 분당구123-45,010-4231-1767,게임
6148,오하은,62,평택 송파구123-45,010-2902-2026,유튜브 보기
6149,박도윤,21,수원 장유동123-45,010-5333-9914,영화감상
6150,윤예린,73,서울 유성구123-45,010-7371-7481,수영
6151,강하은,59,대전 중구123-45,010-3244-7412,요리
6152,장태윤,63,수원 달서구123-45,010-8823-6108,운동
6153,신현우,32,전주 유성구123-45,010-1967-6174,사진촬영
6154,한예은,49,남양주 덕양구123-45,010-6590-3995,요리
6155,오예은,22,안산 성동구123-45,010-1509-1721,자전거 타기
6156,신지후,21,창원 성동구123-45,010-3014-1192,수영
6157,임소율,54,화성 장유동123-45,010-8211-2886,카페 투어
6158,김건우,40,수원 송파구123-45,010-2244-4804,일기 쓰기
6159,윤태윤,53,수원 신제주123-45,010-3068-3839,수영
6160,조은우,57,포항 유성구123-45,010-4860-6088,영화감상
6161,한하은,76,고양 강남구123-45,010-1447-2948,자전거 타기
6162,이하윤,20,화성 중구123-45,010-2748-8316,웹서핑
6163,한예린,52,안산 덕진구123-45,010-8024-6878,일기 쓰기
6164,김도윤,27,세종 진해구123-45,010-5345-4570,웹서핑
6165,강유진,30,전주 서북구123-45,010-4500-4454,드로잉
6166,박예은,62,김해 기흥구123-45,010-9352-4907,유튜브 보기
6167,박지안,67,안양 팔달구123-45,010-6081-7454,웹서핑
6168,신유진,23,세종 동구123-45,010-3750-5151,보드게임
6169,최예은,55,대전 북구123-45,010-4187-5773,여행
6170,오수빈,62,창원 북구123-45,010-6439-3225,등산
6171,이수빈,21,용인 장유동123-45,010-7471-5686,자전거 타기
6172,정서연,45,세종 유성구123-45,010-9489-5079,게임
6173,최지민,73,포항 북구123-45,010-3226-8777,요리
6174,강지민,71,안양 기흥구123-45,010-2153-3189,일기 쓰기
6175,정민수,47,고양 수성구123-45,010-8098-8432,보드게임
6176,이예은,69,창원 일산동구123-45,010-1044-4410,웹서핑
6177,임지원,66,인천 동구123-45,010-3635-1538,웹서핑
6178,임서준,71,안양 해운대구123-45,010-8310-6384,웹서핑
6179,오예은,21,천안 강남구123-45,010-6394-5514,영화감상
6180,장수빈,58,부산 일산동구123-45,010-1190-8096,카페 투어
6181,이건우,55,고양 동구123-45,010-6029-5168,운동
6182,강지후,40,서울 중구123-45,010-9719-8202,독서
6183,이도윤,31,수원 일산동구123-45,010-5159-1797,게임
6184,오소율,73,대구 성동구123-45,010-9374-5896,독서
6185,장예린,20,평택 팔달구123-45,010-9623-5746,카페 투어
6186,오도윤,59,창원 분당구123-45,010-3858-5003,독서
6187,서지원,53,고양 동구123-45,010-9722-6345,뜨개질
6188,김지후,74,용인 기흥구123-45,010-3806-6540,보드게임
6189,서지안,56,천안 서구123-45,010-3931-1857,뜨개질
6190,한소율,72,천안 수성구123-45,010-8736-8883,운동
6191,윤서준,35,수원 중구123-45,010-2081-7957,자전거 타기
6192,서지안,41,남양주 남구123-45,010-6293-4258,운동
6193,한하윤,73,평택 강서구123-45,010-6600-5285,일기 쓰기
6194,조민수,34,화성 성북구123-45,010-4961-8441,음악감상
6195,한지후,44,남양주 서북구123-45,010-5997-7243,수영
6196,윤예은,77,창원 장유동123-45,010-7011-9018,자전거 타기
6197,한하은,25,성남 해운대구123-45,010-7574-3622,영화감상
6198,조민수,43,안산 기흥구123-45,010-4510-4782,사진촬영
6199,김소율,77,고양 달서구123-45,010-1367-6473,게임
6200,박지민,24,성남 일산동구123-45,010-1200-1526,여행
6201,오시우,25,안산 해운대구123-45,010-1165-6660,등산
6202,박하은,77,대전 강서구123-45,010-3885-3211,드로잉
6203,윤건우,54,안산 달서구123-45,010-5917-4960,웹서핑
6204,한소율,32,천안 서구123-45,010-9700-1989,요리
6205,조예은,77,창원 분당구123-45,010-7981-3926,유튜브 보기
6206,강소율,41,인천 흥덕구123-45,010-9728-6069,뜨개질
6207,한현우,63,인천 흥덕구123-45,010-3905-2984,여행
6208,이소율,26,서울 팔달구123-45,010-7647-4582,뜨개질
6209,조서준,25,전주 강남구123-45,010-4766-3221,운동
6210,조건우,23,대전 유성구123-45,010-6741-1903,여행
6211,조민수,64,성남 분당구123-45,010-4489-4328,요리
6212,신은우,78,청주 강남구123-45,010-7313-9522,게임
6213,신태윤,40,포항 동구123-45,010-6792-1082,여행
6214,윤지민,63,청주 중구123-45,010-5230-3296,등산
6215,임예은,72,제주 성동구123-45,010-3895-1514,독서
6216,장하은,39,포항 강남구123-45,010-8034-6457,유튜브 보기
6217,장민수,60,평택 진해구123-45,010-9235-4010,드로잉
6218,김하윤,56,세종 일산동구123-45,010-5794-5799,보드게임
6219,장서연,64,평택 중구123-45,010-9178-5332,일기 쓰기
6220,정예린,75,인천 장유동123-45,010-1978-9075,사진촬영
6221,정서연,39,포항 흥덕구123-45,010-4031-9784,독서
6222,장하윤,24,화성 덕진구123-45,010-1169-9165,수영
6223,신서연,52,안산 수성구123-45,010-2225-3775,수영
6224,김유진,68,서울 북구123-45,010-1146-1799,운동
6225,최지민,30,세종 일산동구123-45,010-8021-8147,음악감상
6226,김유진,73,성남 분당구123-45,010-3922-6954,사진촬영
6227,윤지민,52,용인 덕양구123-45,010-2758-9571,자전거 타기
6228,한유진,43,안양 덕진구123-45,010-7136-9255,카페 투어
6229,조예린,29,고양 일산동구123-45,010-1339-1346,여행
6230,서지후,24,김해 서북구123-45,010-2151-2694,여행
6231,오시우,48,성남 송파구123-45,010-7864-2256,유튜브 보기
6232,임예은,52,성남 서구123-45,010-5381-8105,보드게임
6233,정소율,51,천안 북구123-45,010-7723-4134,자전거 타기
6234,강지원,25,화성 덕진구123-45,010-5623-3417,사진촬영
6235,장예은,20,전주 수성구123-45,010-4927-8029,독서
6236,오태윤,23,제주 신제주123-45,010-1146-8750,드로잉
6237,최지원,66,안양 분당구123-45,010-1971-5231,여행
6238,서지후,55,울산 일산동구123-45,010-2866-5586,드로잉
6239,박현우,59,김해 서북구123-45,010-3699-5132,일기 쓰기
6240,신민수,39,안양 유성구123-45,010-1526-4558,영화감상
6241,이현우,76,천안 흥덕구123-45,010-5021-9093,유튜브 보기
6242,김수빈,56,안산 진해구123-45,010-4776-2010,독서
6243,서소율,74,성남 진해구123-45,010-4228-5539,사진촬영
6244,신건우,26,성남 강남구123-45,010-8984-1400,독서
6245,정현우,38,서울 동구123-45,010-1103-8215,일기 쓰기
6246,김지민,38,광주 강남구123-45,010-2850-8393,유튜브 보기
6247,한유진,53,김해 흥덕구123-45,010-7699-4195,음악감상
6248,서예은,38,김해 강서구123-45,010-1514-8654,사진촬영
6249,최예린,40,전주 서북구123-45,010-3283-8295,자전거 타기
6250,정예은,42,김해 강서구123-45,010-5878-1479,일기 쓰기
6251,정민수,20,제주 남구123-45,010-5590-5316,음악감상
6252,강지후,32,세종 덕양구123-45,010-3243-9662,등산
6253,한예은,77,화성 진해구123-45,010-5224-9531,영화감상
6254,장건우,68,안산 성동구123-45,010-2557-6516,일기 쓰기
6255,박유진,62,안산 진해구123-45,010-5982-1853,독서
6256,장서연,44,전주 서북구123-45,010-7362-6041,일기 쓰기
6257,조예은,31,창원 진해구123-45,010-8190-6628,게임
6258,한소율,76,부산 수성구123-45,010-8575-4719,보드게임
6259,정소율,41,전주 중구123-45,010-9787-5728,등산
6260,정현우,69,천안 서구123-45,010-8897-9375,유튜브 보기
6261,김현우,64,천안 서북구123-45,010-3741-7490,등산
6262,윤건우,21,안양 분당구123-45,010-7293-5273,카페 투어
6263,서태윤,31,전주 덕진구123-45,010-7518-7899,유튜브 보기
6264,임은우,57,대전 달서구123-45,010-1471-1984,음악감상
6265,임지민,29,청주 흥덕구123-45,010-2573-8060,등산
6266,오도윤,32,성남 분당구123-45,010-8365-2170,사진촬영
6267,서지민,61,대전 달서구123-45,010-9517-6759,보드게임
6268,윤소율,42,남양주 강서구123-45,010-4308-8227,게임
6269,박수빈,62,천안 해운대구123-45,010-5678-2020,영화감상
6270,강서연,54,남양주 강남구123-45,010-5281-2602,음악감상
6271,장하윤,51,인천 기흥구123-45,010-9962-6740,보드게임
6272,서현우,73,천안 기흥구123-45,010-3160-2665,드로잉
6273,정지원,63,창원 서구123-45,010-3648-5248,웹서핑
6274,서서연,64,남양주 송파구123-45,010-2359-2497,수영
6275,강지원,68,화성 기흥구123-45,010-8092-7473,요리
6276,정하은,38,대전 동구123-45,010-2915-5826,일기 쓰기
6277,오민수,79,화성 강서구123-45,010-6907-9433,요리
6278,조수빈,33,수원 덕양구123-45,010-5057-1287,카페 투어
6279,조하은,74,서울 진해구123-45,010-7514-2400,게임
6280,최유진,32,전주 덕양구123-45,010-1294-1814,웹서핑
6281,정건우,52,전주 강서구123-45,010-3247-1463,등산
6282,신건우,48,서울 해운대구123-45,010-6590-1907,음악감상
6283,임민수,55,수원 진해구123-45,010-7902-4623,웹서핑
6284,최예린,29,세종 중구123-45,010-1079-6629,요리
6285,강예은,60,수원 강서구123-45,010-4220-5194,게임
6286,강지민,64,청주 기흥구123-45,010-1310-5030,등산
6287,서도윤,72,포항 남구123-45,010-4295-3055,유튜브 보기
6288,서민수,51,고양 덕양구123-45,010-6191-3079,유튜브 보기
6289,이태윤,32,천안 중구123-45,010-3819-2289,수영
6290,조지민,66,천안 송파구123-45,010-9169-3296,영화감상
6291,정하은,77,광주 분당구123-45,010-9029-8808,사진촬영
6292,오서연,43,성남 달서구123-45,010-2543-7707,웹서핑
6293,신지후,20,청주 송파구123-45,010-8258-5614,요리
6294,박수빈,58,대구 성북구123-45,010-1878-1849,영화감상
6295,윤하윤,50,세종 송파구123-45,010-2808-9498,수영
6296,김예린,61,광주 팔달구123-45,010-3485-5258,음악감상
6297,임지민,35,화성 서북구123-45,010-6194-4535,음악감상
6298,최예린,64,용인 신제주123-45,010-5591-6104,유튜브 보기
6299,신서연,58,김해 북구123-45,010-1632-5245,요리
6300,이예린,45,제주 덕양구123-45,010-1131-4516,보드게임
6301,장시우,75,고양 강서구123-45,010-1044-7389,뜨개질
6302,장태윤,68,창원 성동구123-45,010-1451-4447,요리
6303,박민수,46,수원 중구123-45,010-1405-6136,음악감상
6304,한건우,74,고양 진해구123-45,010-6727-6233,카페 투어
6305,박예린,46,세종 유성구123-45,010-9591-4783,뜨개질
6306,조서준,65,대구 장유동123-45,010-7739-9996,영화감상
6307,이소율,55,세종 송파구123-45,010-7023-7764,일기 쓰기
6308,윤지민,69,광주 강남구123-45,010-3819-5665,영화감상
6309,정현우,45,세종 신제주123-45,010-5450-8831,운동
6310,정하은,72,창원 일산동구123-45,010-5333-3376,영화감상
6311,한도윤,74,안산 북구123-45,010-5822-5993,요리
6312,장서연,23,창원 달서구123-45,010-4085-8035,운동
6313,정서준,36,성남 해운대구123-45,010-9071-3075,등산
6314,최현우,73,안산 덕양구123-45,010-4642-2179,자전거 타기
6315,임수빈,58,전주 강남구123-45,010-3130-4119,자전거 타기
6316,임예린,74,안산 성북구123-45,010-6967-4072,보드게임
6317,박수빈,71,제주 해운대구123-45,010-3501-9869,등산
6318,강현우,64,평택 덕양구123-45,010-2442-3037,보드게임
6319,서서준,38,제주 달서구123-45,010-5411-2477,사진촬영
6320,정수빈,22,포항 중구123-45,010-6576-2776,음악감상
6321,한하윤,41,울산 일산동구123-45,010-9619-7531,자전거 타기
6322,최지민,53,천안 유성구123-45,010-5646-6781,사진촬영
6323,윤하은,57,울산 성동구123-45,010-8730-8141,드로잉
6324,서은우,41,인천 신제주123-45,010-2784-5115,여행
6325,장유진,31,수원 성북구123-45,010-8371-2349,카페 투어
6326,윤지원,75,안양 팔달구123-45,010-6388-5516,웹서핑
6327,박유진,68,광주 달서구123-45,010-2677-2149,독서
6328,신서연,21,서울 서구123-45,010-5599-4025,수영
6329,장유진,33,청주 동구123-45,010-6300-9885,수영
6330,강서준,68,서울 동구123-45,010-3013-4546,자전거 타기
6331,조예린,35,서울 팔달구123-45,010-1750-1814,영화감상
6332,서하윤,47,대전 중구123-45,010-8861-1713,뜨개질
6333,한도윤,51,대구 흥덕구123-45,010-2782-4201,사진촬영
6334,윤지안,38,수원 중구123-45,010-6090-6215,등산
6335,한지안,70,평택 남구123-45,010-1739-7416,독서
6336,정건우,59,대구 송파구123-45,010-2474-3893,웹서핑
6337,김하윤,57,성남 북구123-45,010-1561-2795,독서
6338,임지안,74,광주 송파구123-45,010-8626-4835,사진촬영
6339,김예린,57,안산 북구123-45,010-9270-4739,음악감상
6340,김지후,69,포항 덕진구123-45,010-1942-2475,웹서핑
6341,임하윤,79,천안 동구123-45,010-5678-4737,음악감상
6342,임현우,51,남양주 흥덕구123-45,010-3620-1453,음악감상
6343,임은우,79,성남 서구123-45,010-2566-4302,음악감상
6344,최서준,33,대전 성북구123-45,010-6601-4412,사진촬영
6345,오건우,76,평택 서구123-45,010-2003-1764,일기 쓰기
6346,서수빈,23,고양 성동구123-45,010-8978-9623,영화감상
6347,강유진,45,포항 덕양구123-45,010-3450-5362,여행
6348,조시우,70,안산 성북구123-45,010-2851-2856,자전거 타기
6349,정지안,65,평택 서구123-45,010-5545-9651,사진촬영
6350,강도윤,32,안산 분당구123-45,010-2667-1399,보드게임
6351,장지원,36,용인 남구123-45,010-6044-4215,요리
6352,임도윤,58,고양 강남구123-45,010-5229-9230,드로잉
6353,김지안,74,안산 송파구123-45,010-1072-9144,보드게임
6354,장지민,59,창원 덕진구123-45,010-3719-3806,음악감상
6355,임건우,57,청주 수성구123-45,010-8835-7821,게임
6356,서소율,79,서울 덕양구123-45,010-6333-8927,여행
6357,최건우,63,세종 수성구123-45,010-4025-8257,수영
6358,강현우,36,평택 수성구123-45,010-8533-5604,웹서핑
6359,신지후,27,남양주 진해구123-45,010-6375-7948,카페 투어
6360,서도윤,58,세종 해운대구123-45,010-7061-5612,등산
6361,최하은,31,전주 덕양구123-45,010-8602-6975,등산
6362,최현우,59,창원 강남구123-45,010-6343-1592,보드게임
6363,오민수,69,용인 송파구123-45,010-3352-6332,수영
6364,박지후,66,화성 북구123-45,010-6211-3915,유튜브 보기
6365,강하은,24,화성 남구123-45,010-1141-3018,영화감상
6366,임지민,40,인천 신제주123-45,010-3676-3004,수영
6367,장소율,78,수원 유성구123-45,010-1214-5676,사진촬영
6368,서예은,53,화성 성북구123-45,010-5113-6204,음악감상
6369,오지원,36,고양 진해구123-45,010-5808-3378,독서
6370,이시우,46,성남 팔달구123-45,010-4965-9110,일기 쓰기
6371,강현우,31,용인 성동구123-45,010-2545-5725,게임
6372,장서연,53,전주 덕양구123-45,010-6229-6121,유튜브 보기
6373,장소율,76,포항 강서구123-45,010-1069-1247,음악감상
6374,정지안,31,남양주 강서구123-45,010-8168-5383,유튜브 보기
6375,강서준,28,남양주 남구123-45,010-2761-1423,사진촬영
6376,김하윤,79,전주 기흥구123-45,010-5553-4040,드로잉
6377,한수빈,68,울산 남구123-45,010-5755-8088,독서
6378,강은우,33,청주 흥덕구123-45,010-6614-1335,자전거 타기
6379,김예린,41,청주 동구123-45,010-2342-5986,드로잉
6380,오시우,79,포항 신제주123-45,010-9212-4539,운동
6381,이민수,44,서울 동구123-45,010-4529-2870,운동
6382,정유진,52,수원 덕진구123-45,010-1927-7445,웹서핑
6383,한지민,21,성남 진해구123-45,010-2905-6598,유튜브 보기
6384,임하윤,29,서울 분당구123-45,010-1398-6000,게임
6385,한수빈,35,청주 분당구123-45,010-7657-4761,카페 투어
6386,정수빈,34,창원 장유동123-45,010-2636-8163,독서
6387,장태윤,26,포항 유성구123-45,010-2824-8714,보드게임
6388,이현우,45,부산 강남구123-45,010-9902-5240,뜨개질
6389,윤지민,54,인천 성북구123-45,010-6698-6201,운동
6390,오은우,78,청주 송파구123-45,010-1795-2975,드로잉
6391,서지원,70,부산 서구123-45,010-1612-3991,유튜브 보기
6392,이민수,22,안산 팔달구123-45,010-4582-5114,유튜브 보기
6393,윤지안,45,청주 덕양구123-45,010-3348-3134,영화감상
6394,신도윤,55,천안 북구123-45,010-9061-4570,여행
6395,강도윤,54,성남 유성구123-45,010-9614-8125,요리
6396,정하윤,49,안양 서구123-45,010-7893-3680,사진촬영
6397,김예은,60,제주 흥덕구123-45,010-1831-1471,보드게임
6398,최서준,38,대구 강남구123-45,010-5691-2140,유튜브 보기
6399,장소율,78,대구 강남구123-45,010-3005-5012,운동
6400,정소율,46,포항 서구123-45,010-8123-5032,사진촬영
6401,최은우,67,광주 기흥구123-45,010-4275-4861,수영
6402,박현우,59,안산 강서구123-45,010-5004-3149,요리
6403,신소율,37,포항 서북구123-45,010-1560-2588,수영
6404,이하윤,45,부산 덕양구123-45,010-4393-2699,게임
6405,강수빈,46,청주 달서구123-45,010-6336-2456,웹서핑
6406,신도윤,42,김해 유성구123-45,010-6687-7028,사진촬영
6407,윤지안,73,인천 동구123-45,010-9585-1452,수영
6408,정예은,50,청주 서구123-45,010-9189-2017,웹서핑
6409,강서연,72,전주 팔달구123-45,010-2271-4912,여행
6410,신도윤,50,안산 분당구123-45,010-9726-5179,운동
6411,신예은,44,전주 서북구123-45,010-8055-7550,수영
6412,박예은,64,제주 신제주123-45,010-1528-6754,사진촬영
6413,신도윤,38,안산 동구123-45,010-5470-2621,영화감상
6414,한민수,65,고양 일산동구123-45,010-8472-7272,게임
6415,박태윤,71,화성 유성구123-45,010-1705-1488,카페 투어
6416,임예은,28,대구 장유동123-45,010-9794-2949,사진촬영
6417,조지후,52,고양 흥덕구123-45,010-2318-4942,게임
6418,최지민,53,안양 중구123-45,010-2341-8484,카페 투어
6419,장예린,54,대전 유성구123-45,010-5409-3379,영화감상
6420,강예린,31,화성 수성구123-45,010-3740-3916,카페 투어
6421,김현우,38,성남 분당구123-45,010-9872-9277,게임
6422,최현우,27,평택 흥덕구123-45,010-4116-4959,여행
6423,임민수,33,평택 해운대구123-45,010-3102-3374,등산
6424,윤지안,42,대구 송파구123-45,010-3876-3397,사진촬영
6425,박지안,23,전주 남구123-45,010-2714-2456,요리
6426,강예은,71,전주 팔달구123-45,010-7879-5344,수영
6427,서수빈,59,전주 분당구123-45,010-7552-2291,게임
6428,김시우,72,전주 진해구123-45,010-1620-4409,카페 투어
6429,정태윤,49,안산 강남구123-45,010-1566-1120,요리
6430,임예은,48,대전 덕양구123-45,010-6309-1257,요리
6431,장소율,33,창원 진해구123-45,010-3127-6288,요리
6432,윤소율,20,용인 성북구123-45,010-2450-7704,수영
6433,윤서준,38,인천 북구123-45,010-8442-2341,게임
6434,강예은,68,부산 유성구123-45,010-8687-2584,카페 투어
6435,윤서연,48,서울 남구123-45,010-3027-2654,드로잉
6436,정지안,45,수원 성북구123-45,010-4680-5305,일기 쓰기
6437,이서준,71,울산 중구123-45,010-5960-3462,운동
6438,조지원,33,고양 서구123-45,010-8123-7950,뜨개질
6439,김건우,41,전주 송파구123-45,010-4284-5253,보드게임
6440,오수빈,28,대전 강서구123-45,010-8452-5670,등산
6441,이하윤,60,성남 북구123-45,010-5566-5333,독서
6442,신지안,40,남양주 서구123-45,010-2794-4715,등산
6443,오지원,79,안산 성동구123-45,010-5763-1917,사진촬영
6444,정예은,49,용인 강남구123-45,010-6744-2061,카페 투어
6445,임예은,57,김해 덕양구123-45,010-2542-4000,보드게임
6446,장지원,33,전주 달서구123-45,010-4244-1742,자전거 타기
6447,한소율,21,전주 기흥구123-45,010-4926-5214,카페 투어
6448,신서연,64,김해 서북구123-45,010-9131-9943,게임
6449,이건우,73,성남 송파구123-45,010-5535-7320,카페 투어
6450,이예은,79,인천 팔달구123-45,010-5314-3097,뜨개질
6451,윤예은,22,포항 덕진구123-45,010-1070-1679,여행
6452,이수빈,28,제주 송파구123-45,010-9021-6516,카페 투어
6453,조예린,73,화성 유성구123-45,010-4489-6813,음악감상
6454,한지민,28,대전 동구123-45,010-8978-3418,카페 투어
6455,장서준,43,제주 진해구123-45,010-7556-4425,보드게임
6456,한현우,67,천안 기흥구123-45,010-7422-2020,웹서핑
6457,신현우,49,광주 서북구123-45,010-5948-5806,게임
6458,김시우,62,대구 덕양구123-45,010-8509-2242,보드게임
6459,임현우,40,대전 중구123-45,010-6110-7692,게임
6460,임현우,31,안양 진해구123-45,010-4638-1894,게임
6461,신하은,65,안양 해운대구123-45,010-6056-2829,드로잉
6462,이건우,70,광주 기흥구123-45,010-4780-5145,수영
6463,조수빈,73,고양 기흥구123-45,010-4758-5296,웹서핑
6464,임지안,33,용인 신제주123-45,010-5341-6084,유튜브 보기
6465,한현우,25,전주 팔달구123-45,010-6021-5680,일기 쓰기
6466,신민수,20,안산 동구123-45,010-6262-8975,자전거 타기
6467,한하은,70,청주 팔달구123-45,010-9426-1021,요리
6468,강소율,25,인천 북구123-45,010-7035-6500,드로잉
6469,정유진,41,용인 일산동구123-45,010-8883-8360,영화감상
6470,김도윤,72,천안 남구123-45,010-2722-9011,자전거 타기
6471,신은우,70,천안 수성구123-45,010-4804-2154,뜨개질
6472,정건우,22,안산 흥덕구123-45,010-5824-6863,유튜브 보기
6473,장지후,40,대구 서북구123-45,010-4050-7677,음악감상
6474,장예은,69,청주 강서구123-45,010-6298-9807,뜨개질
6475,오건우,42,광주 덕진구123-45,010-3715-5417,유튜브 보기
6476,장서준,26,용인 서북구123-45,010-9340-9324,영화감상
6477,윤유진,55,안양 진해구123-45,010-3995-7871,웹서핑
6478,한수빈,25,제주 일산동구123-45,010-9725-1417,등산
6479,박도윤,59,평택 서구123-45,010-6047-3872,수영
6480,신하윤,39,안산 동구123-45,010-5120-1541,웹서핑
6481,임건우,62,제주 수성구123-45,010-1788-4453,게임
6482,한지후,54,제주 서북구123-45,010-5035-1866,요리
6483,장유진,74,울산 송파구123-45,010-4519-4480,유튜브 보기
6484,신지안,70,광주 신제주123-45,010-3762-1672,운동
6485,김지안,65,남양주 기흥구123-45,010-7798-2904,요리
6486,이태윤,29,인천 장유동123-45,010-9860-8913,음악감상
6487,신예린,58,창원 강남구123-45,010-8453-2240,뜨개질
6488,임서준,67,대전 기흥구123-45,010-6164-7614,뜨개질
6489,조민수,79,화성 신제주123-45,010-6530-5745,드로잉
6490,오유진,46,인천 성북구123-45,010-1199-8360,독서
6491,오은우,22,수원 강서구123-45,010-2000-4658,등산
6492,이예은,70,울산 송파구123-45,010-2124-5999,등산
6493,신시우,74,창원 성동구123-45,010-8782-4926,영화감상
6494,신도윤,68,포항 분당구123-45,010-3583-2437,웹서핑
6495,임서준,33,세종 중구123-45,010-7144-5436,카페 투어
6496,이하은,50,서울 진해구123-45,010-7740-1731,자전거 타기
6497,서시우,52,남양주 강서구123-45,010-2724-7439,일기 쓰기
6498,오예린,53,서울 북구123-45,010-6673-5186,웹서핑
6499,한은우,60,청주 달서구123-45,010-8470-7551,유튜브 보기
6500,윤예은,45,성남 송파구123-45,010-4938-3914,음악감상
6501,조은우,30,남양주 유성구123-45,010-5355-3246,음악감상
6502,임지후,71,천안 서구123-45,010-5198-5309,게임
6503,강수빈,55,수원 서북구123-45,010-4624-8483,게임
6504,최수빈,57,청주 수성구123-45,010-1248-3923,독서
6505,서현우,28,울산 유성구123-45,010-2738-3809,웹서핑
6506,정건우,35,세종 남구123-45,010-4718-6551,드로잉
6507,장하윤,70,부산 덕양구123-45,010-1855-9912,보드게임
6508,최서준,35,제주 성동구123-45,010-2797-8871,영화감상
6509,오지민,50,성남 중구123-45,010-3307-3561,웹서핑
6510,강지안,65,안양 팔달구123-45,010-3625-7159,게임
6511,서유진,28,대구 일산동구123-45,010-5011-1558,일기 쓰기
6512,강은우,75,고양 수성구123-45,010-9241-8839,카페 투어
6513,장하윤,43,수원 기흥구123-45,010-9021-6206,게임
6514,강시우,61,제주 달서구123-45,010-1448-6351,보드게임
6515,박수빈,39,창원 흥덕구123-45,010-3469-7572,등산
6516,한도윤,52,천안 기흥구123-45,010-9139-8944,독서
6517,임지후,28,김해 덕진구123-45,010-1744-7416,사진촬영
6518,장수빈,54,천안 장유동123-45,010-3473-1077,등산
6519,한민수,41,남양주 장유동123-45,010-2507-6683,수영
6520,장유진,44,수원 진해구123-45,010-8349-3741,요리
6521,김태윤,61,안양 서구123-45,010-7636-3135,일기 쓰기
6522,신현우,29,창원 서북구123-45,010-7126-6562,드로잉
6523,윤유진,63,수원 일산동구123-45,010-6703-9516,여행
6524,임민수,77,광주 서구123-45,010-8094-8589,등산
6525,이도윤,22,부산 신제주123-45,010-6457-8274,카페 투어
6526,윤지안,67,포항 성동구123-45,010-2661-6230,뜨개질
6527,오소율,41,고양 기흥구123-45,010-6999-8268,자전거 타기
6528,이건우,20,수원 성동구123-45,010-3126-1279,웹서핑
6529,강유진,67,수원 일산동구123-45,010-6799-5251,수영
6530,김수빈,69,대구 남구123-45,010-3400-1777,여행
6531,윤서연,34,고양 덕양구123-45,010-2637-2574,수영
6532,한태윤,69,천안 분당구123-45,010-9870-1644,보드게임
6533,박은우,56,평택 장유동123-45,010-1086-1216,뜨개질
6534,장지후,30,고양 강남구123-45,010-6493-4170,게임
6535,신소율,64,화성 해운대구123-45,010-6223-7105,유튜브 보기
6536,정현우,71,부산 수성구123-45,010-8740-6716,유튜브 보기
6537,이은우,40,화성 흥덕구123-45,010-7342-4290,게임
6538,오하윤,73,남양주 달서구123-45,010-1230-2274,사진촬영
6539,정하은,49,용인 남구123-45,010-8431-4732,운동
6540,임유진,68,전주 팔달구123-45,010-5057-1567,사진촬영
6541,오하은,48,남양주 장유동123-45,010-3655-7400,여행
6542,강건우,49,울산 분당구123-45,010-3194-5066,영화감상
6543,장건우,58,천안 중구123-45,010-4300-2368,일기 쓰기
6544,박도윤,74,광주 팔달구123-45,010-9205-5700,독서
6545,김수빈,68,남양주 성동구123-45,010-2714-1908,자전거 타기
6546,장지후,55,대구 유성구123-45,010-6033-8416,유튜브 보기
6547,이서준,51,전주 서구123-45,010-9398-5357,등산
6548,신시우,34,대구 신제주123-45,010-6401-5429,자전거 타기
6549,장수빈,32,부산 송파구123-45,010-6805-9676,보드게임
6550,윤지후,43,안산 송파구123-45,010-4531-5236,독서
6551,윤소율,52,대전 장유동123-45,010-1197-1315,요리
6552,강예은,72,서울 강서구123-45,010-1691-9264,운동
6553,오도윤,71,울산 유성구123-45,010-8514-2073,운동
6554,강건우,37,수원 신제주123-45,010-4304-7408,웹서핑
6555,장도윤,76,인천 성동구123-45,010-4697-5129,게임
6556,강예린,60,전주 덕진구123-45,010-7725-2222,보드게임
6557,임하윤,55,전주 기흥구123-45,010-1559-2203,게임
6558,임소율,65,평택 서북구123-45,010-4496-9082,카페 투어
6559,임소율,68,제주 달서구123-45,010-1034-8888,보드게임
6560,윤지원,25,남양주 동구123-45,010-2981-3055,영화감상
6561,조지안,26,세종 강서구123-45,010-9190-6442,보드게임
6562,한건우,78,수원 송파구123-45,010-2155-2148,유튜브 보기
6563,한수빈,61,고양 진해구123-45,010-6640-8185,카페 투어
6564,조하은,52,안양 진해구123-45,010-3773-1250,운동
6565,조예린,65,광주 강서구123-45,010-1789-9597,자전거 타기
6566,이예린,25,성남 송파구123-45,010-2625-9692,등산
6567,한하윤,60,부산 덕진구123-45,010-6315-2114,음악감상
6568,강지후,30,용인 신제주123-45,010-4476-4569,독서
6569,김지원,24,성남 중구123-45,010-5574-6750,유튜브 보기
6570,강서준,78,창원 장유동123-45,010-9850-6842,유튜브 보기
6571,조소율,64,창원 서북구123-45,010-2155-8739,독서
6572,임유진,37,평택 서구123-45,010-6369-3738,운동
6573,서도윤,75,용인 성북구123-45,010-4288-2251,수영
6574,박수빈,37,인천 송파구123-45,010-2606-2464,뜨개질
6575,박소율,52,대전 송파구123-45,010-9625-4630,요리
6576,서수빈,45,평택 송파구123-45,010-1726-5222,카페 투어
6577,한은우,49,포항 기흥구123-45,010-3347-4653,보드게임
6578,신은우,54,평택 분당구123-45,010-3270-6389,보드게임
6579,이하은,67,수원 남구123-45,010-1019-2625,영화감상
6580,이유진,48,평택 강서구123-45,010-4490-6757,자전거 타기
6581,박지원,31,광주 덕양구123-45,010-1695-8012,음악감상
6582,한지안,28,천안 덕진구123-45,010-6512-1720,웹서핑
6583,조예린,62,대구 신제주123-45,010-4466-1766,운동
6584,신지후,56,인천 중구123-45,010-9901-1278,뜨개질
6585,이건우,73,안양 성동구123-45,010-2643-9888,수영
6586,정예은,69,천안 흥덕구123-45,010-4910-2762,유튜브 보기
6587,김예린,61,대구 서북구123-45,010-1695-4595,요리
6588,장지안,51,안양 흥덕구123-45,010-9263-5763,게임
6589,신유진,51,화성 진해구123-45,010-3033-5576,독서
6590,이서준,27,김해 팔달구123-45,010-5798-8627,드로잉
6591,윤지민,56,수원 북구123-45,010-3960-2392,여행
6592,한지후,67,천안 유성구123-45,010-7248-5386,독서
6593,임도윤,65,안산 강서구123-45,010-3377-9341,수영
6594,조유진,35,고양 강남구123-45,010-8650-2090,음악감상
6595,박예린,43,천안 기흥구123-45,010-8191-1479,일기 쓰기
6596,오유진,64,전주 분당구123-45,010-1360-3596,드로잉
6597,신도윤,31,고양 서구123-45,010-9945-5487,자전거 타기
6598,김소율,20,울산 동구123-45,010-5768-4737,독서
6599,박지원,53,서울 강서구123-45,010-4843-9839,보드게임
6600,조지민,76,서울 달서구123-45,010-5703-1577,여행
6601,박수빈,72,성남 수성구123-45,010-6378-9518,보드게임
6602,장지후,60,포항 진해구123-45,010-6754-6350,보드게임
6603,윤은우,63,고양 동구123-45,010-9971-5495,카페 투어
6604,신서준,69,성남 진해구123-45,010-6678-1481,자전거 타기
6605,강건우,25,전주 송파구123-45,010-7684-1210,요리
6606,강하은,61,광주 남구123-45,010-1111-9218,카페 투어
6607,서도윤,78,고양 서구123-45,010-5465-5976,웹서핑
6608,장예린,73,천안 남구123-45,010-4051-5732,뜨개질
6609,오지원,54,안양 북구123-45,010-7632-6306,게임
6610,오지후,65,울산 동구123-45,010-2103-1133,드로잉
6611,박지안,43,제주 팔달구123-45,010-7812-6010,카페 투어
6612,정민수,34,세종 분당구123-45,010-2655-8721,유튜브 보기
6613,오지민,43,안양 장유동123-45,010-3660-9056,등산
6614,윤예은,70,안산 동구123-45,010-6130-9391,여행
6615,서도윤,21,인천 강남구123-45,010-2564-6365,수영
6616,서예린,65,평택 성북구123-45,010-2691-5113,등산
6617,장건우,67,울산 달서구123-45,010-2201-9442,요리
6618,최유진,36,화성 신제주123-45,010-2424-2488,사진촬영
6619,오현우,43,남양주 팔달구123-45,010-6641-6240,일기 쓰기
6620,박지민,41,전주 성북구123-45,010-3653-8540,수영
6621,오도윤,36,용인 북구123-45,010-1128-1953,웹서핑
6622,임시우,21,안양 진해구123-45,010-9049-6423,카페 투어
6623,임수빈,28,화성 서북구123-45,010-6027-7645,게임
6624,강소율,48,김해 송파구123-45,010-9407-9138,수영
6625,오지민,72,대구 북구123-45,010-7303-5813,카페 투어
6626,이태윤,67,포항 서구123-45,010-4133-2469,요리
6627,오지안,57,천안 일산동구123-45,010-9770-7786,독서
6628,정예은,68,남양주 덕양구123-45,010-7647-3779,일기 쓰기
6629,박도윤,72,인천 기흥구123-45,010-7496-7749,독서
6630,최서준,24,전주 분당구123-45,010-9404-8866,뜨개질
6631,조예은,66,용인 강남구123-45,010-1054-7376,드로잉
6632,서서연,22,대구 달서구123-45,010-3367-5070,음악감상
6633,임도윤,56,전주 덕진구123-45,010-5770-7690,웹서핑
6634,신도윤,50,김해 덕진구123-45,010-5958-2358,일기 쓰기
6635,최예린,63,세종 북구123-45,010-4128-4862,웹서핑
6636,서수빈,70,전주 덕양구123-45,010-8462-7892,카페 투어
6637,박예은,28,광주 분당구123-45,010-4789-2605,등산
6638,강태윤,69,김해 분당구123-45,010-7651-5657,수영
6639,임소율,23,부산 기흥구123-45,010-6534-7966,운동
6640,강지안,44,용인 진해구123-45,010-1356-5557,운동
6641,최태윤,47,천안 송파구123-45,010-3280-5196,여행
6642,장서연,43,천안 강남구123-45,010-5012-5746,영화감상
6643,신도윤,56,부산 중구123-45,010-8489-4839,수영
6644,최태윤,76,수원 서북구123-45,010-6609-8953,수영
6645,박하은,30,제주 유성구123-45,010-6877-5368,뜨개질
6646,박지원,71,전주 분당구123-45,010-5863-5347,보드게임
6647,신하윤,56,수원 강남구123-45,010-1202-4440,운동
6648,이지원,53,화성 유성구123-45,010-9540-3632,독서
6649,임예린,77,광주 일산동구123-45,010-3203-8064,게임
6650,임지안,76,성남 달서구123-45,010-5094-2378,드로잉
6651,윤지원,36,남양주 덕진구123-45,010-6551-1930,사진촬영
6652,장지원,72,청주 흥덕구123-45,010-8143-2417,웹서핑
6653,서하윤,32,인천 기흥구123-45,010-4786-1198,수영
6654,최시우,71,인천 동구123-45,010-1959-3336,게임
6655,신유진,52,창원 중구123-45,010-1410-4973,등산
6656,김소율,53,대구 장유동123-45,010-2938-9406,음악감상
6657,한하은,79,대전 남구123-45,010-2218-8952,일기 쓰기
6658,강소율,28,부산 송파구123-45,010-6548-7380,운동
6659,오지민,43,성남 북구123-45,010-8089-9968,요리
6660,최태윤,64,수원 서구123-45,010-7811-5893,게임
6661,오건우,26,서울 팔달구123-45,010-2691-5711,요리
6662,강하은,59,대구 신제주123-45,010-7011-1712,일기 쓰기
6663,정수빈,39,성남 흥덕구123-45,010-9662-4589,보드게임
6664,조서준,29,제주 동구123-45,010-5715-3679,보드게임
6665,서지민,68,울산 북구123-45,010-6926-5363,자전거 타기
6666,신지민,39,수원 중구123-45,010-1638-4730,게임
6667,강도윤,78,수원 기흥구123-45,010-2568-1938,유튜브 보기
6668,정소율,39,전주 수성구123-45,010-5202-9067,유튜브 보기
6669,서유진,38,세종 신제주123-45,010-1313-7300,여행
6670,장소율,70,평택 강남구123-45,010-3476-4875,운동
6671,임태윤,41,안양 강서구123-45,010-6311-5696,드로잉
6672,조수빈,43,화성 북구123-45,010-7656-2331,영화감상
6673,신지안,28,대구 북구123-45,010-1773-8649,게임
6674,김서연,74,고양 달서구123-45,010-5477-9555,게임
6675,최건우,60,제주 성동구123-45,010-8762-3207,운동
6676,임예린,70,남양주 북구123-45,010-7294-5781,영화감상
6677,임지후,54,포항 남구123-45,010-4827-1043,보드게임
6678,윤서준,40,안양 팔달구123-45,010-5657-5914,게임
6679,서지민,71,부산 북구123-45,010-6091-5855,일기 쓰기
6680,서도윤,45,천안 유성구123-45,010-9162-7395,운동
6681,임지후,67,울산 덕진구123-45,010-5593-9850,유튜브 보기
6682,한하은,68,용인 서북구123-45,010-7096-5832,일기 쓰기
6683,정수빈,49,수원 성동구123-45,010-4601-2223,뜨개질
6684,이유진,75,울산 남구123-45,010-4678-3723,운동
6685,정수빈,33,창원 서북구123-45,010-4257-4174,일기 쓰기
6686,윤서연,65,화성 분당구123-45,010-8242-3460,사진촬영
6687,최유진,31,울산 동구123-45,010-4124-1705,뜨개질
6688,정민수,75,전주 장유동123-45,010-5784-4517,뜨개질
6689,강도윤,78,청주 진해구123-45,010-2833-8087,카페 투어
6690,김건우,37,울산 북구123-45,010-3607-2919,게임
6691,장지원,34,평택 해운대구123-45,010-5628-6355,드로잉
6692,오지안,24,제주 신제주123-45,010-4330-8267,뜨개질
6693,박건우,35,평택 분당구123-45,010-4475-6701,여행
6694,윤하은,66,성남 송파구123-45,010-4303-2833,일기 쓰기
6695,오민수,63,안양 남구123-45,010-6146-3038,등산
6696,장하은,35,창원 신제주123-45,010-3691-7963,자전거 타기
6697,박도윤,56,안산 흥덕구123-45,010-9094-9863,독서
6698,한예은,61,안산 팔달구123-45,010-5274-5330,영화감상
6699,김서연,65,대전 덕양구123-45,010-7772-9818,수영
6700,김수빈,60,성남 서북구123-45,010-5842-3335,유튜브 보기
6701,강하윤,73,대전 신제주123-45,010-5505-4622,게임
6702,이하은,34,세종 흥덕구123-45,010-3296-7738,영화감상
6703,최지민,71,안양 덕양구123-45,010-1507-9030,뜨개질
6704,윤은우,79,청주 일산동구123-45,010-8129-3381,운동
6705,강지민,29,인천 해운대구123-45,010-8822-5298,요리
6706,조서연,36,서울 신제주123-45,010-9210-7656,등산
6707,김시우,72,성남 서구123-45,010-5344-5212,등산
6708,김유진,31,화성 흥덕구123-45,010-7191-6534,독서
6709,장민수,77,평택 진해구123-45,010-5756-2715,웹서핑
6710,서예린,61,울산 성북구123-45,010-4758-6190,유튜브 보기
6711,신지후,73,남양주 수성구123-45,010-4945-8938,등산
6712,박하은,42,고양 강서구123-45,010-4036-5033,독서
6713,정지후,29,안양 중구123-45,010-2851-6665,카페 투어
6714,강도윤,27,수원 분당구123-45,010-7678-5410,자전거 타기
6715,박하은,46,포항 신제주123-45,010-3271-4753,자전거 타기
6716,이태윤,22,안산 팔달구123-45,010-4736-4320,영화감상
6717,박태윤,69,수원 강남구123-45,010-8483-6675,독서
6718,신민수,79,화성 진해구123-45,010-3376-5125,자전거 타기
6719,최수빈,27,서울 팔달구123-45,010-8347-7705,드로잉
6720,김하윤,32,포항 흥덕구123-45,010-8195-4337,자전거 타기
6721,김예린,41,세종 수성구123-45,010-2628-7314,영화감상
6722,박소율,57,창원 성동구123-45,010-3558-2182,사진촬영
6723,조민수,36,전주 덕양구123-45,010-2332-6809,뜨개질
6724,강지민,76,대구 진해구123-45,010-2917-2765,일기 쓰기
6725,임하윤,49,제주 장유동123-45,010-6326-8351,카페 투어
6726,한지안,69,화성 성북구123-45,010-3758-9863,자전거 타기
6727,장서연,28,인천 수성구123-45,010-2681-9355,영화감상
6728,강예린,58,화성 수성구123-45,010-3006-9788,보드게임
6729,최현우,36,안산 강서구123-45,010-8985-7287,수영
6730,정지원,71,김해 성동구123-45,010-1346-5718,게임
6731,임지안,40,전주 덕진구123-45,010-4220-5597,요리
6732,오서준,21,대구 강남구123-45,010-3863-6326,유튜브 보기
6733,박지안,27,창원 강서구123-45,010-5078-1901,음악감상
6734,신태윤,74,김해 일산동구123-45,010-7057-6804,보드게임
6735,최지원,77,창원 남구123-45,010-1068-1528,일기 쓰기
6736,조지안,46,화성 성동구123-45,010-2022-7034,보드게임
6737,한은우,50,수원 성동구123-45,010-3139-5704,운동
6738,윤서연,23,청주 해운대구123-45,010-3923-4145,자전거 타기
6739,강시우,40,서울 덕진구123-45,010-6481-5948,웹서핑
6740,이건우,21,용인 신제주123-45,010-5548-8842,사진촬영
6741,임예린,57,성남 성동구123-45,010-3841-6175,유튜브 보기
6742,이현우,22,청주 강남구123-45,010-3112-1269,운동
6743,김태윤,28,울산 덕양구123-45,010-6011-5553,요리
6744,이지안,66,수원 신제주123-45,010-8874-3876,뜨개질
6745,신지후,63,화성 덕양구123-45,010-3921-9067,사진촬영
6746,신예은,47,수원 남구123-45,010-3552-5208,여행
6747,정시우,28,인천 강서구123-45,010-5042-7846,유튜브 보기
6748,오유진,41,남양주 기흥구123-45,010-5030-5769,카페 투어
6749,정현우,38,남양주 흥덕구123-45,010-5177-3100,등산
6750,오지안,69,김해 강남구123-45,010-7843-9193,보드게임
6751,오유진,71,천안 일산동구123-45,010-4326-9069,웹서핑
6752,이서연,45,용인 성북구123-45,010-1114-1425,요리
6753,최소율,44,화성 유성구123-45,010-4779-7498,수영
6754,조현우,38,대전 덕진구123-45,010-6345-3497,카페 투어
6755,윤지후,66,세종 유성구123-45,010-6447-9660,카페 투어
6756,신소율,48,김해 달서구123-45,010-2820-5715,일기 쓰기
6757,강지안,30,고양 북구123-45,010-1726-3220,뜨개질
6758,신지원,24,포항 성북구123-45,010-5322-6360,일기 쓰기
6759,윤예은,61,울산 송파구123-45,010-4285-7100,자전거 타기
6760,이지민,52,포항 흥덕구123-45,010-2910-7481,영화감상
6761,김은우,24,포항 서구123-45,010-3313-7500,뜨개질
6762,조현우,68,안양 해운대구123-45,010-4566-6758,등산
6763,오현우,72,청주 송파구123-45,010-6624-8837,게임
6764,윤수빈,66,울산 진해구123-45,010-1743-1601,게임
6765,오지원,38,울산 장유동123-45,010-8974-5768,요리
6766,오수빈,50,울산 송파구123-45,010-5005-2939,운동
6767,신소율,66,창원 팔달구123-45,010-1008-7822,수영
6768,임유진,22,천안 장유동123-45,010-7279-5156,웹서핑
6769,한지후,55,고양 남구123-45,010-5204-1729,사진촬영
6770,정건우,34,광주 중구123-45,010-1096-3118,드로잉
6771,조유진,41,평택 신제주123-45,010-3118-3745,드로잉
6772,장예은,71,안양 유성구123-45,010-5542-5266,게임
6773,최유진,68,대전 분당구123-45,010-4099-9055,일기 쓰기
6774,서지후,59,화성 장유동123-45,010-3197-1016,유튜브 보기
6775,신지안,55,인천 동구123-45,010-3464-3028,영화감상
6776,김현우,67,안산 해운대구123-45,010-2388-2251,뜨개질
6777,신은우,41,안양 북구123-45,010-8051-8921,자전거 타기
6778,박서준,66,천안 해운대구123-45,010-9430-9322,음악감상
6779,신유진,25,성남 분당구123-45,010-6624-6600,사진촬영
6780,장지원,28,인천 분당구123-45,010-8041-5702,요리
6781,김수빈,66,남양주 서구123-45,010-2588-7241,음악감상
6782,오유진,52,서울 강남구123-45,010-3585-4993,등산
6783,최유진,51,제주 덕양구123-45,010-6772-4125,드로잉
6784,최지후,71,용인 수성구123-45,010-5021-2412,음악감상
6785,최지원,27,김해 서구123-45,010-5302-1197,보드게임
6786,오지후,54,세종 성북구123-45,010-5448-1960,유튜브 보기
6787,서도윤,72,안산 성북구123-45,010-8918-1003,영화감상
6788,윤지후,24,안양 기흥구123-45,010-3984-3214,드로잉
6789,강하윤,40,세종 해운대구123-45,010-8617-1174,웹서핑
6790,강도윤,67,인천 팔달구123-45,010-2473-5422,독서
6791,강서준,66,대전 서구123-45,010-7669-6137,웹서핑
6792,서태윤,34,대전 북구123-45,010-3346-5137,일기 쓰기
6793,정하윤,36,제주 남구123-45,010-6789-5596,카페 투어
6794,오유진,26,용인 서구123-45,010-8414-3546,뜨개질
6795,장유진,63,천안 수성구123-45,010-2696-8168,게임
6796,윤하윤,31,울산 강서구123-45,010-5195-2256,일기 쓰기
6797,최은우,52,부산 북구123-45,010-7443-5551,뜨개질
6798,이하은,74,포항 북구123-45,010-6086-9237,음악감상
6799,임도윤,64,청주 서북구123-45,010-4505-8240,여행
6800,최건우,73,포항 일산동구123-45,010-5148-1842,게임
6801,신도윤,60,전주 수성구123-45,010-2729-9702,뜨개질
6802,강서연,32,포항 강서구123-45,010-6441-8671,카페 투어
6803,이소율,37,창원 성동구123-45,010-6735-8465,카페 투어
6804,서소율,69,고양 팔달구123-45,010-6419-5670,등산
6805,한지원,52,대전 남구123-45,010-9704-3915,보드게임
6806,임태윤,76,광주 해운대구123-45,010-1727-6992,요리
6807,서유진,66,광주 중구123-45,010-5554-5459,드로잉
6808,오유진,67,안산 서구123-45,010-5057-6789,여행
6809,김소율,55,울산 서구123-45,010-2953-4556,사진촬영
6810,서하윤,42,화성 수성구123-45,010-9792-3847,여행
6811,이서연,46,천안 분당구123-45,010-4730-5110,음악감상
6812,정서준,59,대전 강서구123-45,010-1479-5679,뜨개질
6813,한시우,51,대구 기흥구123-45,010-6426-7730,자전거 타기
6814,조지후,42,용인 흥덕구123-45,010-5316-5622,음악감상
6815,조지민,42,천안 동구123-45,010-3399-5969,보드게임
6816,오시우,72,창원 송파구123-45,010-4395-5628,뜨개질
6817,윤예은,74,서울 흥덕구123-45,010-4141-4044,게임
6818,정현우,71,대전 북구123-45,010-3347-1667,수영
6819,장서준,27,용인 일산동구123-45,010-3225-2933,일기 쓰기
6820,장태윤,20,안산 해운대구123-45,010-3119-8356,운동
6821,신소율,41,수원 성동구123-45,010-2480-6308,음악감상
6822,이건우,26,안산 해운대구123-45,010-6693-2143,운동
6823,이민수,59,수원 기흥구123-45,010-3776-1562,여행
6824,최소율,29,전주 송파구123-45,010-6794-3622,여행
6825,조예은,28,안산 해운대구123-45,010-9661-3136,독서
6826,서시우,63,천안 중구123-45,010-3834-3410,등산
6827,김유진,22,평택 서북구123-45,010-7148-1920,독서
6828,강하윤,44,대구 팔달구123-45,010-1931-3387,뜨개질
6829,최서준,35,서울 북구123-45,010-9427-5346,보드게임
6830,윤도윤,58,청주 수성구123-45,010-9546-6028,자전거 타기
6831,오지민,78,안산 강서구123-45,010-1806-1110,카페 투어
6832,강하윤,44,울산 분당구123-45,010-4572-4419,웹서핑
6833,조하윤,73,세종 성동구123-45,010-7194-3488,유튜브 보기
6834,조건우,35,포항 성동구123-45,010-7670-1132,보드게임
6835,장하은,29,안산 중구123-45,010-5044-9438,영화감상
6836,오현우,39,성남 덕양구123-45,010-8124-5150,독서
6837,조지민,39,서울 일산동구123-45,010-5138-6386,웹서핑
6838,한지민,73,세종 일산동구123-45,010-1180-2059,수영
6839,오시우,68,서울 덕양구123-45,010-8992-4710,보드게임
6840,한수빈,75,전주 서북구123-45,010-4595-1052,보드게임
6841,이서준,61,광주 송파구123-45,010-6571-2602,수영
6842,오서연,58,평택 북구123-45,010-1350-1881,여행
6843,정예은,39,안양 강남구123-45,010-1840-1703,유튜브 보기
6844,박태윤,30,안산 성북구123-45,010-9057-6565,드로잉
6845,이하윤,67,대구 서북구123-45,010-7637-2895,여행
6846,최시우,56,평택 덕양구123-45,010-3282-6174,여행
6847,장소율,54,포항 성동구123-45,010-8918-6465,일기 쓰기
6848,이소율,50,서울 덕양구123-45,010-8182-9400,수영
6849,정소율,29,안산 동구123-45,010-3776-8600,수영
6850,박예은,28,울산 덕양구123-45,010-3218-3482,게임
6851,최건우,49,세종 달서구123-45,010-9848-1548,운동
6852,윤하윤,43,전주 일산동구123-45,010-2706-7238,수영
6853,정지민,51,전주 기흥구123-45,010-3796-7950,요리
6854,장시우,37,세종 성동구123-45,010-5693-6389,사진촬영
6855,서건우,47,전주 성동구123-45,010-4088-9703,요리
6856,서하윤,35,안양 수성구123-45,010-6733-4495,자전거 타기
6857,김태윤,68,용인 장유동123-45,010-6105-9985,수영
6858,서도윤,25,청주 강남구123-45,010-8074-1446,사진촬영
6859,정은우,34,청주 진해구123-45,010-4461-8955,카페 투어
6860,정민수,60,대구 유성구123-45,010-6664-5859,뜨개질
6861,임수빈,61,대구 서구123-45,010-5175-3480,여행
6862,신유진,70,대전 일산동구123-45,010-6331-3174,등산
6863,윤서연,64,세종 진해구123-45,010-7622-2065,카페 투어
6864,강소율,72,수원 유성구123-45,010-2265-7985,자전거 타기
6865,윤수빈,50,광주 흥덕구123-45,010-9543-8413,등산
6866,최민수,50,안산 기흥구123-45,010-7263-5133,등산
6867,신하윤,49,고양 덕진구123-45,010-9525-7526,영화감상
6868,박서연,41,세종 진해구123-45,010-9905-2035,영화감상
6869,김지원,47,창원 장유동123-45,010-1879-5798,웹서핑
6870,오건우,75,천안 성북구123-45,010-7270-8315,음악감상
6871,김서연,79,김해 분당구123-45,010-1489-2341,웹서핑
6872,한은우,56,전주 동구123-45,010-3481-7135,일기 쓰기
6873,신서준,59,전주 진해구123-45,010-5921-7852,운동
6874,신건우,61,인천 장유동123-45,010-7816-7519,드로잉
6875,박소율,37,서울 송파구123-45,010-3666-9477,뜨개질
6876,장서준,68,천안 기흥구123-45,010-6255-3454,여행
6877,윤유진,64,포항 신제주123-45,010-8699-2599,요리
6878,오도윤,42,대전 중구123-45,010-3197-4979,뜨개질
6879,김유진,50,천안 유성구123-45,010-7808-3941,자전거 타기
6880,김서준,35,남양주 서구123-45,010-9861-5591,독서
6881,강하윤,72,성남 동구123-45,010-9919-6727,음악감상
6882,최하윤,76,안양 중구123-45,010-1077-5733,웹서핑
6883,조지안,35,서울 해운대구123-45,010-1731-4174,운동
6884,강수빈,59,대전 기흥구123-45,010-5226-3956,카페 투어
6885,최유진,76,세종 중구123-45,010-9275-1196,유튜브 보기
6886,조시우,65,세종 덕양구123-45,010-5184-7486,영화감상
6887,윤예은,48,고양 흥덕구123-45,010-2083-7656,영화감상
6888,한예린,69,남양주 남구123-45,010-3109-5388,카페 투어
6889,장서준,60,세종 북구123-45,010-1137-3237,사진촬영
6890,임서준,39,세종 해운대구123-45,010-3078-1750,뜨개질
6891,최예린,37,고양 유성구123-45,010-6113-3835,카페 투어
6892,서민수,37,남양주 남구123-45,010-3872-7998,여행
6893,최민수,20,부산 중구123-45,010-3632-4051,드로잉
6894,최하윤,67,평택 송파구123-45,010-7920-8004,음악감상
6895,오서준,37,세종 기흥구123-45,010-3899-6895,등산
6896,박도윤,43,울산 덕양구123-45,010-3242-7635,운동
6897,한시우,67,남양주 해운대구123-45,010-9024-1574,유튜브 보기
6898,장하은,32,성남 신제주123-45,010-1932-7466,일기 쓰기
6899,윤건우,46,용인 일산동구123-45,010-2122-4291,드로잉
6900,한은우,31,서울 서북구123-45,010-2707-9419,수영
6901,조지후,74,용인 기흥구123-45,010-5640-9478,영화감상
6902,정지안,36,세종 중구123-45,010-4475-6086,자전거 타기
6903,최현우,54,전주 유성구123-45,010-3527-2448,웹서핑
6904,신지후,76,부산 덕양구123-45,010-1659-7901,여행
6905,정수빈,73,청주 달서구123-45,010-4178-8939,음악감상
6906,강예은,69,세종 성동구123-45,010-4670-1089,독서
6907,오도윤,30,포항 덕양구123-45,010-3688-2294,여행
6908,최지원,71,용인 팔달구123-45,010-4554-3675,일기 쓰기
6909,조지후,72,제주 동구123-45,010-3093-8404,뜨개질
6910,오현우,76,안양 성북구123-45,010-1771-8667,음악감상
6911,박수빈,38,울산 강서구123-45,010-2551-2493,보드게임
6912,박하윤,28,남양주 일산동구123-45,010-2912-7299,카페 투어
6913,박예린,39,남양주 유성구123-45,010-1282-5754,자전거 타기
6914,최시우,37,울산 서북구123-45,010-5868-6748,보드게임
6915,김지후,61,청주 덕양구123-45,010-8354-2677,유튜브 보기
6916,한예린,75,서울 성동구123-45,010-1621-5838,뜨개질
6917,박수빈,22,대전 동구123-45,010-6631-4909,게임
6918,박시우,56,용인 장유동123-45,010-7648-9531,보드게임
6919,서지민,77,수원 달서구123-45,010-3475-5285,수영
6920,신소율,44,평택 성북구123-45,010-7401-7860,여행
6921,조지원,72,포항 강남구123-45,010-6933-4989,여행
6922,강시우,76,남양주 서북구123-45,010-9326-5186,등산
6923,최태윤,64,평택 유성구123-45,010-3049-5423,운동
6924,서현우,50,대전 서구123-45,010-5036-8133,음악감상
6925,조건우,46,인천 덕진구123-45,010-7276-7922,뜨개질
6926,이지원,63,청주 강서구123-45,010-2024-3383,여행
6927,오태윤,23,안산 성북구123-45,010-4652-4233,사진촬영
6928,서하윤,43,김해 달서구123-45,010-4911-4233,여행
6929,박예은,28,대구 중구123-45,010-5580-5068,드로잉
6930,강민수,67,전주 동구123-45,010-3157-5763,운동
6931,한도윤,26,평택 성동구123-45,010-9084-6364,등산
6932,조서준,41,대전 일산동구123-45,010-7008-4399,독서
6933,서하윤,26,안산 송파구123-45,010-9902-3522,보드게임
6934,윤은우,33,남양주 팔달구123-45,010-1741-5238,유튜브 보기
6935,정서준,61,제주 송파구123-45,010-2816-2663,수영
6936,한은우,24,부산 팔달구123-45,010-1608-1680,자전거 타기
6937,이하은,59,전주 북구123-45,010-3824-4189,자전거 타기
6938,한지민,37,창원 유성구123-45,010-6624-1455,드로잉
6939,임예은,59,성남 북구123-45,010-7618-5484,유튜브 보기
6940,이수빈,70,천안 북구123-45,010-7128-2324,드로잉
6941,조건우,33,안양 강남구123-45,010-2300-3173,카페 투어
6942,이하은,62,서울 강서구123-45,010-4718-9800,보드게임
6943,박유진,33,안양 장유동123-45,010-2089-9449,여행
6944,김태윤,62,대구 덕양구123-45,010-5278-3851,뜨개질
6945,신수빈,74,광주 동구123-45,010-7344-6546,여행
6946,박소율,54,용인 강남구123-45,010-2071-4159,운동
6947,신태윤,32,청주 팔달구123-45,010-5198-1151,게임
6948,오건우,39,화성 해운대구123-45,010-9140-4748,자전거 타기
6949,오지후,75,화성 동구123-45,010-7342-2651,카페 투어
6950,오수빈,79,광주 송파구123-45,010-4027-7621,여행
6951,최민수,38,용인 서구123-45,010-4975-4150,독서
6952,서도윤,70,광주 덕진구123-45,010-4089-3777,영화감상
6953,박소율,68,용인 장유동123-45,010-4741-1338,게임
6954,한태윤,70,창원 덕양구123-45,010-2298-1082,음악감상
6955,강도윤,63,제주 성북구123-45,010-3517-3046,카페 투어
6956,이민수,55,김해 유성구123-45,010-1101-3896,여행
6957,한건우,37,대구 덕진구123-45,010-3821-4421,여행
6958,조수빈,67,고양 유성구123-45,010-9125-8869,뜨개질
6959,조시우,73,용인 일산동구123-45,010-4056-7175,등산
6960,윤시우,70,포항 성동구123-45,010-3287-8338,운동
6961,한서연,53,인천 서구123-45,010-7461-8221,등산
6962,정하은,41,화성 덕진구123-45,010-7650-7352,수영
6963,정예은,74,광주 분당구123-45,010-3353-3072,웹서핑
6964,강민수,70,남양주 남구123-45,010-1521-9071,운동
6965,한지후,37,화성 송파구123-45,010-5607-3562,웹서핑
6966,박하은,74,세종 흥덕구123-45,010-1546-4097,요리
6967,윤은우,55,청주 수성구123-45,010-5070-4546,뜨개질
6968,조태윤,53,청주 성동구123-45,010-2578-1567,수영
6969,이하윤,25,청주 기흥구123-45,010-7338-3467,사진촬영
6970,윤민수,40,천안 중구123-45,010-1390-3713,등산
6971,윤하윤,56,대구 서북구123-45,010-3169-1909,영화감상
6972,조은우,57,안산 남구123-45,010-9994-3497,웹서핑
6973,조수빈,29,광주 강남구123-45,010-9494-3234,여행
6974,신수빈,68,세종 서북구123-45,010-5516-9240,뜨개질
6975,강서준,61,전주 덕진구123-45,010-5672-4441,독서
6976,서서연,67,평택 북구123-45,010-7209-8343,자전거 타기
6977,신지안,73,포항 북구123-45,010-6819-1661,일기 쓰기
6978,박지원,74,남양주 신제주123-45,010-4398-2758,게임
6979,오수빈,74,부산 남구123-45,010-6973-1158,여행
6980,서현우,43,김해 흥덕구123-45,010-9727-4783,일기 쓰기
6981,신은우,73,광주 기흥구123-45,010-8121-4285,등산
6982,박소율,46,창원 북구123-45,010-2571-5850,사진촬영
6983,윤도윤,50,김해 덕양구123-45,010-3294-1883,여행
6984,조서준,69,김해 분당구123-45,010-2117-9466,수영
6985,강서연,48,인천 달서구123-45,010-3505-8610,요리
6986,임하윤,52,제주 팔달구123-45,010-8938-5766,수영
6987,서하윤,43,부산 중구123-45,010-7461-3338,게임
6988,신하윤,60,부산 흥덕구123-45,010-9313-5847,사진촬영
6989,서예은,67,안양 분당구123-45,010-4745-6644,카페 투어
6990,조민수,51,성남 북구123-45,010-7933-7328,수영
6991,신지안,47,전주 중구123-45,010-4593-8281,뜨개질
6992,최도윤,37,대구 성동구123-45,010-7316-2816,일기 쓰기
6993,오민수,54,서울 수성구123-45,010-5610-8666,운동
6994,윤민수,32,김해 달서구123-45,010-3123-7329,등산
6995,이시우,78,대구 덕진구123-45,010-2178-1745,수영
6996,임건우,76,성남 남구123-45,010-3495-9531,음악감상
6997,오수빈,65,울산 기흥구123-45,010-1005-5390,자전거 타기
6998,최유진,55,천안 중구123-45,010-3140-6761,운동
6999,조도윤,62,안양 동구123-45,010-9536-3193,여행
7000,정태윤,41,안산 성동구123-45,010-7744-2657,음악감상
7001,장민수,55,전주 흥덕구123-45,010-2432-8334,영화감상
7002,최태윤,28,대전 송파구123-45,010-9448-9423,드로잉
7003,김도윤,54,남양주 해운대구123-45,010-5051-2131,여행
7004,서현우,56,대전 기흥구123-45,010-4096-8058,수영
7005,임예린,70,김해 기흥구123-45,010-2693-9451,사진촬영
7006,최예린,50,평택 강남구123-45,010-9879-5317,보드게임
7007,정소율,69,광주 수성구123-45,010-7475-1261,유튜브 보기
7008,김지후,76,울산 일산동구123-45,010-8648-3638,드로잉
7009,윤지원,36,전주 성동구123-45,010-2186-3500,드로잉
7010,이지민,63,인천 중구123-45,010-6329-5945,운동
7011,김은우,76,고양 기흥구123-45,010-1392-6097,카페 투어
7012,한소율,35,수원 유성구123-45,010-5863-7501,운동
7013,장시우,38,대전 서북구123-45,010-5681-4907,드로잉
7014,신지민,25,창원 진해구123-45,010-8990-2548,요리
7015,서예은,79,광주 장유동123-45,010-6682-9045,유튜브 보기
7016,오하윤,31,인천 일산동구123-45,010-3964-7790,독서
7017,최하은,36,포항 남구123-45,010-2473-3902,일기 쓰기
7018,임지민,21,부산 장유동123-45,010-4726-2102,여행
7019,한하은,26,화성 북구123-45,010-2593-2089,운동
7020,최하윤,29,남양주 팔달구123-45,010-2617-9083,요리
7021,서서준,34,안산 일산동구123-45,010-9993-6454,게임
7022,신예은,67,제주 수성구123-45,010-4162-2854,여행
7023,한은우,64,화성 일산동구123-45,010-8742-5183,독서
7024,조지안,65,수원 강서구123-45,010-1477-3994,사진촬영
7025,윤서준,23,김해 강서구123-45,010-5739-7963,등산
7026,오지안,47,부산 중구123-45,010-4288-9790,유튜브 보기
7027,강소율,63,안양 서구123-45,010-5503-3245,카페 투어
7028,오은우,22,용인 수성구123-45,010-7104-9875,사진촬영
7029,강태윤,56,평택 중구123-45,010-5038-6637,일기 쓰기
7030,서건우,52,세종 북구123-45,010-9697-5092,영화감상
7031,서하윤,29,김해 송파구123-45,010-1389-8469,뜨개질
7032,정지안,74,제주 서구123-45,010-1586-3280,여행
7033,오하은,37,청주 중구123-45,010-3818-1652,요리
7034,장은우,23,대구 달서구123-45,010-6278-7217,유튜브 보기
7035,한유진,59,안양 덕진구123-45,010-3513-7013,운동
7036,김지후,23,인천 수성구123-45,010-4147-5336,음악감상
7037,강태윤,50,성남 동구123-45,010-3071-7919,등산
7038,최예린,25,고양 송파구123-45,010-2285-2125,카페 투어
7039,김서준,73,천안 장유동123-45,010-3513-3309,뜨개질
7040,오예린,46,제주 기흥구123-45,010-3075-6066,카페 투어
7041,김지후,55,고양 강서구123-45,010-8157-7856,사진촬영
7042,최도윤,28,광주 북구123-45,010-7808-6280,사진촬영
7043,강현우,70,천안 팔달구123-45,010-3167-2759,독서
7044,오지후,23,안산 장유동123-45,010-3258-1535,등산
7045,조예린,40,인천 해운대구123-45,010-2500-8613,카페 투어
7046,김현우,24,안양 북구123-45,010-1998-1809,운동
7047,최소율,20,인천 진해구123-45,010-6082-8498,수영
7048,서지후,41,창원 장유동123-45,010-3112-6079,웹서핑
7049,장지후,48,세종 강남구123-45,010-1588-6079,드로잉
7050,강은우,71,서울 남구123-45,010-4374-3186,카페 투어
7051,최수빈,21,제주 신제주123-45,010-6161-5933,수영
7052,한하은,38,대전 흥덕구123-45,010-1493-5466,일기 쓰기
7053,한현우,64,천안 북구123-45,010-9814-5413,사진촬영
7054,신지민,27,서울 서구123-45,010-9290-8545,웹서핑
7055,김지안,22,성남 중구123-45,010-4214-8441,수영
7056,오예은,64,성남 송파구123-45,010-9482-3735,음악감상
7057,오서준,60,울산 남구123-45,010-7096-1209,웹서핑
7058,김서준,49,남양주 수성구123-45,010-1393-4063,수영
7059,김지민,35,안산 서구123-45,010-1040-5902,게임
7060,정유진,28,창원 중구123-45,010-5829-8432,요리
7061,신수빈,28,부산 분당구123-45,010-2187-5633,유튜브 보기
7062,신유진,29,전주 송파구123-45,010-5699-9651,영화감상
7063,이수빈,32,성남 신제주123-45,010-6879-3932,운동
7064,이민수,38,화성 해운대구123-45,010-4583-1067,음악감상
7065,오서연,55,화성 남구123-45,010-4976-8750,게임
7066,강서준,35,인천 북구123-45,010-9824-4423,음악감상
7067,최지안,28,세종 장유동123-45,010-1731-2650,음악감상
7068,김현우,42,천안 강남구123-45,010-9393-2657,음악감상
7069,정지민,55,울산 유성구123-45,010-9877-5968,음악감상
7070,최지원,67,광주 동구123-45,010-6448-9529,독서
7071,강지민,20,인천 기흥구123-45,010-2732-3145,독서
7072,윤소율,43,안산 유성구123-45,010-1970-4954,수영
7073,한민수,78,수원 남구123-45,010-3444-6591,사진촬영
7074,장지민,44,대구 수성구123-45,010-2315-2091,영화감상
7075,조지민,57,천안 유성구123-45,010-2546-1010,운동
7076,정예린,31,대구 흥덕구123-45,010-7625-3213,수영
7077,박건우,25,광주 장유동123-45,010-4292-4731,영화감상
7078,최하윤,59,안양 신제주123-45,010-2073-4499,일기 쓰기
7079,정민수,61,전주 서구123-45,010-3973-4339,수영
7080,신지민,56,김해 수성구123-45,010-5272-8428,독서
7081,한민수,40,인천 성동구123-45,010-9100-4467,카페 투어
7082,강현우,28,인천 송파구123-45,010-7130-7345,여행
7083,신유진,52,남양주 중구123-45,010-5878-4196,음악감상
7084,정지안,27,김해 동구123-45,010-2654-2325,카페 투어
7085,장현우,63,안양 해운대구123-45,010-9918-7616,사진촬영
7086,이하은,59,천안 남구123-45,010-2031-1495,보드게임
7087,박지후,56,대구 성북구123-45,010-5723-6687,수영
7088,오서연,35,부산 일산동구123-45,010-6810-6137,여행
7089,김시우,45,세종 중구123-45,010-9625-7266,유튜브 보기
7090,서소율,56,광주 수성구123-45,010-3382-5780,드로잉
7091,오지안,71,대전 남구123-45,010-6037-1578,음악감상
7092,조지원,66,김해 덕진구123-45,010-7918-6064,자전거 타기
7093,장건우,63,대전 동구123-45,010-3933-9705,웹서핑
7094,서은우,46,창원 일산동구123-45,010-2624-3303,일기 쓰기
7095,박은우,34,제주 일산동구123-45,010-4717-5215,일기 쓰기
7096,김지안,78,대구 수성구123-45,010-1217-6578,보드게임
7097,박건우,57,안양 서구123-45,010-2618-3493,유튜브 보기
7098,윤소율,27,제주 분당구123-45,010-4566-5137,게임
7099,윤시우,29,제주 흥덕구123-45,010-4721-5372,카페 투어
7100,임시우,53,평택 남구123-45,010-1779-9886,사진촬영
7101,정지후,23,제주 달서구123-45,010-1824-1925,영화감상
7102,김민수,65,안산 북구123-45,010-4310-2090,영화감상
7103,서수빈,56,천안 해운대구123-45,010-1843-4866,드로잉
7104,조하윤,25,안양 유성구123-45,010-5276-1165,등산
7105,강서연,61,인천 덕양구123-45,010-8527-3802,운동
7106,박서연,69,광주 강남구123-45,010-1330-5778,뜨개질
7107,윤태윤,59,대구 해운대구123-45,010-2705-4944,유튜브 보기
7108,이지원,66,대전 동구123-45,010-9212-7631,여행
7109,최지원,79,성남 장유동123-45,010-7767-6356,유튜브 보기
7110,서하은,35,서울 신제주123-45,010-9161-8944,일기 쓰기
7111,신지원,45,대전 덕진구123-45,010-6069-3896,운동
7112,서건우,30,제주 강서구123-45,010-3924-9932,뜨개질
7113,신지후,28,인천 장유동123-45,010-1184-3163,뜨개질
7114,오소율,22,고양 기흥구123-45,010-7170-6445,자전거 타기
7115,서은우,68,전주 달서구123-45,010-1686-9976,드로잉
7116,한도윤,28,부산 중구123-45,010-2810-3756,등산
7117,서태윤,45,울산 진해구123-45,010-7018-1695,일기 쓰기
7118,최예은,67,세종 중구123-45,010-6095-1266,보드게임
7119,김지안,70,대전 동구123-45,010-6748-4713,여행
7120,한유진,55,용인 서구123-45,010-2407-3759,웹서핑
7121,서건우,54,청주 장유동123-45,010-6806-6463,유튜브 보기
7122,조서준,23,서울 서구123-45,010-6967-7501,여행
7123,신현우,67,인천 송파구123-45,010-8206-6603,뜨개질
7124,조예린,24,울산 장유동123-45,010-7548-1100,음악감상
7125,최시우,51,청주 수성구123-45,010-1218-7485,수영
7126,오민수,76,화성 흥덕구123-45,010-6186-2374,유튜브 보기
7127,신태윤,37,창원 성동구123-45,010-6382-1646,독서
7128,신소율,23,김해 남구123-45,010-3663-2676,자전거 타기
7129,오서연,59,전주 서북구123-45,010-2456-7975,영화감상
7130,한하은,66,서울 성북구123-45,010-1984-7687,음악감상
7131,조소율,35,성남 진해구123-45,010-3427-7041,독서
7132,조현우,71,안양 일산동구123-45,010-1786-4119,독서
7133,강도윤,48,인천 성동구123-45,010-2622-2422,유튜브 보기
7134,김민수,43,포항 진해구123-45,010-9889-4438,일기 쓰기
7135,박소율,76,인천 해운대구123-45,010-3325-3566,게임
7136,조현우,58,수원 장유동123-45,010-6475-4565,카페 투어
7137,윤은우,72,성남 기흥구123-45,010-2118-6818,독서
7138,강소율,65,김해 동구123-45,010-1565-4132,자전거 타기
7139,정현우,25,평택 서구123-45,010-8660-3891,독서
7140,신민수,34,안양 일산동구123-45,010-7964-9886,등산
7141,강건우,36,인천 서북구123-45,010-6406-5354,웹서핑
7142,임서연,26,김해 중구123-45,010-4508-1242,여행
7143,김예은,42,세종 달서구123-45,010-9081-2265,보드게임
7144,조서준,40,서울 유성구123-45,010-2243-5689,웹서핑
7145,김지원,20,세종 장유동123-45,010-4088-9496,카페 투어
7146,윤지후,76,청주 동구123-45,010-3742-2045,뜨개질
7147,장도윤,31,인천 남구123-45,010-1834-9368,자전거 타기
7148,정도윤,48,천안 분당구123-45,010-1210-4855,독서
7149,오시우,20,대전 덕진구123-45,010-6827-1442,여행
7150,임수빈,52,안양 남구123-45,010-5964-2256,웹서핑
7151,한예린,71,남양주 진해구123-45,010-4000-5919,영화감상
7152,정은우,26,성남 달서구123-45,010-4520-3232,수영
7153,한민수,43,천안 성동구123-45,010-4351-2897,운동
7154,이수빈,69,수원 동구123-45,010-2396-4321,드로잉
7155,강하윤,40,울산 수성구123-45,010-7492-3840,사진촬영
7156,박소율,30,포항 성북구123-45,010-3965-6636,사진촬영
7157,이현우,66,창원 달서구123-45,010-5524-9533,보드게임
7158,장예린,49,서울 서구123-45,010-9863-7730,등산
7159,서지안,56,광주 기흥구123-45,010-2820-9553,수영
7160,박서준,67,청주 달서구123-45,010-7937-5691,수영
7161,윤태윤,77,천안 북구123-45,010-3738-2525,유튜브 보기
7162,강도윤,50,남양주 성북구123-45,010-2022-3937,음악감상
7163,강서연,44,고양 달서구123-45,010-3561-2755,카페 투어
7164,조예린,62,평택 신제주123-45,010-6124-1684,여행
7165,서민수,68,광주 수성구123-45,010-5753-5787,운동
7166,김소율,69,전주 성동구123-45,010-5127-9135,요리
7167,김소율,36,남양주 일산동구123-45,010-9660-3342,영화감상
7168,임서연,55,서울 달서구123-45,010-8046-1945,사진촬영
7169,최유진,75,남양주 강남구123-45,010-7929-7501,드로잉
7170,오하윤,26,인천 유성구123-45,010-5500-1251,사진촬영
7171,이지후,31,전주 강서구123-45,010-2356-7713,수영
7172,한수빈,62,세종 수성구123-45,010-6359-8304,음악감상
7173,김하은,26,김해 팔달구123-45,010-2690-9052,게임
7174,윤태윤,33,천안 성북구123-45,010-6060-9255,독서
7175,오서준,67,전주 해운대구123-45,010-6488-3542,드로잉
7176,조지안,43,전주 수성구123-45,010-5247-8794,사진촬영
7177,강유진,32,세종 남구123-45,010-2292-3096,등산
7178,한태윤,25,용인 남구123-45,010-2558-9777,등산
7179,최서연,62,안양 흥덕구123-45,010-6266-6467,웹서핑
7180,최건우,45,천안 달서구123-45,010-1030-6487,뜨개질
7181,오지후,62,포항 신제주123-45,010-2823-1257,웹서핑
7182,최하윤,36,대전 서구123-45,010-4116-9258,게임
7183,정민수,69,부산 분당구123-45,010-3193-2865,여행
7184,강건우,78,광주 분당구123-45,010-4093-2886,웹서핑
7185,조유진,36,평택 분당구123-45,010-4740-9662,웹서핑
7186,장수빈,48,안산 덕양구123-45,010-4381-6106,게임
7187,강지원,56,청주 달서구123-45,010-3141-3848,뜨개질
7188,윤민수,48,안양 신제주123-45,010-2882-5536,독서
7189,장은우,66,세종 송파구123-45,010-4561-7712,유튜브 보기
7190,김태윤,66,전주 흥덕구123-45,010-4601-5465,웹서핑
7191,이수빈,63,대전 성동구123-45,010-5510-2800,뜨개질
7192,강지후,56,안양 흥덕구123-45,010-4983-1718,일기 쓰기
7193,장서연,59,포항 강남구123-45,010-6407-9240,여행
7194,조은우,54,대전 수성구123-45,010-7160-6983,카페 투어
7195,정시우,73,천안 남구123-45,010-7604-3072,보드게임
7196,윤현우,33,안양 송파구123-45,010-2506-6678,음악감상
7197,김예린,49,서울 해운대구123-45,010-7927-7115,유튜브 보기
7198,한예린,47,부산 송파구123-45,010-4738-8043,보드게임
7199,정유진,55,성남 덕진구123-45,010-2791-2522,여행
7200,박태윤,77,남양주 북구123-45,010-6701-8936,수영
7201,조도윤,26,안양 강서구123-45,010-1440-4180,요리
7202,신시우,51,부산 흥덕구123-45,010-4079-3766,드로잉
7203,신태윤,42,세종 강남구123-45,010-7503-2508,여행
7204,임지후,38,전주 신제주123-45,010-1110-3750,음악감상
7205,신현우,63,성남 동구123-45,010-5561-3546,드로잉
7206,한지원,20,남양주 달서구123-45,010-7295-7544,웹서핑
7207,장하윤,24,김해 수성구123-45,010-9772-8591,카페 투어
7208,장시우,37,세종 팔달구123-45,010-9647-5342,요리
7209,오서연,28,안산 진해구123-45,010-7972-3524,일기 쓰기
7210,강지안,59,대전 해운대구123-45,010-6098-9969,사진촬영
7211,최현우,65,평택 중구123-45,010-5230-5371,요리
7212,이태윤,26,김해 서북구123-45,010-7287-4442,카페 투어
7213,임유진,69,화성 유성구123-45,010-6488-5931,뜨개질
7214,최은우,36,평택 흥덕구123-45,010-9497-5137,드로잉
7215,강시우,35,부산 덕진구123-45,010-3573-8647,운동
7216,서수빈,45,대구 덕진구123-45,010-3606-1048,카페 투어
7217,임지민,33,용인 강남구123-45,010-4685-3855,드로잉
7218,강소율,26,안산 강남구123-45,010-3866-2183,일기 쓰기
7219,조건우,28,울산 동구123-45,010-4098-7493,게임
7220,임서연,25,대전 강서구123-45,010-6779-8361,영화감상
7221,신서준,65,인천 강서구123-45,010-6578-9352,등산
7222,이지민,67,수원 일산동구123-45,010-7646-2909,음악감상
7223,김예은,57,성남 송파구123-45,010-7931-6715,등산
7224,임지후,48,포항 유성구123-45,010-9512-3852,웹서핑
7225,조시우,29,천안 강서구123-45,010-7177-5214,요리
7226,조소율,25,평택 서북구123-45,010-1878-6153,등산
7227,윤하윤,26,청주 남구123-45,010-9034-5626,드로잉
7228,장예린,68,대구 기흥구123-45,010-2412-1963,유튜브 보기
7229,이도윤,57,부산 성동구123-45,010-2625-4736,보드게임
7230,장지후,45,창원 진해구123-45,010-5432-8492,보드게임
7231,신유진,47,광주 송파구123-45,010-3197-7738,영화감상
7232,박예린,26,대전 덕양구123-45,010-2383-2636,유튜브 보기
7233,서예은,53,포항 성동구123-45,010-3130-6720,드로잉
7234,한하윤,79,성남 서북구123-45,010-8782-4237,자전거 타기
7235,김소율,56,용인 수성구123-45,010-8582-4602,여행
7236,임도윤,54,고양 달서구123-45,010-6930-3552,드로잉
7237,서하윤,53,창원 성동구123-45,010-8501-1932,등산
7238,임예린,63,김해 성북구123-45,010-1695-5974,요리
7239,임건우,32,수원 강남구123-45,010-9876-6740,일기 쓰기
7240,오수빈,56,청주 서구123-45,010-6387-2663,사진촬영
7241,장유진,68,인천 강서구123-45,010-8144-5877,등산
7242,최지민,73,청주 덕양구123-45,010-5306-9949,독서
7243,조현우,57,안산 성동구123-45,010-7670-4406,음악감상
7244,윤지원,23,고양 동구123-45,010-1923-2121,일기 쓰기
7245,이하은,55,김해 일산동구123-45,010-2996-4098,수영
7246,윤유진,60,안산 남구123-45,010-6585-8755,독서
7247,김하은,29,천안 성북구123-45,010-5086-9361,뜨개질
7248,강은우,72,남양주 수성구123-45,010-5538-4349,등산
7249,오은우,58,수원 일산동구123-45,010-6665-7573,운동
7250,최수빈,21,제주 흥덕구123-45,010-3331-5648,웹서핑
7251,장지후,68,광주 기흥구123-45,010-3843-9869,일기 쓰기
7252,김은우,47,성남 서구123-45,010-6601-3741,등산
7253,장지원,73,평택 일산동구123-45,010-5752-6316,여행
7254,강서연,68,포항 송파구123-45,010-9944-4156,자전거 타기
7255,조서연,56,안산 진해구123-45,010-1029-4162,보드게임
7256,장지후,60,포항 서북구123-45,010-2774-7191,요리
7257,최예은,63,포항 기흥구123-45,010-8527-3544,여행
7258,박현우,57,인천 장유동123-45,010-9888-5543,뜨개질
7259,이지원,32,포항 기흥구123-45,010-7796-2976,게임
7260,강현우,55,청주 서북구123-45,010-8323-7100,등산
7261,신지안,58,남양주 달서구123-45,010-7792-8513,일기 쓰기
7262,정건우,72,용인 분당구123-45,010-6459-2344,요리
7263,이유진,79,대구 해운대구123-45,010-4360-2550,여행
7264,서수빈,39,성남 남구123-45,010-3342-2604,게임
7265,서서준,52,전주 장유동123-45,010-3945-4447,운동
7266,서예은,68,서울 해운대구123-45,010-7321-3528,운동
7267,정예은,46,인천 남구123-45,010-2305-9093,사진촬영
7268,강민수,58,수원 해운대구123-45,010-8297-8574,웹서핑
7269,최민수,62,평택 중구123-45,010-4988-2537,영화감상
7270,김은우,58,김해 동구123-45,010-7202-2871,자전거 타기
7271,강예은,57,인천 기흥구123-45,010-6047-5317,웹서핑
7272,강도윤,54,화성 일산동구123-45,010-6946-4852,독서
7273,김태윤,64,세종 장유동123-45,010-5984-2017,게임
7274,임예은,22,제주 동구123-45,010-2662-1581,드로잉
7275,서유진,52,수원 북구123-45,010-1298-7670,드로잉
7276,정지원,36,청주 서북구123-45,010-8651-1084,요리
7277,윤태윤,38,제주 진해구123-45,010-6364-6317,게임
7278,오지안,72,수원 북구123-45,010-1094-3674,게임
7279,정예린,66,청주 진해구123-45,010-4443-9103,드로잉
7280,윤하은,40,인천 분당구123-45,010-6603-5351,게임
7281,정건우,67,부산 장유동123-45,010-1626-1142,유튜브 보기
7282,윤은우,40,전주 달서구123-45,010-2024-5829,자전거 타기
7283,박시우,29,제주 팔달구123-45,010-4856-6074,음악감상
7284,신수빈,69,용인 장유동123-45,010-4826-2237,등산
7285,최유진,52,전주 동구123-45,010-1329-9164,음악감상
7286,신지안,33,부산 서북구123-45,010-4974-4303,자전거 타기
7287,장민수,75,제주 덕진구123-45,010-2051-2469,드로잉
7288,윤서연,65,대구 유성구123-45,010-5944-6830,등산
7289,정은우,49,천안 해운대구123-45,010-3937-8326,드로잉
7290,박지안,29,포항 서구123-45,010-9902-6017,유튜브 보기
7291,박지민,45,화성 달서구123-45,010-6370-1753,요리
7292,서서준,62,성남 흥덕구123-45,010-2181-1721,독서
7293,윤지후,58,울산 팔달구123-45,010-7906-4542,뜨개질
7294,정하은,38,성남 덕진구123-45,010-4530-5928,자전거 타기
7295,이수빈,39,광주 성북구123-45,010-6223-5822,유튜브 보기
7296,한유진,65,평택 덕진구123-45,010-3057-6471,사진촬영
7297,정하윤,39,부산 신제주123-45,010-6364-1458,운동
7298,조현우,41,평택 서구123-45,010-7944-8967,게임
7299,조하은,72,세종 장유동123-45,010-9152-2076,유튜브 보기
7300,신소율,58,대구 강서구123-45,010-7692-2377,수영
7301,정유진,48,포항 강남구123-45,010-3967-6227,카페 투어
7302,임은우,21,대전 동구123-45,010-5066-8101,음악감상
7303,임유진,46,고양 진해구123-45,010-1463-5186,음악감상
7304,최서준,32,용인 송파구123-45,010-4806-3773,독서
7305,조현우,76,포항 북구123-45,010-6508-8273,유튜브 보기
7306,정하윤,44,대전 덕양구123-45,010-3878-6961,등산
7307,한수빈,59,성남 일산동구123-45,010-3363-7025,요리
7308,서건우,21,안양 북구123-45,010-2952-5427,요리
7309,박도윤,32,평택 일산동구123-45,010-4305-4452,자전거 타기
7310,신시우,20,고양 동구123-45,010-1270-8756,유튜브 보기
7311,박현우,52,수원 북구123-45,010-4123-2969,운동
7312,오유진,31,울산 서구123-45,010-6744-8149,등산
7313,정현우,76,울산 유성구123-45,010-1047-3427,드로잉
7314,임예은,54,대구 덕진구123-45,010-3121-9358,요리
7315,임지민,45,대전 장유동123-45,010-7081-3434,드로잉
7316,장하윤,31,세종 팔달구123-45,010-7167-7945,일기 쓰기
7317,한건우,20,천안 서북구123-45,010-4791-6528,요리
7318,서예린,22,제주 성북구123-45,010-4215-1679,운동
7319,신소율,78,창원 성북구123-45,010-1940-5732,여행
7320,한도윤,61,김해 동구123-45,010-6038-6864,등산
7321,이시우,63,세종 장유동123-45,010-2351-5657,수영
7322,이건우,76,창원 송파구123-45,010-4400-9135,운동
7323,한지안,22,평택 덕양구123-45,010-1468-3519,드로잉
7324,이서연,61,안양 송파구123-45,010-4467-5386,자전거 타기
7325,신도윤,75,대구 덕진구123-45,010-5449-3383,유튜브 보기
7326,한지안,72,전주 서북구123-45,010-8588-5341,여행
7327,오소율,79,평택 기흥구123-45,010-8033-6882,운동
7328,김하은,58,울산 덕양구123-45,010-4704-6799,카페 투어
7329,윤서연,30,서울 장유동123-45,010-7099-5082,뜨개질
7330,조예은,65,제주 신제주123-45,010-4827-3418,요리
7331,서서준,39,서울 덕양구123-45,010-2067-5646,유튜브 보기
7332,조예은,78,고양 강서구123-45,010-5059-9591,카페 투어
7333,한서준,25,김해 성동구123-45,010-4687-8097,웹서핑
7334,강서준,20,남양주 서구123-45,010-4229-1990,일기 쓰기
7335,박하윤,23,광주 강서구123-45,010-1139-4675,운동
7336,임하은,75,천안 기흥구123-45,010-5678-6753,유튜브 보기
7337,장은우,68,안산 서구123-45,010-3891-1741,음악감상
7338,이수빈,33,창원 서구123-45,010-8203-3185,카페 투어
7339,윤시우,34,세종 성북구123-45,010-1575-9801,수영
7340,김도윤,54,수원 일산동구123-45,010-8536-7014,드로잉
7341,강예린,47,수원 강남구123-45,010-5761-2599,뜨개질
7342,오서준,48,포항 장유동123-45,010-1291-4331,운동
7343,정예린,54,창원 일산동구123-45,010-6608-4056,웹서핑
7344,임예린,62,광주 기흥구123-45,010-5209-4607,보드게임
7345,박지안,25,세종 강남구123-45,010-7408-3757,일기 쓰기
7346,장예은,65,대구 서구123-45,010-5870-8795,보드게임
7347,최서준,57,포항 송파구123-45,010-9766-6047,운동
7348,서서연,77,수원 장유동123-45,010-3872-3729,수영
7349,정시우,43,부산 강서구123-45,010-1312-5735,영화감상
7350,이민수,67,부산 북구123-45,010-7613-2914,사진촬영
7351,박예은,64,남양주 덕양구123-45,010-3178-5815,등산
7352,한지안,65,대전 장유동123-45,010-6231-5623,독서
7353,오지민,69,대전 성동구123-45,010-6249-2863,사진촬영
7354,신은우,36,남양주 기흥구123-45,010-2326-6760,유튜브 보기
7355,김예은,39,부산 흥덕구123-45,010-4570-9136,수영
7356,이서준,52,성남 일산동구123-45,010-8661-6728,일기 쓰기
7357,이지안,63,용인 기흥구123-45,010-6131-2668,카페 투어
7358,장서준,62,천안 북구123-45,010-8883-4677,웹서핑
7359,윤유진,78,인천 장유동123-45,010-9736-9826,등산
7360,이민수,36,제주 송파구123-45,010-7530-1219,웹서핑
7361,임지민,49,용인 팔달구123-45,010-8630-3949,드로잉
7362,서하은,38,부산 팔달구123-45,010-2986-6441,게임
7363,장서연,21,광주 달서구123-45,010-4066-5901,보드게임
7364,장태윤,73,안양 서북구123-45,010-2879-1545,등산
7365,이유진,63,전주 장유동123-45,010-1322-6475,요리
7366,임수빈,20,평택 서북구123-45,010-1405-6636,독서
7367,정도윤,63,안산 강서구123-45,010-8250-4648,음악감상
7368,한시우,77,평택 동구123-45,010-6274-8890,사진촬영
7369,서하은,56,용인 수성구123-45,010-9615-4518,뜨개질
7370,신예은,67,세종 중구123-45,010-9811-9813,일기 쓰기
7371,오시우,62,창원 달서구123-45,010-4879-2093,웹서핑
7372,신도윤,39,창원 성동구123-45,010-4116-4174,게임
7373,장지민,45,안산 강서구123-45,010-4214-4853,독서
7374,임민수,36,수원 팔달구123-45,010-9403-9261,영화감상
7375,박하은,28,광주 덕양구123-45,010-2841-7458,음악감상
7376,조민수,22,포항 수성구123-45,010-7709-2052,독서
7377,최지민,74,광주 덕양구123-45,010-8421-6226,수영
7378,김예린,28,남양주 팔달구123-45,010-1215-5004,여행
7379,정하은,38,전주 진해구123-45,010-3856-5776,드로잉
7380,이시우,43,천안 서북구123-45,010-7118-2686,운동
7381,신민수,71,창원 서구123-45,010-8141-5115,영화감상
7382,정소율,49,세종 장유동123-45,010-8646-6338,유튜브 보기
7383,한태윤,59,울산 북구123-45,010-8243-4278,독서
7384,임현우,42,광주 서북구123-45,010-5773-3970,독서
7385,한서준,67,제주 서북구123-45,010-9111-4041,영화감상
7386,정소율,51,천안 중구123-45,010-2928-2990,유튜브 보기
7387,최수빈,45,안양 장유동123-45,010-9156-7934,사진촬영
7388,이서연,58,광주 분당구123-45,010-5708-1537,요리
7389,오소율,40,제주 달서구123-45,010-6665-9724,자전거 타기
7390,김지민,24,창원 신제주123-45,010-5357-2266,일기 쓰기
7391,이유진,62,김해 동구123-45,010-4811-9750,웹서핑
7392,임지원,73,인천 일산동구123-45,010-5017-9291,음악감상
7393,임하윤,28,평택 남구123-45,010-7669-8620,운동
7394,서태윤,34,세종 남구123-45,010-5597-6668,여행
7395,윤하윤,27,광주 북구123-45,010-3558-6935,일기 쓰기
7396,조태윤,45,인천 수성구123-45,010-6862-3567,음악감상
7397,장지후,64,수원 해운대구123-45,010-7890-5457,자전거 타기
7398,장서준,79,대구 진해구123-45,010-1608-4901,유튜브 보기
7399,오은우,48,울산 성동구123-45,010-4046-9201,수영
7400,윤서준,55,안산 서구123-45,010-3306-5279,사진촬영
7401,이예린,48,세종 유성구123-45,010-8159-2698,수영
7402,강도윤,41,고양 분당구123-45,010-7951-6477,게임
7403,최지원,29,대전 유성구123-45,010-3523-5996,사진촬영
7404,윤도윤,43,청주 북구123-45,010-6940-1001,자전거 타기
7405,강하은,36,부산 달서구123-45,010-5374-9544,여행
7406,오시우,77,천안 성북구123-45,010-7552-3876,유튜브 보기
7407,강시우,49,청주 강남구123-45,010-1069-2504,수영
7408,조소율,45,남양주 달서구123-45,010-1958-4582,일기 쓰기
7409,오은우,35,대전 서구123-45,010-9798-5931,게임
7410,조은우,26,남양주 진해구123-45,010-6404-5313,독서
7411,임하은,46,서울 해운대구123-45,010-9829-9948,유튜브 보기
7412,김지안,65,전주 서구123-45,010-7151-3142,유튜브 보기
7413,정은우,74,광주 흥덕구123-45,010-3991-2299,드로잉
7414,윤지원,50,고양 덕양구123-45,010-9796-4509,일기 쓰기
7415,최하은,78,안산 성북구123-45,010-8081-5217,음악감상
7416,정하윤,50,수원 유성구123-45,010-1375-9232,유튜브 보기
7417,최소율,29,남양주 송파구123-45,010-7649-1056,독서
7418,박하윤,71,대구 동구123-45,010-2918-1920,수영
7419,조지원,62,광주 팔달구123-45,010-6171-9775,뜨개질
7420,신지민,29,성남 달서구123-45,010-3854-5446,운동
7421,서도윤,20,서울 유성구123-45,010-3764-4881,요리
7422,강지후,50,제주 달서구123-45,010-6260-4738,여행
7423,최지민,38,안산 동구123-45,010-4737-1750,웹서핑
7424,이예린,58,청주 진해구123-45,010-9340-8110,드로잉
7425,서도윤,67,천안 신제주123-45,010-6696-1959,드로잉
7426,윤소율,63,창원 중구123-45,010-6140-5659,드로잉
7427,오예린,73,부산 서구123-45,010-5557-7078,영화감상
7428,장하윤,25,전주 해운대구123-45,010-1489-4289,게임
7429,윤시우,38,대전 흥덕구123-45,010-6333-5907,자전거 타기
7430,이하윤,50,울산 중구123-45,010-2248-7346,유튜브 보기
7431,강소율,69,안양 달서구123-45,010-3237-1894,드로잉
7432,박지원,78,부산 일산동구123-45,010-5021-3247,웹서핑
7433,김서연,60,포항 흥덕구123-45,010-5235-9378,뜨개질
7434,박하윤,22,창원 팔달구123-45,010-8335-9505,보드게임
7435,장도윤,72,포항 진해구123-45,010-3219-1840,수영
7436,임예린,76,안양 중구123-45,010-7953-4824,요리
7437,서지안,34,청주 진해구123-45,010-2722-8535,일기 쓰기
7438,이소율,49,화성 중구123-45,010-3984-1270,요리
7439,이하윤,75,제주 진해구123-45,010-1238-8058,수영
7440,서도윤,37,제주 중구123-45,010-8435-7292,독서
7441,이도윤,52,대구 진해구123-45,010-8251-6969,게임
7442,오예린,69,부산 강남구123-45,010-3381-1586,수영
7443,윤도윤,46,울산 남구123-45,010-3166-4661,영화감상
7444,김건우,39,안산 수성구123-45,010-9684-3426,일기 쓰기
7445,오하윤,62,용인 서북구123-45,010-9340-2079,드로잉
7446,서하은,79,수원 기흥구123-45,010-2005-9829,여행
7447,박소율,77,용인 서북구123-45,010-1939-6264,사진촬영
7448,이지민,63,세종 유성구123-45,010-7749-7507,사진촬영
7449,최수빈,75,세종 서북구123-45,010-7575-1234,음악감상
7450,임건우,51,용인 덕진구123-45,010-8008-1878,일기 쓰기
7451,장예린,47,제주 달서구123-45,010-1325-3989,음악감상
7452,정건우,48,용인 송파구123-45,010-3044-4551,웹서핑
7453,장하은,73,청주 북구123-45,010-5674-3770,등산
7454,박건우,72,평택 서북구123-45,010-2534-4655,요리
7455,오지민,30,부산 일산동구123-45,010-9460-4690,영화감상
7456,임지후,24,서울 달서구123-45,010-7515-7542,음악감상
7457,강시우,46,안양 북구123-45,010-5655-9295,요리
7458,신서연,28,화성 유성구123-45,010-3863-4278,영화감상
7459,서지안,64,부산 중구123-45,010-6776-7192,자전거 타기
7460,강소율,21,대전 남구123-45,010-7240-8504,독서
7461,박지후,67,포항 분당구123-45,010-8132-9384,뜨개질
7462,서민수,61,울산 동구123-45,010-8339-2604,자전거 타기
7463,임하은,74,세종 기흥구123-45,010-8305-7359,보드게임
7464,이서준,48,성남 북구123-45,010-2365-9428,일기 쓰기
7465,김지민,56,안산 성북구123-45,010-3323-1655,영화감상
7466,임지민,28,안산 북구123-45,010-4443-4993,수영
7467,정하은,27,청주 남구123-45,010-3911-5255,드로잉
7468,윤은우,49,창원 강남구123-45,010-9633-4275,독서
7469,장태윤,57,대구 기흥구123-45,010-7739-3386,사진촬영
7470,한현우,37,인천 달서구123-45,010-4413-2308,게임
7471,오지후,61,포항 달서구123-45,010-5827-4448,게임
7472,박지안,64,화성 달서구123-45,010-5852-5277,여행
7473,장민수,29,용인 수성구123-45,010-3028-4434,자전거 타기
7474,정도윤,52,서울 서구123-45,010-3626-1151,요리
7475,정건우,46,수원 북구123-45,010-1811-6241,자전거 타기
7476,조은우,33,안양 강서구123-45,010-2430-1170,독서
7477,한도윤,49,포항 기흥구123-45,010-6134-7855,보드게임
7478,최시우,40,평택 기흥구123-45,010-2523-9088,여행
7479,최예린,63,창원 성동구123-45,010-1992-8979,자전거 타기
7480,오유진,79,용인 팔달구123-45,010-9374-8658,사진촬영
7481,정유진,49,대전 송파구123-45,010-2369-8672,유튜브 보기
7482,한예은,58,포항 남구123-45,010-5910-3728,영화감상
7483,서유진,60,화성 유성구123-45,010-2867-3671,요리
7484,한지민,63,김해 강남구123-45,010-5758-6180,음악감상
7485,서수빈,41,대전 신제주123-45,010-3341-7951,뜨개질
7486,강도윤,54,부산 달서구123-45,010-8893-2879,음악감상
7487,임소율,45,대구 진해구123-45,010-3458-5362,음악감상
7488,최유진,29,창원 진해구123-45,010-2718-2682,수영
7489,정하윤,41,서울 성동구123-45,010-7026-7722,유튜브 보기
7490,신지민,64,수원 북구123-45,010-1942-6621,등산
7491,강소율,58,남양주 신제주123-45,010-7159-5607,운동
7492,조예은,49,수원 중구123-45,010-6060-4842,요리
7493,조지후,41,안양 기흥구123-45,010-1000-4522,영화감상
7494,조건우,68,평택 서구123-45,010-1827-1233,자전거 타기
7495,박지원,78,울산 신제주123-45,010-1193-9156,요리
7496,임민수,35,창원 유성구123-45,010-6817-1613,영화감상
7497,오태윤,44,안산 서북구123-45,010-2367-4855,드로잉
7498,신건우,74,고양 덕진구123-45,010-5219-6037,드로잉
7499,이하은,23,대전 서구123-45,010-4847-3035,음악감상
7500,강시우,22,서울 분당구123-45,010-2925-9914,음악감상
7501,조시우,59,대전 해운대구123-45,010-2367-9729,요리
7502,박시우,57,광주 강서구123-45,010-8781-8551,드로잉
7503,조하윤,75,안산 진해구123-45,010-2547-4770,음악감상
7504,장소율,23,창원 해운대구123-45,010-8920-2635,수영
7505,김하윤,26,고양 성북구123-45,010-3073-2423,여행
7506,김서연,50,안양 유성구123-45,010-3851-2336,카페 투어
7507,한예은,79,세종 서구123-45,010-8244-3322,수영
7508,강서준,70,부산 덕진구123-45,010-5867-3702,등산
7509,조소율,45,포항 성북구123-45,010-2619-6419,음악감상
7510,서민수,69,수원 서구123-45,010-2292-8920,독서
7511,정서연,54,고양 흥덕구123-45,010-4258-8459,드로잉
7512,한시우,71,평택 덕진구123-45,010-2964-5245,독서
7513,조현우,79,세종 수성구123-45,010-9974-9467,영화감상
7514,한은우,66,창원 서북구123-45,010-8104-5798,카페 투어
7515,강태윤,22,김해 강남구123-45,010-7509-3916,등산
7516,서건우,30,인천 흥덕구123-45,010-8709-8662,여행
7517,서지후,54,평택 서구123-45,010-8243-9288,음악감상
7518,박민수,21,남양주 성북구123-45,010-6583-6740,영화감상
7519,이수빈,33,창원 강서구123-45,010-7213-7166,게임
7520,박소율,39,남양주 남구123-45,010-8964-4089,독서
7521,조도윤,76,세종 서구123-45,010-4289-1337,등산
7522,강지원,61,천안 팔달구123-45,010-8625-2016,게임
7523,조도윤,28,대전 덕양구123-45,010-5954-6418,독서
7524,박서연,65,포항 북구123-45,010-3659-6400,보드게임
7525,신태윤,34,화성 기흥구123-45,010-8647-1880,음악감상
7526,정건우,27,성남 일산동구123-45,010-3190-7331,수영
7527,조시우,39,부산 성북구123-45,010-2380-4918,카페 투어
7528,김지후,53,부산 달서구123-45,010-6089-1201,일기 쓰기
7529,정수빈,40,세종 송파구123-45,010-4847-5075,수영
7530,박현우,63,안양 일산동구123-45,010-4143-1965,뜨개질
7531,신서준,30,안산 송파구123-45,010-2740-7578,일기 쓰기
7532,서지후,79,청주 동구123-45,010-1845-4606,보드게임
7533,임시우,58,용인 장유동123-45,010-7088-7892,게임
7534,박지민,57,성남 중구123-45,010-7338-2861,요리
7535,최시우,20,인천 유성구123-45,010-6112-4120,사진촬영
7536,강지원,51,세종 신제주123-45,010-2121-3461,등산
7537,장소율,59,평택 해운대구123-45,010-1865-5033,수영
7538,조지원,21,광주 수성구123-45,010-6536-2773,등산
7539,최예은,75,고양 강서구123-45,010-1177-6462,요리
7540,윤민수,32,평택 달서구123-45,010-7708-9351,카페 투어
7541,신지원,72,대구 덕진구123-45,010-7740-4402,운동
7542,최소율,46,대구 신제주123-45,010-9562-7651,독서
7543,임현우,73,전주 팔달구123-45,010-8680-5566,사진촬영
7544,임은우,32,천안 덕진구123-45,010-3230-7131,운동
7545,조현우,69,천안 송파구123-45,010-2640-7713,사진촬영
7546,조지민,66,대전 흥덕구123-45,010-8070-3184,일기 쓰기
7547,윤예은,43,고양 송파구123-45,010-6195-8822,자전거 타기
7548,윤서준,25,고양 달서구123-45,010-5375-9627,운동
7549,김하은,74,대구 흥덕구123-45,010-8093-6108,여행
7550,김소율,39,청주 진해구123-45,010-4550-8100,운동
7551,신예린,25,대구 중구123-45,010-2668-2662,보드게임
7552,박하윤,60,남양주 서북구123-45,010-2431-9397,게임
7553,최시우,39,대구 강남구123-45,010-3155-9005,웹서핑
7554,박유진,34,세종 흥덕구123-45,010-5856-3559,유튜브 보기
7555,김하윤,34,대구 동구123-45,010-3105-1488,유튜브 보기
7556,김하윤,25,평택 해운대구123-45,010-8286-5738,등산
7557,한도윤,72,용인 유성구123-45,010-6555-5554,뜨개질
7558,이태윤,66,포항 분당구123-45,010-5910-3760,드로잉
7559,김서준,24,창원 서구123-45,010-8580-5203,영화감상
7560,이서준,59,포항 서구123-45,010-5892-3986,수영
7561,정서연,52,세종 팔달구123-45,010-4243-6412,게임
7562,정수빈,65,용인 송파구123-45,010-6927-2641,드로잉
7563,서수빈,41,안양 달서구123-45,010-3300-5678,요리
7564,김예은,48,청주 덕양구123-45,010-9570-4677,영화감상
7565,최수빈,68,전주 신제주123-45,010-6380-1970,게임
7566,장지안,61,인천 서구123-45,010-9026-7336,수영
7567,이하윤,34,전주 분당구123-45,010-6769-6594,등산
7568,장하윤,42,김해 일산동구123-45,010-9166-6082,수영
7569,조예린,40,포항 흥덕구123-45,010-5118-4822,일기 쓰기
7570,윤서연,39,제주 기흥구123-45,010-8393-9790,유튜브 보기
7571,윤소율,67,포항 신제주123-45,010-1090-7527,운동
7572,오태윤,70,포항 신제주123-45,010-4665-9979,카페 투어
7573,강지후,20,성남 기흥구123-45,010-5978-9134,웹서핑
7574,김도윤,63,창원 진해구123-45,010-9507-3610,웹서핑
7575,박소율,68,제주 일산동구123-45,010-2969-1861,자전거 타기
7576,서지후,60,천안 달서구123-45,010-6884-9414,등산
7577,서현우,27,세종 유성구123-45,010-4078-1739,독서
7578,윤현우,37,천안 강남구123-45,010-5752-8982,영화감상
7579,윤하은,28,청주 수성구123-45,010-7173-7715,등산
7580,임도윤,64,안산 강남구123-45,010-4701-1636,등산
7581,장유진,43,세종 신제주123-45,010-8604-2509,독서
7582,강유진,57,제주 장유동123-45,010-2040-8520,일기 쓰기
7583,조예은,29,창원 진해구123-45,010-7070-4947,보드게임
7584,김태윤,49,대구 유성구123-45,010-3598-2165,드로잉
7585,최서준,58,고양 팔달구123-45,010-6106-5284,드로잉
7586,신지안,66,천안 강남구123-45,010-1883-3114,유튜브 보기
7587,장예린,41,성남 북구123-45,010-1092-1379,영화감상
7588,조유진,57,고양 팔달구123-45,010-1885-9488,요리
7589,윤지원,33,천안 강서구123-45,010-3666-4176,요리
7590,강예린,21,제주 성동구123-45,010-4161-3618,독서
7591,조지안,57,평택 덕양구123-45,010-4272-5108,등산
7592,장지원,70,수원 덕진구123-45,010-5476-7599,여행
7593,윤하은,44,안산 팔달구123-45,010-6267-9728,등산
7594,윤예린,26,대전 송파구123-45,010-7051-6393,유튜브 보기
7595,김지후,36,고양 진해구123-45,010-3240-3965,카페 투어
7596,이은우,65,창원 신제주123-45,010-1578-5224,뜨개질
7597,조현우,39,광주 흥덕구123-45,010-9188-8293,사진촬영
7598,장예린,69,창원 강서구123-45,010-4095-8070,웹서핑
7599,오예은,56,울산 남구123-45,010-4461-1520,뜨개질
7600,조시우,65,제주 진해구123-45,010-5535-5596,웹서핑
7601,조태윤,29,창원 장유동123-45,010-9543-5191,수영
7602,김태윤,54,세종 북구123-45,010-6134-3715,게임
7603,김소율,63,대구 분당구123-45,010-1464-4844,뜨개질
7604,한시우,72,서울 북구123-45,010-4987-9683,운동
7605,이하윤,23,대전 해운대구123-45,010-3043-6710,자전거 타기
7606,윤지민,61,대구 성북구123-45,010-1377-3430,영화감상
7607,이예린,46,안산 기흥구123-45,010-4375-3976,사진촬영
7608,오건우,36,수원 유성구123-45,010-4174-7189,웹서핑
7609,조현우,30,대전 성북구123-45,010-2000-1410,게임
7610,서지원,33,평택 강서구123-45,010-3630-9288,등산
7611,한서연,53,인천 일산동구123-45,010-7155-1461,음악감상
7612,신민수,43,부산 중구123-45,010-2704-9321,여행
7613,조은우,51,세종 흥덕구123-45,010-9022-8354,웹서핑
7614,한은우,39,울산 성동구123-45,010-2231-5633,수영
7615,강예린,52,평택 덕양구123-45,010-2365-9115,등산
7616,박도윤,23,대구 동구123-45,010-2713-1256,게임
7617,강민수,45,광주 덕양구123-45,010-4085-5807,독서
7618,이예린,47,울산 북구123-45,010-2418-8009,수영
7619,윤태윤,55,화성 분당구123-45,010-5628-6953,일기 쓰기
7620,김시우,56,광주 팔달구123-45,010-1705-1211,영화감상
7621,장지원,55,평택 해운대구123-45,010-4997-2537,일기 쓰기
7622,최은우,37,인천 북구123-45,010-2961-5231,웹서핑
7623,서도윤,25,김해 남구123-45,010-4167-5497,음악감상
7624,신은우,40,천안 진해구123-45,010-4784-4599,영화감상
7625,서예린,32,광주 흥덕구123-45,010-4399-4352,게임
7626,최도윤,32,안양 달서구123-45,010-6995-5084,운동
7627,강지후,68,평택 분당구123-45,010-1808-9769,음악감상
7628,이은우,34,세종 흥덕구123-45,010-7350-1343,웹서핑
7629,신도윤,53,제주 북구123-45,010-8993-9724,유튜브 보기
7630,박소율,53,부산 덕양구123-45,010-1487-3393,운동
7631,임하은,58,성남 장유동123-45,010-1670-4530,웹서핑
7632,윤건우,25,성남 신제주123-45,010-9172-6098,수영
7633,이서연,42,대전 성북구123-45,010-8620-1933,음악감상
7634,강지원,21,안산 팔달구123-45,010-2239-3412,등산
7635,신하은,72,수원 일산동구123-45,010-2241-2508,카페 투어
7636,임유진,54,대전 유성구123-45,010-2848-1023,웹서핑
7637,한예린,47,천안 진해구123-45,010-1417-4458,드로잉
7638,장은우,62,고양 송파구123-45,010-5650-8669,일기 쓰기
7639,한도윤,41,광주 남구123-45,010-3841-4471,일기 쓰기
7640,최건우,37,서울 해운대구123-45,010-4043-7783,요리
7641,최건우,40,제주 중구123-45,010-2118-1820,유튜브 보기
7642,강예린,24,인천 해운대구123-45,010-7416-8198,요리
7643,강서준,67,세종 북구123-45,010-2854-3154,수영
7644,박은우,30,인천 덕진구123-45,010-2558-1474,여행
7645,최민수,40,안양 동구123-45,010-3525-7203,여행
7646,박건우,53,김해 강남구123-45,010-4369-9997,독서
7647,정은우,60,포항 성북구123-45,010-9032-7031,등산
7648,서예린,64,세종 달서구123-45,010-2951-1768,유튜브 보기
7649,서지후,60,안산 강서구123-45,010-8572-6367,여행
7650,김현우,43,안양 강남구123-45,010-7405-4340,등산
7651,신소율,41,제주 남구123-45,010-1191-4308,음악감상
7652,최지원,48,성남 성북구123-45,010-7688-5537,음악감상
7653,오지안,48,광주 유성구123-45,010-4725-7271,보드게임
7654,한예은,68,인천 강남구123-45,010-5484-6929,자전거 타기
7655,오지후,74,청주 성북구123-45,010-1747-4698,요리
7656,윤하윤,47,포항 수성구123-45,010-9528-1620,게임
7657,박지안,32,창원 장유동123-45,010-1814-6613,요리
7658,박지안,38,제주 해운대구123-45,010-6703-6044,등산
7659,이건우,39,수원 해운대구123-45,010-7948-9185,드로잉
7660,오은우,74,안산 해운대구123-45,010-5598-2898,음악감상
7661,임도윤,60,천안 진해구123-45,010-8273-4591,웹서핑
7662,김하윤,22,화성 북구123-45,010-3684-6399,영화감상
7663,윤예은,47,대구 일산동구123-45,010-4106-2416,드로잉
7664,오지안,56,창원 서구123-45,010-1324-8451,운동
7665,서하윤,35,울산 송파구123-45,010-4829-4910,자전거 타기
7666,한지원,23,대구 남구123-45,010-2420-7209,여행
7667,윤지안,64,평택 유성구123-45,010-5902-1385,음악감상
7668,최현우,24,대전 팔달구123-45,010-6497-5399,카페 투어
7669,임지안,38,창원 북구123-45,010-6810-9010,등산
7670,이하은,23,안산 성북구123-45,010-4272-2193,수영
7671,조하은,52,부산 동구123-45,010-7078-9978,운동
7672,강하은,77,용인 북구123-45,010-5741-6294,자전거 타기
7673,김태윤,58,남양주 강남구123-45,010-6912-4530,카페 투어
7674,조서준,72,포항 동구123-45,010-1590-4040,드로잉
7675,윤지안,32,울산 서북구123-45,010-8980-2124,웹서핑
7676,정지안,48,고양 북구123-45,010-6744-8495,음악감상
7677,신소율,40,광주 북구123-45,010-6127-5688,수영
7678,김태윤,63,수원 해운대구123-45,010-1936-4478,보드게임
7679,한지후,60,고양 진해구123-45,010-5782-9255,등산
7680,신지후,53,세종 분당구123-45,010-3562-7796,보드게임
7681,강소율,67,화성 강서구123-45,010-4047-1362,카페 투어
7682,서예은,20,울산 분당구123-45,010-7092-8434,음악감상
7683,서은우,67,인천 중구123-45,010-2494-9770,뜨개질
7684,오민수,40,대전 달서구123-45,010-7547-6027,웹서핑
7685,김하윤,66,대구 수성구123-45,010-2096-7705,웹서핑
7686,오소율,55,제주 북구123-45,010-7748-6342,카페 투어
7687,서예린,23,인천 중구123-45,010-2723-3575,자전거 타기
7688,강은우,37,안양 해운대구123-45,010-4187-9221,일기 쓰기
7689,임예은,44,창원 신제주123-45,010-3530-8373,음악감상
7690,임수빈,59,천안 서북구123-45,010-8655-4368,카페 투어
7691,최서연,34,김해 수성구123-45,010-9372-9540,음악감상
7692,신은우,39,안산 북구123-45,010-2035-2450,여행
7693,서은우,74,수원 덕양구123-45,010-3742-2758,여행
7694,김예은,50,세종 강남구123-45,010-7397-3185,독서
7695,임현우,33,울산 유성구123-45,010-8483-7578,수영
7696,임지후,40,안산 동구123-45,010-8937-1985,수영
7697,서소율,24,인천 진해구123-45,010-7114-5987,음악감상
7698,오현우,78,화성 성동구123-45,010-9157-1201,독서
7699,정서연,40,수원 팔달구123-45,010-9159-3033,일기 쓰기
7700,강지원,74,평택 흥덕구123-45,010-3646-9603,운동
7701,박지원,66,서울 덕진구123-45,010-3703-3925,영화감상
7702,정은우,20,김해 동구123-45,010-2953-9328,웹서핑
7703,강예린,43,평택 북구123-45,010-4336-4057,등산
7704,임지안,54,평택 분당구123-45,010-3443-3585,여행
7705,최태윤,48,세종 동구123-45,010-4094-7173,유튜브 보기
7706,임현우,28,수원 기흥구123-45,010-6632-6678,웹서핑
7707,오시우,25,부산 기흥구123-45,010-1014-2465,카페 투어
7708,장시우,47,용인 해운대구123-45,010-2974-8177,웹서핑
7709,오은우,53,고양 일산동구123-45,010-2005-5369,드로잉
7710,박하윤,77,용인 유성구123-45,010-7106-2170,영화감상
7711,박예린,76,제주 진해구123-45,010-4097-4419,요리
7712,임유진,67,용인 장유동123-45,010-4489-8667,요리
7713,윤민수,74,천안 유성구123-45,010-8454-4585,일기 쓰기
7714,이하윤,53,인천 흥덕구123-45,010-1423-8925,뜨개질
7715,이현우,38,안산 신제주123-45,010-3017-6205,뜨개질
7716,박유진,48,광주 덕양구123-45,010-9531-6777,뜨개질
7717,정민수,27,용인 중구123-45,010-6056-7935,등산
7718,박유진,30,포항 성동구123-45,010-3928-1799,자전거 타기
7719,신수빈,24,화성 동구123-45,010-3806-3688,보드게임
7720,이서준,35,울산 서북구123-45,010-9243-1266,카페 투어
7721,박건우,40,광주 일산동구123-45,010-6258-4729,등산
7722,임지원,37,서울 덕양구123-45,010-9563-4152,음악감상
7723,장하윤,61,울산 서구123-45,010-5328-2700,게임
7724,정시우,48,제주 기흥구123-45,010-2371-9861,독서
7725,강수빈,61,제주 분당구123-45,010-4342-2552,자전거 타기
7726,강수빈,26,천안 해운대구123-45,010-6105-3616,요리
7727,조예린,39,대전 중구123-45,010-5048-6808,수영
7728,서지원,67,부산 신제주123-45,010-7490-3027,뜨개질
7729,김예은,33,광주 장유동123-45,010-8955-6724,자전거 타기
7730,최지안,65,전주 성동구123-45,010-1162-4254,음악감상
7731,서건우,24,용인 신제주123-45,010-5492-5086,보드게임
7732,윤수빈,76,안산 성북구123-45,010-9008-5500,웹서핑
7733,김소율,41,안산 중구123-45,010-1041-2301,여행
7734,윤지원,61,용인 팔달구123-45,010-9943-7172,드로잉
7735,최도윤,21,전주 서북구123-45,010-4558-8804,자전거 타기
7736,정하은,42,울산 기흥구123-45,010-5397-1215,게임
7737,최서연,78,대전 남구123-45,010-5144-8075,자전거 타기
7738,서현우,79,대전 덕진구123-45,010-4486-2208,사진촬영
7739,윤지민,54,창원 북구123-45,010-8436-5043,영화감상
7740,정현우,42,김해 서북구123-45,010-8497-7150,독서
7741,임태윤,33,부산 북구123-45,010-8408-7109,독서
7742,강수빈,59,인천 팔달구123-45,010-6897-1403,사진촬영
7743,정시우,47,김해 성북구123-45,010-6456-3083,운동
7744,오하윤,76,안양 서구123-45,010-4980-8479,일기 쓰기
7745,조건우,45,서울 북구123-45,010-3041-4669,자전거 타기
7746,조예린,29,천안 강남구123-45,010-7646-7372,웹서핑
7747,최수빈,72,세종 진해구123-45,010-8472-9940,요리
7748,윤유진,28,세종 해운대구123-45,010-4582-8651,영화감상
7749,오수빈,45,고양 덕양구123-45,010-1083-3057,게임
7750,최수빈,53,안양 신제주123-45,010-2271-9629,등산
7751,강현우,24,안양 덕양구123-45,010-1710-2669,웹서핑
7752,정태윤,50,인천 팔달구123-45,010-3407-8850,일기 쓰기
7753,장서준,28,안양 진해구123-45,010-9942-3010,자전거 타기
7754,한민수,63,전주 팔달구123-45,010-2907-9492,보드게임
7755,한지민,69,서울 분당구123-45,010-4761-1759,드로잉
7756,서예린,65,포항 서구123-45,010-5855-2228,드로잉
7757,박서준,79,부산 분당구123-45,010-6090-8071,웹서핑
7758,장태윤,34,울산 동구123-45,010-5522-9250,게임
7759,윤하윤,21,부산 송파구123-45,010-5976-6738,수영
7760,박소율,26,인천 강남구123-45,010-8463-3441,수영
7761,임건우,62,김해 덕양구123-45,010-3832-7986,음악감상
7762,김지안,67,김해 흥덕구123-45,010-2147-5695,여행
7763,최지원,33,김해 강서구123-45,010-9613-9102,독서
7764,한하윤,61,창원 달서구123-45,010-1293-6184,일기 쓰기
7765,이지원,25,인천 덕양구123-45,010-7070-5001,유튜브 보기
7766,김수빈,42,부산 송파구123-45,010-7184-5587,뜨개질
7767,윤민수,72,세종 남구123-45,010-4455-7083,요리
7768,최지민,50,남양주 중구123-45,010-8314-5818,게임
7769,박도윤,52,포항 기흥구123-45,010-6774-2333,등산
7770,김도윤,55,대전 수성구123-45,010-9864-1190,영화감상
7771,김도윤,76,안양 북구123-45,010-4190-2417,등산
7772,임지후,49,인천 덕진구123-45,010-5255-3743,게임
7773,조수빈,66,울산 북구123-45,010-4046-6006,카페 투어
7774,장수빈,70,울산 유성구123-45,010-4483-3039,보드게임
7775,강예린,67,포항 유성구123-45,010-7034-9343,일기 쓰기
7776,오현우,22,창원 강남구123-45,010-4978-8095,사진촬영
7777,최서준,48,포항 신제주123-45,010-5752-5708,카페 투어
7778,박민수,34,안산 장유동123-45,010-7705-7871,수영
7779,정도윤,74,창원 송파구123-45,010-6571-3838,등산
7780,임예린,56,화성 신제주123-45,010-4181-6745,요리
7781,박서준,22,성남 강서구123-45,010-1890-6167,사진촬영
7782,정하은,28,안양 덕양구123-45,010-2723-3694,등산
7783,장건우,33,세종 달서구123-45,010-4682-2078,여행
7784,신지후,36,청주 수성구123-45,010-1391-3303,자전거 타기
7785,이서연,24,서울 수성구123-45,010-8062-4078,독서
7786,강서준,24,김해 진해구123-45,010-3399-6484,카페 투어
7787,임서준,20,천안 진해구123-45,010-1149-5047,게임
7788,정수빈,46,인천 덕양구123-45,010-9200-4879,등산
7789,서민수,34,창원 수성구123-45,010-3163-5410,사진촬영
7790,정시우,22,인천 성북구123-45,010-2358-2953,독서
7791,조은우,54,부산 남구123-45,010-1517-5696,여행
7792,강예은,46,평택 남구123-45,010-2799-7322,요리
7793,신서연,67,대구 해운대구123-45,010-9689-4867,음악감상
7794,정현우,42,고양 덕양구123-45,010-5592-3852,등산
7795,박예린,73,안산 서북구123-45,010-9234-1179,드로잉
7796,서도윤,47,고양 장유동123-45,010-6750-6752,수영
7797,정예린,40,화성 성동구123-45,010-3736-4585,드로잉
7798,임도윤,47,안산 덕양구123-45,010-2926-6135,카페 투어
7799,김서준,23,광주 수성구123-45,010-3277-6222,자전거 타기
7800,임유진,51,고양 중구123-45,010-8908-9953,게임
7801,조예린,46,남양주 중구123-45,010-2463-3044,영화감상
7802,최은우,31,성남 중구123-45,010-4014-1256,자전거 타기
7803,장시우,53,안산 신제주123-45,010-8756-4450,카페 투어
7804,임하은,32,수원 흥덕구123-45,010-7961-2052,영화감상
7805,장예린,38,울산 흥덕구123-45,010-6864-3619,수영
7806,강예은,72,대전 북구123-45,010-4882-5408,드로잉
7807,장예은,23,창원 서북구123-45,010-5081-6063,일기 쓰기
7808,강도윤,39,부산 진해구123-45,010-6965-9075,수영
7809,장하윤,39,평택 강서구123-45,010-1067-9263,일기 쓰기
7810,장서연,75,안양 분당구123-45,010-4080-2286,웹서핑
7811,강하윤,60,안양 덕진구123-45,010-3026-7461,영화감상
7812,김건우,20,고양 해운대구123-45,010-5040-2620,등산
7813,최소율,44,수원 덕양구123-45,010-7726-6592,요리
7814,임지안,31,창원 분당구123-45,010-4530-9324,독서
7815,이은우,74,울산 성북구123-45,010-3665-2779,운동
7816,오하은,70,평택 성북구123-45,010-8907-6720,카페 투어
7817,박서준,44,수원 유성구123-45,010-3098-6262,게임
7818,신시우,58,수원 흥덕구123-45,010-7751-2456,게임
7819,신은우,43,울산 달서구123-45,010-9205-4426,독서
7820,신유진,59,용인 장유동123-45,010-3348-3910,음악감상
7821,정태윤,60,대구 남구123-45,010-3807-7665,보드게임
7822,서유진,74,광주 북구123-45,010-2327-6819,운동
7823,정현우,20,남양주 해운대구123-45,010-6382-2011,자전거 타기
7824,강도윤,37,광주 서구123-45,010-7748-9768,수영
7825,조지안,20,제주 유성구123-45,010-7774-4696,음악감상
7826,이지안,64,천안 남구123-45,010-2441-5357,자전거 타기
7827,한예은,41,대구 동구123-45,010-6836-5947,드로잉
7828,신예은,33,화성 강남구123-45,010-4092-5532,독서
7829,오민수,36,화성 수성구123-45,010-2517-7685,게임
7830,한지안,76,고양 장유동123-45,010-9343-6446,일기 쓰기
7831,임예린,70,대전 성동구123-45,010-6734-1317,뜨개질
7832,강지후,43,창원 장유동123-45,010-9658-5483,음악감상
7833,오예린,68,포항 분당구123-45,010-1157-8534,독서
7834,이유진,30,용인 중구123-45,010-1648-9734,자전거 타기
7835,윤지안,46,울산 해운대구123-45,010-6614-6240,카페 투어
7836,이예은,51,평택 강서구123-45,010-6863-9405,유튜브 보기
7837,정도윤,27,인천 진해구123-45,010-3879-3348,음악감상
7838,최건우,22,서울 유성구123-45,010-2268-3604,독서
7839,서은우,43,울산 강남구123-45,010-3076-6339,음악감상
7840,강서연,24,대전 송파구123-45,010-4420-9050,운동
7841,장건우,42,고양 신제주123-45,010-3697-7199,게임
7842,박수빈,47,평택 분당구123-45,010-2483-6945,여행
7843,임지후,47,안양 유성구123-45,010-9318-3671,자전거 타기
7844,오민수,72,수원 신제주123-45,010-9640-6138,카페 투어
7845,한수빈,49,고양 신제주123-45,010-3765-5198,자전거 타기
7846,장현우,70,창원 남구123-45,010-7638-9381,일기 쓰기
7847,강서준,43,고양 해운대구123-45,010-1141-8868,게임
7848,장시우,57,안산 남구123-45,010-1434-5196,음악감상
7849,김도윤,36,안양 덕양구123-45,010-9762-4659,뜨개질
7850,이지원,60,대구 기흥구123-45,010-6211-1504,보드게임
7851,최예린,42,안산 팔달구123-45,010-7641-1458,드로잉
7852,임소율,60,세종 북구123-45,010-8780-9186,여행
7853,서예은,47,부산 동구123-45,010-7968-9932,여행
7854,박지원,78,부산 중구123-45,010-4675-1178,여행
7855,장시우,78,대전 신제주123-45,010-5050-2313,뜨개질
7856,김유진,60,안산 일산동구123-45,010-5253-3338,유튜브 보기
7857,박소율,33,창원 해운대구123-45,010-7030-2570,여행
7858,윤지안,23,청주 해운대구123-45,010-9942-2770,웹서핑
7859,이유진,73,안양 강서구123-45,010-8129-1200,음악감상
7860,장유진,51,세종 진해구123-45,010-2261-3388,요리
7861,강지후,27,부산 서북구123-45,010-9126-3629,카페 투어
7862,이예린,42,안양 서북구123-45,010-4453-8081,수영
7863,한도윤,49,대구 송파구123-45,010-2540-5464,독서
7864,오예린,43,인천 장유동123-45,010-7276-5506,게임
7865,장시우,66,천안 신제주123-45,010-5335-1668,카페 투어
7866,장민수,70,세종 신제주123-45,010-2710-6952,일기 쓰기
7867,최태윤,20,울산 분당구123-45,010-6709-2881,유튜브 보기
7868,박지안,70,수원 강서구123-45,010-1906-5435,운동
7869,한지안,47,안산 성동구123-45,010-7265-9985,웹서핑
7870,윤도윤,56,포항 중구123-45,010-8123-1724,일기 쓰기
7871,박시우,38,창원 수성구123-45,010-9962-2731,여행
7872,한지후,62,남양주 진해구123-45,010-6287-9582,수영
7873,박예은,57,청주 덕진구123-45,010-3892-3610,일기 쓰기
7874,이도윤,28,안양 북구123-45,010-8626-4712,독서
7875,임건우,41,부산 남구123-45,010-9925-2334,일기 쓰기
7876,오수빈,24,용인 진해구123-45,010-5691-9164,보드게임
7877,이지후,63,세종 기흥구123-45,010-7256-9312,수영
7878,신지원,42,청주 장유동123-45,010-5525-2195,카페 투어
7879,오하윤,67,포항 서북구123-45,010-2820-9673,자전거 타기
7880,임유진,55,김해 달서구123-45,010-8454-2829,요리
7881,조민수,24,청주 진해구123-45,010-6766-3363,일기 쓰기
7882,박하윤,45,부산 수성구123-45,010-1955-4492,유튜브 보기
7883,서도윤,26,대전 서구123-45,010-4705-2774,게임
7884,최소율,65,세종 서구123-45,010-9976-1033,뜨개질
7885,최지후,77,안산 서북구123-45,010-5892-1539,웹서핑
7886,강은우,51,성남 북구123-45,010-6116-4892,웹서핑
7887,강지안,40,창원 분당구123-45,010-6467-8163,유튜브 보기
7888,이지후,20,대전 서구123-45,010-6794-3663,수영
7889,장예린,78,대전 덕양구123-45,010-9939-2583,일기 쓰기
7890,김하은,62,창원 서구123-45,010-6807-9187,일기 쓰기
7891,오지민,66,대구 서북구123-45,010-6594-2569,일기 쓰기
7892,장지안,41,광주 성동구123-45,010-3738-7649,수영
7893,이지안,31,김해 서북구123-45,010-8044-5512,뜨개질
7894,장민수,63,성남 북구123-45,010-9430-2905,자전거 타기
7895,윤지안,27,대구 달서구123-45,010-5406-4759,카페 투어
7896,박지후,68,안산 덕진구123-45,010-4241-8349,음악감상
7897,임지후,72,세종 성동구123-45,010-2709-4542,사진촬영
7898,최건우,29,창원 중구123-45,010-6448-8541,음악감상
7899,윤지민,49,부산 강남구123-45,010-2519-1703,음악감상
7900,한은우,37,성남 팔달구123-45,010-7800-3932,사진촬영
7901,박지후,56,서울 일산동구123-45,010-1504-6393,등산
7902,조하은,62,성남 강서구123-45,010-6925-3865,웹서핑
7903,한예은,70,전주 분당구123-45,010-1221-1871,일기 쓰기
7904,김소율,31,성남 진해구123-45,010-6046-2534,독서
7905,이수빈,40,용인 진해구123-45,010-4827-5825,수영
7906,최서준,33,부산 서북구123-45,010-3757-6147,일기 쓰기
7907,한유진,67,고양 달서구123-45,010-4792-5008,드로잉
7908,강예린,27,대구 북구123-45,010-7906-4258,요리
7909,윤은우,40,창원 수성구123-45,010-5912-5030,뜨개질
7910,신건우,29,안양 서구123-45,010-9673-9860,영화감상
7911,장도윤,44,성남 팔달구123-45,010-5416-9290,요리
7912,서서연,22,평택 분당구123-45,010-2910-9482,등산
7913,한예린,24,수원 덕진구123-45,010-5590-6471,등산
7914,김수빈,23,안양 덕양구123-45,010-3231-9748,독서
7915,한지원,69,성남 수성구123-45,010-9341-6701,독서
7916,서소율,37,용인 서북구123-45,010-3649-1548,등산
7917,오소율,40,성남 덕진구123-45,010-6524-1349,독서
7918,김지민,75,수원 성북구123-45,010-6592-4059,운동
7919,서예은,49,창원 송파구123-45,010-4112-2425,사진촬영
7920,최현우,43,안양 기흥구123-45,010-9082-5841,여행
7921,강지후,51,화성 중구123-45,010-4212-5600,음악감상
7922,서수빈,68,수원 달서구123-45,010-7748-7472,음악감상
7923,정민수,34,안양 남구123-45,010-7943-5149,음악감상
7924,신태윤,27,남양주 강남구123-45,010-2003-4409,운동
7925,신태윤,70,천안 기흥구123-45,010-4981-2664,유튜브 보기
7926,정수빈,44,안양 덕양구123-45,010-5524-7244,사진촬영
7927,서지민,38,제주 북구123-45,010-3043-3298,유튜브 보기
7928,조건우,20,화성 덕진구123-45,010-9499-5876,여행
7929,조수빈,34,천안 분당구123-45,010-1527-9717,음악감상
7930,조건우,61,천안 일산동구123-45,010-9574-7063,자전거 타기
7931,김지안,22,서울 달서구123-45,010-5525-6800,독서
7932,박건우,43,창원 성동구123-45,010-5794-8297,게임
7933,김서연,68,고양 강서구123-45,010-7074-2438,여행
7934,최유진,64,성남 유성구123-45,010-4388-5121,뜨개질
7935,강예린,34,세종 흥덕구123-45,010-9563-2087,사진촬영
7936,박지민,24,성남 서구123-45,010-6176-4233,사진촬영
7937,이서연,23,화성 중구123-45,010-5750-5709,보드게임
7938,서도윤,77,용인 덕진구123-45,010-5821-3114,자전거 타기
7939,오지후,73,천안 해운대구123-45,010-2167-6791,드로잉
7940,윤건우,31,대전 분당구123-45,010-9765-1284,운동
7941,강시우,50,울산 신제주123-45,010-5443-2216,뜨개질
7942,장태윤,40,고양 기흥구123-45,010-2024-9474,카페 투어
7943,이지후,57,고양 해운대구123-45,010-8176-2815,음악감상
7944,박시우,40,제주 송파구123-45,010-5282-8714,요리
7945,정현우,44,수원 신제주123-45,010-2945-9079,게임
7946,신지원,76,성남 강서구123-45,010-6751-3368,독서
7947,이현우,68,용인 동구123-45,010-9261-2569,유튜브 보기
7948,장소율,38,안산 성북구123-45,010-4509-5827,일기 쓰기
7949,신지안,70,청주 덕진구123-45,010-3345-7692,사진촬영
7950,박도윤,23,고양 동구123-45,010-5353-9237,카페 투어
7951,김하은,63,청주 성동구123-45,010-9464-1427,등산
7952,신지민,27,울산 동구123-45,010-5599-2431,등산
7953,최지원,72,용인 일산동구123-45,010-1329-9950,드로잉
7954,조유진,59,용인 장유동123-45,010-6246-1721,요리
7955,서현우,54,용인 달서구123-45,010-8888-1502,독서
7956,정시우,25,성남 장유동123-45,010-6001-3533,등산
7957,강소율,26,청주 신제주123-45,010-2418-4948,여행
7958,오건우,61,평택 서북구123-45,010-1677-3964,유튜브 보기
7959,이예린,21,수원 장유동123-45,010-3701-8409,카페 투어
7960,임도윤,21,전주 해운대구123-45,010-4297-5414,자전거 타기
7961,서소율,28,제주 남구123-45,010-1733-5823,등산
7962,한시우,53,대전 남구123-45,010-3032-6613,운동
7963,정예은,23,용인 수성구123-45,010-3439-1038,웹서핑
7964,한지민,22,성남 서구123-45,010-4833-5322,여행
7965,장민수,41,대전 분당구123-45,010-2688-8679,자전거 타기
7966,오유진,70,대전 중구123-45,010-2990-3822,보드게임
7967,박은우,66,남양주 송파구123-45,010-1470-1707,유튜브 보기
7968,윤지안,42,세종 강서구123-45,010-3391-6545,카페 투어
7969,이은우,66,남양주 분당구123-45,010-6605-1588,카페 투어
7970,정지민,58,고양 달서구123-45,010-2528-8709,드로잉
7971,윤하윤,76,남양주 남구123-45,010-1994-8546,운동
7972,정하은,51,청주 분당구123-45,010-7981-7571,수영
7973,임도윤,55,제주 북구123-45,010-2563-2429,카페 투어
7974,이시우,31,김해 신제주123-45,010-3060-5131,등산
7975,박유진,46,청주 서구123-45,010-5275-9112,독서
7976,윤지안,66,부산 성동구123-45,010-9049-4623,독서
7977,조예은,40,광주 수성구123-45,010-4545-9516,드로잉
7978,오하은,34,남양주 팔달구123-45,010-9227-4216,등산
7979,최민수,39,부산 수성구123-45,010-3714-9240,일기 쓰기
7980,장서준,31,전주 서북구123-45,010-6037-8966,카페 투어
7981,신도윤,73,인천 달서구123-45,010-2065-6663,보드게임
7982,정예은,55,전주 남구123-45,010-2341-3291,뜨개질
7983,정은우,37,광주 분당구123-45,010-1237-9265,유튜브 보기
7984,신은우,46,청주 송파구123-45,010-2056-3296,자전거 타기
7985,이현우,45,청주 수성구123-45,010-1234-4959,드로잉
7986,조지민,58,용인 덕진구123-45,010-2243-2494,자전거 타기
7987,조도윤,74,천안 강서구123-45,010-6141-1490,사진촬영
7988,강유진,43,인천 성동구123-45,010-5978-6581,게임
7989,조건우,49,창원 남구123-45,010-9300-1692,운동
7990,서지민,62,안양 팔달구123-45,010-6139-9391,뜨개질
7991,김도윤,60,남양주 동구123-45,010-7323-2957,유튜브 보기
7992,정민수,41,김해 기흥구123-45,010-6579-5293,카페 투어
7993,이수빈,62,남양주 기흥구123-45,010-9039-9189,일기 쓰기
7994,박수빈,72,평택 서북구123-45,010-9838-8055,웹서핑
7995,신소율,61,용인 진해구123-45,010-1973-9744,게임
7996,임도윤,65,서울 신제주123-45,010-4163-1639,운동
7997,윤지후,41,울산 남구123-45,010-8827-2212,뜨개질
7998,윤은우,36,안양 북구123-45,010-2677-9830,독서
7999,임예은,69,포항 송파구123-45,010-9653-7363,뜨개질
8000,오지안,39,세종 성동구123-45,010-6634-4565,운동
8001,서유진,65,수원 해운대구123-45,010-6640-3327,여행
8002,신하은,42,평택 달서구123-45,010-2127-3260,카페 투어
8003,정서준,38,대구 중구123-45,010-6753-8600,자전거 타기
8004,김서준,51,제주 장유동123-45,010-5032-5981,드로잉
8005,서지원,57,남양주 성동구123-45,010-5518-3303,음악감상
8006,한지후,78,천안 일산동구123-45,010-9491-4160,웹서핑
8007,윤현우,34,안산 분당구123-45,010-1731-2742,카페 투어
8008,김예은,49,울산 기흥구123-45,010-5157-3840,등산
8009,정태윤,28,청주 흥덕구123-45,010-3869-8644,보드게임
8010,정서준,32,광주 흥덕구123-45,010-4139-4852,요리
8011,이지민,59,평택 흥덕구123-45,010-1642-3812,등산
8012,박지민,32,화성 강서구123-45,010-4945-9293,보드게임
8013,이도윤,47,남양주 달서구123-45,010-8398-8126,자전거 타기
8014,박지민,51,세종 강서구123-45,010-9038-5086,요리
8015,강하은,39,세종 북구123-45,010-3142-3035,음악감상
8016,이민수,65,포항 덕진구123-45,010-4165-6766,등산
8017,오서준,46,부산 덕양구123-45,010-8943-9492,유튜브 보기
8018,박유진,64,세종 수성구123-45,010-3988-7423,요리
8019,장도윤,59,안산 덕진구123-45,010-7950-3443,사진촬영
8020,조지안,44,제주 강서구123-45,010-7647-5417,여행
8021,강서준,73,세종 장유동123-45,010-6873-2760,등산
8022,최예린,63,성남 중구123-45,010-6620-9623,여행
8023,조하윤,34,울산 송파구123-45,010-7388-3268,독서
8024,임민수,21,창원 중구123-45,010-9825-3144,일기 쓰기
8025,신서준,40,세종 유성구123-45,010-7925-5912,사진촬영
8026,조하은,24,용인 송파구123-45,010-6168-6485,사진촬영
8027,조하은,30,화성 장유동123-45,010-3607-4245,드로잉
8028,신소율,52,성남 달서구123-45,010-6961-4577,웹서핑
8029,오태윤,26,성남 중구123-45,010-7433-7669,유튜브 보기
8030,임서연,39,포항 동구123-45,010-5927-3475,드로잉
8031,임예린,53,천안 장유동123-45,010-9591-2615,웹서핑
8032,신건우,41,안산 수성구123-45,010-2921-8852,영화감상
8033,한지안,36,포항 성북구123-45,010-5799-9254,카페 투어
8034,신은우,47,수원 흥덕구123-45,010-4562-5631,독서
8035,서도윤,20,평택 해운대구123-45,010-4157-7819,여행
8036,임시우,31,남양주 일산동구123-45,010-9863-3843,사진촬영
8037,신지원,26,화성 팔달구123-45,010-5253-6397,사진촬영
8038,조예린,77,대전 서구123-45,010-5799-4194,운동
8039,김지원,47,대전 흥덕구123-45,010-9719-8335,카페 투어
8040,조수빈,63,수원 강서구123-45,010-1853-2156,등산
8041,김지민,24,수원 해운대구123-45,010-6629-4792,뜨개질
8042,오시우,33,울산 성동구123-45,010-6199-9372,보드게임
8043,한유진,22,제주 성동구123-45,010-5526-2611,사진촬영
8044,이소율,49,평택 일산동구123-45,010-3714-7673,드로잉
8045,이예은,78,청주 서북구123-45,010-3590-4641,독서
8046,장도윤,35,광주 달서구123-45,010-4154-7180,카페 투어
8047,서은우,32,포항 서북구123-45,010-2890-1601,수영
8048,정수빈,25,천안 성동구123-45,010-5406-1472,음악감상
8049,서예린,31,대구 동구123-45,010-9632-9646,사진촬영
8050,강수빈,43,울산 유성구123-45,010-2425-9068,영화감상
8051,한예린,75,울산 서북구123-45,010-5260-4991,유튜브 보기
8052,정예은,38,수원 달서구123-45,010-7720-4138,웹서핑
8053,임지안,76,안산 덕양구123-45,010-4083-6479,보드게임
8054,박하윤,28,대전 기흥구123-45,010-3066-5522,게임
8055,장서준,45,평택 달서구123-45,010-9610-1207,음악감상
8056,장지안,46,청주 송파구123-45,010-1746-6294,게임
8057,강소율,30,전주 유성구123-45,010-9871-3318,일기 쓰기
8058,오건우,44,세종 기흥구123-45,010-3502-3463,드로잉
8059,서예은,67,대전 남구123-45,010-5053-9175,뜨개질
8060,최서연,75,창원 동구123-45,010-3475-9230,영화감상
8061,최현우,78,안산 팔달구123-45,010-6756-2842,여행
8062,신도윤,33,전주 남구123-45,010-6222-3619,영화감상
8063,윤은우,33,포항 흥덕구123-45,010-1230-9560,등산
8064,이예린,62,안양 서북구123-45,010-4427-2272,요리
8065,강지후,63,평택 서구123-45,010-6562-5466,여행
8066,한민수,36,대구 남구123-45,010-3313-5150,여행
8067,최유진,46,전주 분당구123-45,010-5684-7761,게임
8068,서시우,67,창원 강서구123-45,010-3723-5253,여행
8069,정서연,32,청주 유성구123-45,010-4249-3575,등산
8070,정지민,36,김해 덕진구123-45,010-6694-1023,여행
8071,신은우,76,청주 덕진구123-45,010-1486-9452,등산
8072,서건우,65,천안 서북구123-45,010-8081-6205,사진촬영
8073,이도윤,44,수원 송파구123-45,010-6305-2057,여행
8074,최건우,39,남양주 수성구123-45,010-3119-6408,일기 쓰기
8075,한시우,57,창원 장유동123-45,010-3078-9735,게임
8076,오유진,46,평택 남구123-45,010-2286-2432,뜨개질
8077,서지민,60,화성 기흥구123-45,010-5586-6071,요리
8078,서예은,75,천안 분당구123-45,010-8171-1439,웹서핑
8079,정지안,26,인천 송파구123-45,010-8731-6523,자전거 타기
8080,박건우,68,수원 덕양구123-45,010-2490-1205,웹서핑
8081,강예은,68,포항 서구123-45,010-5781-3747,뜨개질
8082,한서준,69,대구 장유동123-45,010-9034-5061,등산
8083,최시우,27,안양 유성구123-45,010-9549-7696,일기 쓰기
8084,윤서준,40,천안 송파구123-45,010-2910-6838,독서
8085,박예린,60,평택 해운대구123-45,010-3408-7947,카페 투어
8086,임예린,25,인천 수성구123-45,010-3724-7650,수영
8087,조예은,24,안산 강남구123-45,010-7468-4102,유튜브 보기
8088,오수빈,62,인천 동구123-45,010-8592-4073,요리
8089,임하은,48,수원 일산동구123-45,010-5821-8040,뜨개질
8090,한예린,79,수원 덕양구123-45,010-4320-8853,뜨개질
8091,서수빈,76,고양 팔달구123-45,010-3024-8092,자전거 타기
8092,서서준,22,성남 북구123-45,010-8418-1695,여행
8093,윤소율,27,포항 성동구123-45,010-6738-3362,일기 쓰기
8094,오하은,35,부산 덕양구123-45,010-9273-2824,등산
8095,이예린,77,광주 분당구123-45,010-5049-2060,수영
8096,최지후,43,수원 동구123-45,010-4634-3688,일기 쓰기
8097,윤지민,26,김해 장유동123-45,010-2409-5057,보드게임
8098,김예은,76,제주 일산동구123-45,010-9860-2681,뜨개질
8099,장시우,65,세종 성북구123-45,010-2279-6060,자전거 타기
8100,장건우,63,제주 신제주123-45,010-4554-5307,게임
8101,김현우,21,천안 달서구123-45,010-8216-2165,게임
8102,오유진,40,부산 덕양구123-45,010-5658-1281,카페 투어
8103,박소율,41,제주 남구123-45,010-3978-1189,게임
8104,강지후,20,세종 덕진구123-45,010-8320-5314,사진촬영
8105,강소율,36,광주 동구123-45,010-2841-1301,유튜브 보기
8106,한하은,73,수원 진해구123-45,010-6379-9752,일기 쓰기
8107,최시우,60,울산 해운대구123-45,010-5778-8047,웹서핑
8108,이지안,31,화성 해운대구123-45,010-8910-6667,카페 투어
8109,정유진,71,대전 성북구123-45,010-2099-7514,게임
8110,서유진,75,평택 송파구123-45,010-5567-4189,웹서핑
8111,김예린,44,안산 기흥구123-45,010-2608-6433,음악감상
8112,장지안,32,전주 유성구123-45,010-6899-9367,일기 쓰기
8113,서서연,61,서울 기흥구123-45,010-3102-1660,운동
8114,최지후,32,평택 수성구123-45,010-8295-5962,웹서핑
8115,조수빈,35,전주 신제주123-45,010-8530-6653,수영
8116,최현우,66,화성 서구123-45,010-4695-2846,여행
8117,한현우,39,전주 송파구123-45,010-1561-2259,드로잉
8118,정도윤,63,천안 기흥구123-45,010-8537-7869,뜨개질
8119,장태윤,55,서울 기흥구123-45,010-6673-1281,영화감상
8120,최수빈,34,제주 달서구123-45,010-6538-6344,등산
8121,오민수,58,전주 성북구123-45,010-4022-3639,일기 쓰기
8122,강유진,27,남양주 해운대구123-45,010-5334-5519,등산
8123,장태윤,58,수원 동구123-45,010-3230-1862,유튜브 보기
8124,정도윤,21,창원 덕양구123-45,010-6268-7300,카페 투어
8125,이지원,59,서울 분당구123-45,010-9860-4327,수영
8126,윤민수,53,부산 수성구123-45,010-2791-7720,드로잉
8127,임은우,28,전주 수성구123-45,010-5527-5444,음악감상
8128,박소율,77,부산 수성구123-45,010-2789-5659,요리
8129,신지안,77,광주 강남구123-45,010-2284-6356,게임
8130,오하은,65,부산 일산동구123-45,010-6147-5552,요리
8131,장민수,47,인천 일산동구123-45,010-2190-4274,요리
8132,이현우,35,대구 성동구123-45,010-5837-4870,운동
8133,이하윤,27,용인 덕진구123-45,010-4868-3030,드로잉
8134,한서준,35,천안 강남구123-45,010-8401-3294,여행
8135,윤하은,53,전주 장유동123-45,010-7442-2410,등산
8136,오민수,46,광주 강남구123-45,010-8284-3579,웹서핑
8137,강서연,32,청주 유성구123-45,010-4485-4085,영화감상
8138,한은우,38,울산 덕양구123-45,010-9459-8036,일기 쓰기
8139,임서연,56,세종 팔달구123-45,010-4570-8106,자전거 타기
8140,박지안,28,전주 북구123-45,010-5531-3242,보드게임
8141,장현우,49,수원 중구123-45,010-1375-4065,여행
8142,서지원,36,안양 덕진구123-45,010-8520-7296,일기 쓰기
8143,김수빈,34,제주 덕양구123-45,010-5000-6123,여행
8144,강지민,51,창원 강서구123-45,010-9576-3749,웹서핑
8145,윤지안,70,천안 해운대구123-45,010-9842-4946,웹서핑
8146,최예은,75,대전 중구123-45,010-5920-6867,카페 투어
8147,김지민,72,안양 진해구123-45,010-4683-2725,수영
8148,김도윤,72,용인 기흥구123-45,010-9788-2026,뜨개질
8149,조건우,31,남양주 신제주123-45,010-1023-2511,사진촬영
8150,이유진,52,용인 해운대구123-45,010-7755-4508,드로잉
8151,박현우,33,부산 흥덕구123-45,010-3939-8376,등산
8152,장예린,31,울산 해운대구123-45,010-3832-2434,독서
8153,한민수,68,수원 진해구123-45,010-4420-3209,독서
8154,최서준,22,남양주 남구123-45,010-3257-4021,일기 쓰기
8155,최은우,35,용인 기흥구123-45,010-4920-3579,요리
8156,한지민,36,김해 해운대구123-45,010-5970-8909,사진촬영
8157,최민수,28,안양 장유동123-45,010-3835-7296,유튜브 보기
8158,오소율,51,광주 흥덕구123-45,010-7258-1868,카페 투어
8159,윤예은,24,청주 강남구123-45,010-8378-5808,수영
8160,장수빈,50,대전 해운대구123-45,010-2068-9051,자전거 타기
8161,오지원,36,용인 성북구123-45,010-5434-1228,일기 쓰기
8162,임은우,70,세종 덕진구123-45,010-6886-3091,카페 투어
8163,오서준,45,인천 서구123-45,010-2129-3269,독서
8164,박지민,50,고양 기흥구123-45,010-1052-5500,뜨개질
8165,서지안,48,남양주 진해구123-45,010-5683-4500,뜨개질
8166,신민수,38,전주 남구123-45,010-2637-7928,독서
8167,최서연,34,김해 장유동123-45,010-2821-2443,보드게임
8168,한지후,41,남양주 흥덕구123-45,010-1452-5095,요리
8169,조민수,24,서울 팔달구123-45,010-7949-2274,요리
8170,윤도윤,48,부산 송파구123-45,010-3303-5355,게임
8171,박도윤,43,청주 덕양구123-45,010-7702-7546,보드게임
8172,강현우,37,성남 흥덕구123-45,010-3627-2717,독서
8173,장지원,36,화성 덕양구123-45,010-3360-3052,요리
8174,장예린,40,고양 서북구123-45,010-4044-5854,등산
8175,서도윤,63,전주 성북구123-45,010-6853-8993,요리
8176,강태윤,66,세종 유성구123-45,010-9769-8982,수영
8177,임수빈,75,화성 팔달구123-45,010-7947-2235,운동
8178,장예린,33,대전 성북구123-45,010-1853-8640,운동
8179,정지안,76,포항 유성구123-45,010-6952-6474,요리
8180,윤은우,74,광주 해운대구123-45,010-2669-5938,드로잉
8181,정수빈,50,김해 해운대구123-45,010-7504-7031,영화감상
8182,한시우,53,남양주 성동구123-45,010-1320-4200,웹서핑
8183,임수빈,36,천안 강서구123-45,010-1745-8947,독서
8184,최예은,67,평택 분당구123-45,010-6185-2209,드로잉
8185,임민수,26,화성 신제주123-45,010-9494-1847,음악감상
8186,윤현우,30,성남 덕양구123-45,010-6335-8455,음악감상
8187,오현우,76,대구 서구123-45,010-4806-5805,영화감상
8188,강건우,74,제주 일산동구123-45,010-1004-4851,드로잉
8189,장소율,52,남양주 동구123-45,010-9141-4133,운동
8190,이예린,45,용인 덕진구123-45,010-1384-4133,요리
8191,윤예은,20,울산 서북구123-45,010-1313-1480,보드게임
8192,정현우,31,화성 달서구123-45,010-1718-3191,운동
8193,정예린,47,울산 덕양구123-45,010-6037-2767,일기 쓰기
8194,장하은,62,창원 달서구123-45,010-2325-1930,유튜브 보기
8195,조태윤,31,제주 분당구123-45,010-7808-7139,사진촬영
8196,임시우,66,안양 해운대구123-45,010-8144-2294,게임
8197,윤지안,42,성남 송파구123-45,010-4142-1670,음악감상
8198,장민수,73,평택 서북구123-45,010-3076-7741,운동
8199,박예린,35,제주 신제주123-45,010-1597-2152,일기 쓰기
8200,임소율,27,인천 송파구123-45,010-2536-4960,운동
8201,강예은,44,수원 달서구123-45,010-9945-5730,뜨개질
8202,조민수,73,서울 동구123-45,010-2623-3271,자전거 타기
8203,정지안,54,전주 서구123-45,010-2887-7925,유튜브 보기
8204,박현우,21,성남 기흥구123-45,010-8911-2725,요리
8205,장시우,22,부산 진해구123-45,010-1532-8571,웹서핑
8206,신지민,52,성남 성동구123-45,010-1085-1425,독서
8207,임유진,45,평택 송파구123-45,010-4181-1835,운동
8208,이현우,50,김해 중구123-45,010-7421-8628,웹서핑
8209,윤지민,68,용인 신제주123-45,010-3128-9856,유튜브 보기
8210,장예린,28,부산 중구123-45,010-4342-9609,영화감상
8211,오현우,20,천안 송파구123-45,010-5585-6530,웹서핑
8212,윤소율,20,고양 강남구123-45,010-1283-3215,보드게임
8213,오태윤,62,수원 성동구123-45,010-5486-7683,보드게임
8214,이지안,22,안산 장유동123-45,010-3946-2735,게임
8215,김은우,71,전주 진해구123-45,010-5802-3858,자전거 타기
8216,김예은,40,김해 강서구123-45,010-4543-3996,뜨개질
8217,이지원,76,수원 서북구123-45,010-6956-9418,일기 쓰기
8218,김서연,50,안산 장유동123-45,010-8745-1685,영화감상
8219,강건우,25,화성 성동구123-45,010-2832-6171,뜨개질
8220,최수빈,41,부산 덕진구123-45,010-2851-4988,게임
8221,한태윤,37,고양 유성구123-45,010-4492-7934,게임
8222,임은우,43,전주 일산동구123-45,010-5651-9609,사진촬영
8223,윤예린,76,안양 덕진구123-45,010-4811-8092,카페 투어
8224,한서연,53,대구 분당구123-45,010-1685-6943,게임
8225,한하윤,58,천안 해운대구123-45,010-9108-9302,보드게임
8226,정서연,43,전주 분당구123-45,010-7176-3628,게임
8227,한현우,74,서울 성북구123-45,010-6939-5214,영화감상
8228,최지원,46,인천 진해구123-45,010-8359-5116,웹서핑
8229,강수빈,31,안양 서구123-45,010-9190-7636,카페 투어
8230,임태윤,20,평택 남구123-45,010-8968-3599,웹서핑
8231,이서준,20,대구 서북구123-45,010-9481-3097,유튜브 보기
8232,정태윤,21,청주 분당구123-45,010-8248-1501,독서
8233,박현우,48,안양 서구123-45,010-7185-1246,여행
8234,김수빈,71,평택 기흥구123-45,010-3435-2647,요리
8235,박민수,37,인천 기흥구123-45,010-8067-1109,일기 쓰기
8236,한하윤,58,전주 중구123-45,010-5863-4824,드로잉
8237,강은우,33,세종 서북구123-45,010-7372-3486,영화감상
8238,오건우,64,세종 신제주123-45,010-5353-3871,수영
8239,신건우,39,평택 서북구123-45,010-9162-6049,유튜브 보기
8240,신은우,69,수원 기흥구123-45,010-1782-9318,음악감상
8241,박예린,73,청주 강서구123-45,010-3633-4906,웹서핑
8242,임지후,31,창원 덕진구123-45,010-1099-1637,요리
8243,장지원,76,포항 분당구123-45,010-9526-1223,사진촬영
8244,서현우,54,평택 남구123-45,010-4876-1183,카페 투어
8245,한수빈,65,안양 분당구123-45,010-3911-2794,등산
8246,강은우,43,화성 성북구123-45,010-5879-6747,수영
8247,이지원,42,인천 신제주123-45,010-3824-9437,사진촬영
8248,임서연,24,광주 팔달구123-45,010-3921-2890,유튜브 보기
8249,장지원,54,울산 진해구123-45,010-2518-6248,뜨개질
8250,윤예은,53,세종 유성구123-45,010-3967-5807,영화감상
8251,박유진,71,대전 서북구123-45,010-7246-3004,보드게임
8252,윤예은,64,포항 강서구123-45,010-8221-7649,보드게임
8253,서하은,57,대구 덕진구123-45,010-4598-8026,게임
8254,조지원,53,천안 진해구123-45,010-2001-4394,여행
8255,최예린,43,천안 성북구123-45,010-6586-5972,사진촬영
8256,박도윤,46,대구 수성구123-45,010-1216-6402,사진촬영
8257,강도윤,33,창원 강서구123-45,010-5591-6930,음악감상
8258,장지민,35,서울 신제주123-45,010-9151-9051,요리
8259,장지후,68,안양 중구123-45,010-2003-1589,수영
8260,강하윤,50,화성 송파구123-45,010-1642-9062,뜨개질
8261,신서준,25,김해 팔달구123-45,010-5305-8494,유튜브 보기
8262,강태윤,23,화성 유성구123-45,010-2255-8596,수영
8263,서민수,64,김해 진해구123-45,010-1952-2910,여행
8264,장시우,32,성남 기흥구123-45,010-3067-4581,뜨개질
8265,임지후,36,청주 수성구123-45,010-2148-4455,요리
8266,김예린,49,부산 동구123-45,010-3147-7579,독서
8267,임지민,61,안양 기흥구123-45,010-4491-3424,수영
8268,오지안,43,전주 송파구123-45,010-5964-9879,카페 투어
8269,조서준,31,대구 성북구123-45,010-2825-4124,보드게임
8270,조시우,56,서울 덕진구123-45,010-1330-5057,뜨개질
8271,임수빈,69,전주 남구123-45,010-6275-8427,요리
8272,윤태윤,28,평택 덕양구123-45,010-5027-3612,사진촬영
8273,장건우,46,고양 수성구123-45,010-3638-3711,독서
8274,조지후,41,안양 일산동구123-45,010-3604-4286,음악감상
8275,장서연,45,울산 일산동구123-45,010-9024-6879,카페 투어
8276,윤태윤,71,세종 덕진구123-45,010-1161-3939,뜨개질
8277,조하은,77,인천 수성구123-45,010-2028-2230,일기 쓰기
8278,임서연,72,청주 장유동123-45,010-3833-5562,자전거 타기
8279,박하은,76,광주 일산동구123-45,010-7290-8548,보드게임
8280,윤지원,36,안양 북구123-45,010-7495-2989,웹서핑
8281,임지원,36,창원 해운대구123-45,010-4428-5434,음악감상
8282,신서준,41,창원 덕양구123-45,010-9249-1149,여행
8283,장하은,56,서울 진해구123-45,010-8993-6170,수영
8284,이하윤,39,고양 강서구123-45,010-4827-7930,유튜브 보기
8285,정지민,62,화성 성북구123-45,010-2940-5275,웹서핑
8286,신하은,48,창원 송파구123-45,010-1916-8046,요리
8287,윤예린,51,용인 유성구123-45,010-9117-2448,요리
8288,신예린,52,세종 강서구123-45,010-9255-3130,여행
8289,오지후,40,제주 덕양구123-45,010-1198-5513,운동
8290,신태윤,48,대전 남구123-45,010-1730-7526,요리
8291,조지원,38,광주 성북구123-45,010-4478-6127,음악감상
8292,윤유진,42,대전 수성구123-45,010-2705-3461,일기 쓰기
8293,최소율,38,용인 해운대구123-45,010-3969-2572,사진촬영
8294,임도윤,46,울산 신제주123-45,010-6651-3061,음악감상
8295,오도윤,65,청주 강남구123-45,010-2724-3151,독서
8296,임지안,74,용인 진해구123-45,010-7475-3530,유튜브 보기
8297,서건우,32,서울 진해구123-45,010-9548-1451,게임
8298,신지원,74,청주 신제주123-45,010-6775-4163,웹서핑
8299,임지민,36,김해 강서구123-45,010-6871-6736,드로잉
8300,조현우,44,평택 서북구123-45,010-3388-7218,수영
8301,오민수,78,창원 신제주123-45,010-2601-8815,여행
8302,신서준,28,천안 서북구123-45,010-9494-6544,뜨개질
8303,이지원,31,천안 신제주123-45,010-6999-9834,운동
8304,신하윤,48,창원 성북구123-45,010-4172-1373,영화감상
8305,정하윤,55,성남 흥덕구123-45,010-8159-7136,사진촬영
8306,정예린,32,광주 일산동구123-45,010-2801-6187,음악감상
8307,임도윤,37,창원 신제주123-45,010-4021-6364,카페 투어
8308,장은우,73,수원 진해구123-45,010-8083-9811,드로잉
8309,신예린,68,포항 해운대구123-45,010-8782-4318,카페 투어
8310,강서준,49,전주 서구123-45,010-6750-3278,독서
8311,윤지민,71,김해 분당구123-45,010-3911-8519,등산
8312,강하은,25,포항 해운대구123-45,010-5512-8388,운동
8313,이건우,30,화성 팔달구123-45,010-3630-5305,유튜브 보기
8314,김지안,29,대전 장유동123-45,010-6535-9807,뜨개질
8315,이지후,41,창원 성북구123-45,010-1551-2459,등산
8316,박예린,42,포항 성북구123-45,010-4149-9927,등산
8317,서시우,66,세종 진해구123-45,010-5231-3776,유튜브 보기
8318,최하윤,34,서울 송파구123-45,010-7874-9199,독서
8319,임지후,47,천안 진해구123-45,010-3347-1616,사진촬영
8320,최예린,61,제주 덕진구123-45,010-1282-6990,등산
8321,신수빈,35,성남 해운대구123-45,010-4177-6612,웹서핑
8322,신서준,37,제주 신제주123-45,010-2857-8917,음악감상
8323,정지민,37,김해 분당구123-45,010-5309-2390,유튜브 보기
8324,임예은,38,수원 강남구123-45,010-1797-1407,게임
8325,정지후,28,수원 신제주123-45,010-5124-5501,여행
8326,박시우,21,성남 서북구123-45,010-3402-5859,음악감상
8327,박시우,38,대구 흥덕구123-45,010-5275-4684,보드게임
8328,강예은,44,창원 서구123-45,010-3415-8211,보드게임
8329,장소율,52,창원 덕진구123-45,010-8096-8563,독서
8330,최하은,60,성남 덕양구123-45,010-2031-5495,유튜브 보기
8331,정예린,75,용인 강서구123-45,010-2919-6140,보드게임
8332,임하은,25,부산 성북구123-45,010-3152-6705,드로잉
8333,윤지안,76,용인 진해구123-45,010-2717-6190,사진촬영
8334,신지원,56,제주 기흥구123-45,010-8559-9194,음악감상
8335,이지민,44,고양 성동구123-45,010-8048-5364,영화감상
8336,최예린,31,용인 중구123-45,010-2392-9931,사진촬영
8337,이서준,72,제주 북구123-45,010-8140-4509,요리
8338,장지원,62,포항 강서구123-45,010-1170-8900,독서
8339,윤예린,25,울산 서구123-45,010-9230-3773,게임
8340,서소율,31,천안 달서구123-45,010-6888-1663,음악감상
8341,강하은,32,전주 해운대구123-45,010-8651-4154,사진촬영
8342,최서연,66,청주 수성구123-45,010-4880-3989,드로잉
8343,강시우,50,부산 강서구123-45,010-5169-4446,보드게임
8344,임하은,73,제주 송파구123-45,010-3686-5183,운동
8345,장지원,52,서울 북구123-45,010-2604-3491,자전거 타기
8346,장하은,40,남양주 분당구123-45,010-1537-8877,운동
8347,윤유진,58,인천 진해구123-45,010-5401-4273,일기 쓰기
8348,박현우,29,부산 덕진구123-45,010-2900-8736,사진촬영
8349,정민수,27,용인 강서구123-45,010-4949-1857,여행
8350,윤수빈,28,안산 진해구123-45,010-1821-6179,수영
8351,윤시우,63,인천 성동구123-45,010-9758-4340,등산
8352,윤소율,46,광주 진해구123-45,010-6776-9845,독서
8353,조서연,34,김해 해운대구123-45,010-8704-7860,운동
8354,장도윤,25,광주 서북구123-45,010-6012-2552,뜨개질
8355,박지후,43,김해 남구123-45,010-1208-6008,뜨개질
8356,정지원,46,포항 남구123-45,010-4628-6997,드로잉
8357,조은우,69,대구 유성구123-45,010-2251-9843,자전거 타기
8358,최예린,49,용인 성동구123-45,010-1454-3084,유튜브 보기
8359,오지민,51,남양주 강남구123-45,010-9551-2605,카페 투어
8360,임서준,79,성남 흥덕구123-45,010-5599-7951,여행
8361,윤지원,52,안양 서북구123-45,010-6040-2888,카페 투어
8362,박예은,74,남양주 송파구123-45,010-6859-4135,유튜브 보기
8363,김건우,30,창원 해운대구123-45,010-4115-3195,일기 쓰기
8364,서현우,54,대전 유성구123-45,010-8432-6669,뜨개질
8365,오건우,35,김해 서북구123-45,010-6350-6809,요리
8366,임지후,44,안양 서구123-45,010-7467-2337,요리
8367,조지원,22,김해 일산동구123-45,010-6133-8114,수영
8368,장도윤,47,부산 강서구123-45,010-4705-3149,웹서핑
8369,최유진,29,수원 팔달구123-45,010-9293-5695,독서
8370,이지원,29,포항 분당구123-45,010-4423-4289,수영
8371,김예은,77,수원 덕진구123-45,010-5899-6433,음악감상
8372,조지안,73,천안 흥덕구123-45,010-3289-4824,요리
8373,임시우,60,평택 송파구123-45,010-7349-5834,운동
8374,한하은,72,울산 덕진구123-45,010-3933-2793,웹서핑
8375,조서연,73,울산 덕양구123-45,010-7774-9425,음악감상
8376,김지안,70,성남 진해구123-45,010-1960-9701,유튜브 보기
8377,윤예은,58,울산 송파구123-45,010-7062-4785,사진촬영
8378,신태윤,24,대구 남구123-45,010-2503-2455,드로잉
8379,박태윤,48,평택 달서구123-45,010-2487-4170,영화감상
8380,서은우,76,포항 남구123-45,010-6790-2686,자전거 타기
8381,신서준,28,안양 팔달구123-45,010-2040-3614,보드게임
8382,임예린,38,대구 남구123-45,010-1003-3083,등산
8383,조예은,38,청주 덕양구123-45,010-3828-5716,웹서핑
8384,신민수,76,청주 북구123-45,010-7683-4257,음악감상
8385,서예린,53,청주 남구123-45,010-1795-1815,운동
8386,김유진,74,화성 일산동구123-45,010-4675-1527,영화감상
8387,조민수,57,천안 성북구123-45,010-6191-6311,웹서핑
8388,최건우,30,고양 진해구123-45,010-7911-6327,뜨개질
8389,한은우,59,제주 달서구123-45,010-6831-1693,운동
8390,정예은,60,포항 분당구123-45,010-9053-5298,유튜브 보기
8391,김지안,59,청주 강서구123-45,010-9031-4242,웹서핑
8392,한서연,73,세종 흥덕구123-45,010-4274-1080,카페 투어
8393,김서준,48,안양 신제주123-45,010-3324-6520,웹서핑
8394,김도윤,63,청주 달서구123-45,010-5739-3483,유튜브 보기
8395,박지원,30,김해 강서구123-45,010-7172-7767,유튜브 보기
8396,장민수,27,천안 성북구123-45,010-6245-2204,게임
8397,윤시우,37,광주 중구123-45,010-1210-2536,게임
8398,조수빈,61,남양주 성동구123-45,010-5468-4835,수영
8399,조유진,40,대전 일산동구123-45,010-3733-4180,게임
8400,정수빈,58,광주 팔달구123-45,010-5286-6354,자전거 타기
8401,윤지후,78,울산 중구123-45,010-5098-9020,등산
8402,이태윤,76,성남 수성구123-45,010-2808-8682,요리
8403,윤수빈,30,제주 북구123-45,010-2972-9442,뜨개질
8404,서은우,27,대구 유성구123-45,010-2998-2156,운동
8405,정수빈,39,성남 동구123-45,010-7354-4453,자전거 타기
8406,조지후,73,안양 강남구123-45,010-3855-7016,수영
8407,강하윤,51,제주 강남구123-45,010-5208-9552,유튜브 보기
8408,강유진,30,부산 남구123-45,010-8582-8040,뜨개질
8409,오예린,64,서울 유성구123-45,010-4715-3588,일기 쓰기
8410,신예린,64,안산 덕양구123-45,010-3609-3637,웹서핑
8411,서예린,33,대전 해운대구123-45,010-1057-3016,드로잉
8412,윤하윤,71,김해 성북구123-45,010-9300-1639,여행
8413,임예은,68,고양 분당구123-45,010-4750-4143,카페 투어
8414,신지후,28,천안 달서구123-45,010-2134-4008,유튜브 보기
8415,장은우,58,성남 진해구123-45,010-9271-7304,수영
8416,신하은,45,수원 중구123-45,010-3250-9089,사진촬영
8417,장수빈,40,광주 성북구123-45,010-4626-7342,요리
8418,최하은,27,광주 해운대구123-45,010-4558-9938,요리
8419,이수빈,35,대전 수성구123-45,010-5434-1625,독서
8420,한지안,57,창원 수성구123-45,010-8358-3493,여행
8421,최시우,64,고양 북구123-45,010-6574-3147,게임
8422,윤지민,27,세종 덕양구123-45,010-2377-1131,요리
8423,이지원,28,제주 수성구123-45,010-6194-4691,자전거 타기
8424,김예은,44,김해 신제주123-45,010-5154-3229,일기 쓰기
8425,김서연,48,서울 서북구123-45,010-5660-8788,게임
8426,임하은,61,울산 수성구123-45,010-1151-8331,보드게임
8427,신하은,37,제주 신제주123-45,010-8800-2718,카페 투어
8428,서건우,20,고양 북구123-45,010-8765-6407,카페 투어
8429,조서준,40,대구 진해구123-45,010-1315-9698,수영
8430,오건우,53,성남 신제주123-45,010-8272-2786,음악감상
8431,오태윤,38,천안 성동구123-45,010-3330-9890,카페 투어
8432,박은우,21,대구 진해구123-45,010-6615-5644,뜨개질
8433,서지원,47,포항 장유동123-45,010-1266-9581,웹서핑
8434,신서연,38,대구 기흥구123-45,010-8501-4943,수영
8435,임유진,78,김해 해운대구123-45,010-8697-7894,웹서핑
8436,강소율,45,용인 기흥구123-45,010-8496-9988,일기 쓰기
8437,최건우,55,천안 덕양구123-45,010-5379-7341,음악감상
8438,정민수,34,포항 유성구123-45,010-3892-8523,영화감상
8439,임유진,46,광주 달서구123-45,010-6414-8923,자전거 타기
8440,이지민,38,남양주 남구123-45,010-2264-1063,요리
8441,장지후,34,전주 서구123-45,010-7045-4690,독서
8442,정유진,39,세종 서구123-45,010-9871-1750,요리
8443,오민수,30,대전 흥덕구123-45,010-1055-8137,일기 쓰기
8444,이예은,37,제주 남구123-45,010-7143-9692,등산
8445,오도윤,53,부산 진해구123-45,010-9792-1771,독서
8446,임태윤,66,광주 장유동123-45,010-1924-4048,영화감상
8447,강시우,70,광주 중구123-45,010-4798-9968,보드게임
8448,서태윤,31,고양 서북구123-45,010-5653-4668,자전거 타기
8449,김하은,27,세종 중구123-45,010-7444-4770,요리
8450,조지후,27,천안 성동구123-45,010-8141-4881,일기 쓰기
8451,서도윤,62,성남 해운대구123-45,010-1417-5048,자전거 타기
8452,장유진,25,용인 송파구123-45,010-2682-5823,요리
8453,박도윤,50,화성 덕진구123-45,010-7194-6069,게임
8454,정유진,78,인천 성북구123-45,010-7672-1145,수영
8455,강예은,25,전주 신제주123-45,010-6754-8048,요리
8456,임하은,58,화성 북구123-45,010-4950-3725,음악감상
8457,최하윤,68,서울 서북구123-45,010-3296-7325,독서
8458,서유진,58,천안 팔달구123-45,010-7807-1543,게임
8459,오지안,52,서울 서북구123-45,010-5712-7610,독서
8460,한건우,48,부산 일산동구123-45,010-9473-5374,보드게임
8461,한서준,42,천안 기흥구123-45,010-9839-2161,뜨개질
8462,신시우,53,용인 신제주123-45,010-3593-6748,웹서핑
8463,윤유진,39,서울 해운대구123-45,010-8099-2340,보드게임
8464,장도윤,65,청주 신제주123-45,010-2172-5114,게임
8465,강민수,72,안양 서북구123-45,010-6047-2475,유튜브 보기
8466,김도윤,37,울산 송파구123-45,010-2750-9400,운동
8467,강현우,50,포항 유성구123-45,010-8250-5887,운동
8468,임하윤,67,수원 서구123-45,010-1725-5416,여행
8469,한소율,46,천안 기흥구123-45,010-3905-6361,뜨개질
8470,윤서준,31,천안 유성구123-45,010-9758-2411,일기 쓰기
8471,한지후,73,광주 중구123-45,010-4871-5867,사진촬영
8472,정지후,35,광주 장유동123-45,010-6717-5097,웹서핑
8473,최은우,28,서울 성동구123-45,010-7531-5724,자전거 타기
8474,강하윤,43,수원 신제주123-45,010-3233-6660,유튜브 보기
8475,윤건우,47,수원 남구123-45,010-4961-2399,게임
8476,최지안,44,부산 흥덕구123-45,010-2797-1405,등산
8477,이유진,57,울산 덕진구123-45,010-4879-3132,드로잉
8478,최하윤,56,포항 서북구123-45,010-6087-1533,사진촬영
8479,박시우,38,평택 팔달구123-45,010-1888-8804,수영
8480,강서연,40,천안 분당구123-45,010-1907-9860,사진촬영
8481,신서연,66,화성 장유동123-45,010-6963-3961,등산
8482,강현우,68,용인 성북구123-45,010-6368-2684,여행
8483,오하은,24,대구 서북구123-45,010-5621-5211,여행
8484,최예은,77,대구 장유동123-45,010-8129-5182,드로잉
8485,한도윤,23,수원 강남구123-45,010-5401-8786,뜨개질
8486,신지민,49,용인 성북구123-45,010-3652-2970,카페 투어
8487,최수빈,66,서울 중구123-45,010-1654-6178,게임
8488,김시우,20,제주 동구123-45,010-9374-9898,음악감상
8489,강예은,64,광주 수성구123-45,010-5176-3689,여행
8490,김시우,28,창원 성북구123-45,010-4419-1983,게임
8491,서유진,47,대전 수성구123-45,010-6156-5305,요리
8492,최태윤,69,남양주 중구123-45,010-1849-3201,유튜브 보기
8493,강현우,77,안산 일산동구123-45,010-8031-5252,운동
8494,신민수,61,서울 성동구123-45,010-2910-5355,게임
8495,조서연,61,창원 서북구123-45,010-5055-9394,웹서핑
8496,서지민,76,용인 중구123-45,010-6668-3091,등산
8497,박민수,49,남양주 북구123-45,010-4616-4028,독서
8498,김태윤,44,대전 성동구123-45,010-9267-8149,독서
8499,장하윤,30,대구 중구123-45,010-6648-4283,자전거 타기
8500,한서연,49,부산 중구123-45,010-8934-1536,운동
8501,장지안,30,창원 남구123-45,010-2874-5609,사진촬영
8502,한서연,72,포항 성북구123-45,010-9163-8238,운동
8503,신건우,36,고양 일산동구123-45,010-6293-1246,일기 쓰기
8504,신예은,51,수원 강서구123-45,010-6423-3008,사진촬영
8505,장수빈,62,울산 덕진구123-45,010-6117-5019,드로잉
8506,이도윤,74,천안 수성구123-45,010-7407-7694,수영
8507,임소율,41,제주 덕진구123-45,010-9488-5361,웹서핑
8508,조시우,47,전주 일산동구123-45,010-5207-1410,게임
8509,오예린,30,전주 북구123-45,010-4721-6553,일기 쓰기
8510,조현우,59,화성 해운대구123-45,010-8101-6325,드로잉
8511,박예린,29,청주 진해구123-45,010-6255-7908,수영
8512,강은우,37,울산 해운대구123-45,010-9958-4992,카페 투어
8513,이소율,69,고양 동구123-45,010-8894-3244,유튜브 보기
8514,김시우,68,남양주 강남구123-45,010-1719-4211,요리
8515,최예은,58,전주 수성구123-45,010-8988-6905,영화감상
8516,서지원,33,대전 흥덕구123-45,010-3412-5664,게임
8517,신건우,61,대전 덕양구123-45,010-9444-9628,독서
8518,정민수,76,세종 진해구123-45,010-1796-8167,일기 쓰기
8519,강하윤,46,제주 송파구123-45,010-4909-9639,음악감상
8520,윤서준,59,남양주 덕진구123-45,010-2905-7843,영화감상
8521,장하윤,60,천안 일산동구123-45,010-8012-1977,드로잉
8522,오서연,38,화성 성동구123-45,010-2467-2211,카페 투어
8523,장수빈,23,전주 북구123-45,010-1076-3133,여행
8524,신건우,30,천안 수성구123-45,010-6374-3985,요리
8525,정지원,23,전주 흥덕구123-45,010-4836-5067,수영
8526,최도윤,41,성남 장유동123-45,010-2934-9165,영화감상
8527,임유진,51,안양 강서구123-45,010-3144-2380,드로잉
8528,오시우,27,남양주 동구123-45,010-7817-6209,게임
8529,조지민,54,평택 서북구123-45,010-8453-2873,사진촬영
8530,조하윤,66,부산 성동구123-45,010-6764-2054,여행
8531,윤지원,35,창원 덕양구123-45,010-7065-4644,음악감상
8532,강지후,75,울산 팔달구123-45,010-3067-2444,여행
8533,최예은,37,수원 서북구123-45,010-4768-3413,자전거 타기
8534,최소율,53,천안 성동구123-45,010-4589-5638,드로잉
8535,임현우,70,대구 수성구123-45,010-4159-2389,수영
8536,정예린,27,제주 남구123-45,010-7093-5355,카페 투어
8537,김소율,40,창원 유성구123-45,010-5283-9901,음악감상
8538,임예린,38,천안 해운대구123-45,010-6873-5716,수영
8539,김지안,34,인천 송파구123-45,010-2346-5654,카페 투어
8540,박하윤,70,수원 북구123-45,010-4621-4804,여행
8541,조태윤,46,인천 팔달구123-45,010-6032-4594,자전거 타기
8542,조수빈,45,성남 진해구123-45,010-4680-4522,일기 쓰기
8543,한예은,61,고양 송파구123-45,010-5610-5609,음악감상
8544,정서준,39,평택 수성구123-45,010-8517-3159,웹서핑
8545,오하은,52,서울 성북구123-45,010-9949-6716,요리
8546,이하은,21,대구 덕양구123-45,010-5674-4558,영화감상
8547,장건우,60,세종 유성구123-45,010-1767-7764,사진촬영
8548,한지안,37,안양 흥덕구123-45,010-6476-5598,일기 쓰기
8549,장지안,66,제주 서구123-45,010-1268-6226,수영
8550,이하은,55,수원 성북구123-45,010-2047-2833,웹서핑
8551,정건우,35,평택 남구123-45,010-7465-1296,드로잉
8552,정태윤,69,화성 성북구123-45,010-9257-7423,일기 쓰기
8553,오예은,56,고양 진해구123-45,010-2051-3053,여행
8554,임소율,43,김해 성북구123-45,010-1895-3091,일기 쓰기
8555,최예은,62,안양 서구123-45,010-1952-1956,뜨개질
8556,윤도윤,75,고양 남구123-45,010-4990-6052,자전거 타기
8557,박은우,26,안양 일산동구123-45,010-2732-5702,영화감상
8558,이지후,61,제주 성동구123-45,010-9379-1043,등산
8559,이서연,33,청주 중구123-45,010-8077-3394,등산
8560,임민수,47,광주 송파구123-45,010-8098-7027,운동
8561,최은우,43,용인 진해구123-45,010-2038-9571,웹서핑
8562,최현우,53,부산 강남구123-45,010-6721-1675,웹서핑
8563,오태윤,71,대구 강서구123-45,010-2982-2064,수영
8564,최소율,32,제주 북구123-45,010-1373-3237,영화감상
8565,서현우,69,용인 기흥구123-45,010-3065-3869,등산
8566,서예린,58,포항 남구123-45,010-4978-1937,뜨개질
8567,한수빈,57,포항 중구123-45,010-9948-1160,드로잉
8568,한태윤,40,성남 성동구123-45,010-5439-4001,수영
8569,임서준,38,화성 해운대구123-45,010-1741-9003,독서
8570,서은우,62,평택 덕양구123-45,010-7343-2286,수영
8571,김지후,27,성남 유성구123-45,010-9784-4840,유튜브 보기
8572,장시우,53,전주 기흥구123-45,010-9984-4145,자전거 타기
8573,김수빈,71,인천 기흥구123-45,010-8058-9655,운동
8574,김은우,23,고양 신제주123-45,010-7302-6682,요리
8575,박예은,21,안산 동구123-45,010-2432-2769,독서
8576,한유진,52,성남 수성구123-45,010-9064-5227,영화감상
8577,강서연,75,안산 팔달구123-45,010-9376-9471,등산
8578,조예은,78,안양 서구123-45,010-9177-2053,유튜브 보기
8579,장소율,47,용인 덕진구123-45,010-1902-6114,등산
8580,조서준,45,제주 중구123-45,010-1799-3312,등산
8581,조하윤,40,청주 강남구123-45,010-1351-3372,보드게임
8582,박하은,54,안양 신제주123-45,010-3655-2598,뜨개질
8583,이예린,64,김해 팔달구123-45,010-6033-3245,보드게임
8584,서지후,67,안양 동구123-45,010-3909-3736,카페 투어
8585,김건우,24,고양 장유동123-45,010-2007-2014,유튜브 보기
8586,정지후,69,서울 강서구123-45,010-7719-8719,요리
8587,임시우,53,대전 중구123-45,010-5496-9104,웹서핑
8588,정서연,40,부산 강남구123-45,010-3410-4499,음악감상
8589,한예린,40,포항 북구123-45,010-7433-2252,영화감상
8590,오민수,25,수원 신제주123-45,010-6723-3086,영화감상
8591,박지민,74,창원 유성구123-45,010-4333-7532,요리
8592,최서준,30,울산 유성구123-45,010-4223-6408,보드게임
8593,임서연,24,창원 중구123-45,010-5851-1216,영화감상
8594,장민수,28,안양 흥덕구123-45,010-9082-7876,보드게임
8595,장시우,35,서울 기흥구123-45,010-2647-6409,사진촬영
8596,정지안,58,안양 달서구123-45,010-3794-2241,요리
8597,신시우,28,안산 신제주123-45,010-3478-2072,드로잉
8598,윤현우,36,남양주 일산동구123-45,010-9580-1233,여행
8599,오예린,28,창원 수성구123-45,010-5606-4887,일기 쓰기
8600,신태윤,60,성남 유성구123-45,010-3940-3044,일기 쓰기
8601,김지민,64,서울 해운대구123-45,010-6971-3885,음악감상
8602,이지민,49,대구 신제주123-45,010-2297-4036,여행
8603,조수빈,52,대전 일산동구123-45,010-4746-3781,사진촬영
8604,서지원,20,서울 해운대구123-45,010-2542-3530,웹서핑
8605,장지후,51,수원 송파구123-45,010-7512-8527,웹서핑
8606,정예은,61,광주 장유동123-45,010-6913-1439,요리
8607,정은우,61,고양 북구123-45,010-2435-6717,유튜브 보기
8608,임하윤,33,세종 수성구123-45,010-5078-3755,운동
8609,정지후,50,성남 신제주123-45,010-1351-6606,운동
8610,최하윤,74,대구 기흥구123-45,010-2476-6560,자전거 타기
8611,이건우,25,용인 강서구123-45,010-2873-9285,유튜브 보기
8612,강시우,65,화성 서구123-45,010-9862-5438,웹서핑
8613,한하은,65,울산 성북구123-45,010-6407-4466,웹서핑
8614,조도윤,38,안양 강서구123-45,010-6562-3256,운동
8615,박유진,73,청주 달서구123-45,010-3092-1582,유튜브 보기
8616,조민수,70,천안 서북구123-45,010-4805-7341,게임
8617,장유진,24,천안 신제주123-45,010-7823-9418,자전거 타기
8618,박지원,55,성남 동구123-45,010-5115-8423,요리
8619,임서연,72,성남 덕진구123-45,010-5189-1672,영화감상
8620,박태윤,53,천안 흥덕구123-45,010-9883-3422,운동
8621,강유진,23,울산 성동구123-45,010-3417-2047,드로잉
8622,임건우,61,대전 중구123-45,010-9680-1388,자전거 타기
8623,김태윤,20,포항 중구123-45,010-3394-4122,등산
8624,조예은,46,남양주 남구123-45,010-1903-2682,독서
8625,장현우,73,부산 강남구123-45,010-5068-5673,수영
8626,장하은,66,광주 해운대구123-45,010-4095-6753,드로잉
8627,신예은,63,인천 동구123-45,010-6004-3774,요리
8628,신지원,56,남양주 덕양구123-45,010-3811-9321,유튜브 보기
8629,장수빈,36,울산 서북구123-45,010-8488-2120,보드게임
8630,서시우,53,포항 기흥구123-45,010-6105-1852,일기 쓰기
8631,서도윤,51,안양 일산동구123-45,010-2612-2898,뜨개질
8632,정지안,21,남양주 북구123-45,010-2542-9811,자전거 타기
8633,정소율,74,울산 중구123-45,010-5453-4412,사진촬영
8634,이하은,69,세종 강서구123-45,010-6447-3526,자전거 타기
8635,윤지안,50,광주 송파구123-45,010-7712-6575,자전거 타기
8636,오소율,47,전주 북구123-45,010-3472-9591,웹서핑
8637,서도윤,64,서울 강서구123-45,010-4339-7844,일기 쓰기
8638,서태윤,63,안산 진해구123-45,010-2759-8351,여행
8639,강예은,60,안산 진해구123-45,010-8098-3549,유튜브 보기
8640,최현우,59,세종 일산동구123-45,010-5505-8607,수영
8641,박현우,37,천안 달서구123-45,010-8890-2217,운동
8642,김태윤,71,안산 덕진구123-45,010-3515-1639,운동
8643,오하윤,79,포항 강서구123-45,010-7160-5907,카페 투어
8644,한서연,61,김해 중구123-45,010-9377-1305,카페 투어
8645,오하윤,39,광주 장유동123-45,010-4146-2068,등산
8646,강건우,73,수원 진해구123-45,010-7482-2437,일기 쓰기
8647,오민수,77,평택 기흥구123-45,010-4356-3635,자전거 타기
8648,한예은,32,성남 동구123-45,010-2193-1102,카페 투어
8649,임건우,72,대전 장유동123-45,010-9747-8130,드로잉
8650,신민수,24,부산 덕양구123-45,010-5563-6299,드로잉
8651,강태윤,24,광주 남구123-45,010-6741-1755,사진촬영
8652,서태윤,70,천안 수성구123-45,010-6351-3685,운동
8653,조현우,41,창원 서북구123-45,010-2165-5950,유튜브 보기
8654,이예은,66,화성 중구123-45,010-5960-3279,사진촬영
8655,김수빈,58,안산 진해구123-45,010-1970-8796,음악감상
8656,김지안,57,제주 기흥구123-45,010-9388-5712,영화감상
8657,김지안,34,화성 북구123-45,010-4705-3271,게임
8658,임현우,65,창원 남구123-45,010-6472-5634,요리
8659,임유진,60,김해 서북구123-45,010-9765-1486,웹서핑
8660,윤지후,26,대구 진해구123-45,010-1369-4805,영화감상
8661,최태윤,63,울산 장유동123-45,010-9037-2340,게임
8662,한서연,22,전주 강남구123-45,010-3499-4659,카페 투어
8663,임지안,73,남양주 남구123-45,010-3445-1825,여행
8664,임하윤,73,남양주 성동구123-45,010-6260-7165,영화감상
8665,조하은,24,수원 분당구123-45,010-9363-8910,게임
8666,박지원,77,창원 일산동구123-45,010-7505-7388,보드게임
8667,박지후,43,서울 강서구123-45,010-6394-2548,운동
8668,오도윤,30,서울 덕진구123-45,010-8790-5888,게임
8669,정지안,64,대전 중구123-45,010-6785-5933,여행
8670,박현우,45,화성 분당구123-45,010-9554-7051,유튜브 보기
8671,서지후,44,고양 기흥구123-45,010-7132-3129,사진촬영
8672,조도윤,24,안양 달서구123-45,010-3824-5878,독서
8673,신서연,60,청주 동구123-45,010-4937-9401,유튜브 보기
8674,강유진,32,부산 동구123-45,010-5774-6154,요리
8675,한예은,45,서울 성동구123-45,010-5707-6542,음악감상
8676,임민수,48,수원 중구123-45,010-2825-4007,등산
8677,윤서준,36,천안 동구123-45,010-6049-9273,여행
8678,한태윤,56,창원 덕양구123-45,010-5661-7471,영화감상
8679,정태윤,34,대전 북구123-45,010-6536-4500,게임
8680,임소율,23,안양 중구123-45,010-5016-3882,수영
8681,박서준,72,김해 덕진구123-45,010-7723-2247,영화감상
8682,윤유진,46,청주 서구123-45,010-2543-3211,유튜브 보기
8683,김하은,35,고양 달서구123-45,010-6865-4451,유튜브 보기
8684,최서연,47,서울 서구123-45,010-1063-3617,드로잉
8685,임지안,52,제주 신제주123-45,010-6854-9057,일기 쓰기
8686,최민수,54,인천 성북구123-45,010-7045-3853,보드게임
8687,김지원,76,용인 기흥구123-45,010-9007-5114,카페 투어
8688,정소율,72,대전 성북구123-45,010-8621-8058,운동
8689,김서준,35,제주 남구123-45,010-4706-3872,여행
8690,윤지안,23,제주 팔달구123-45,010-3925-5383,보드게임
8691,정서준,24,안산 북구123-45,010-7410-3643,드로잉
8692,서지민,52,인천 동구123-45,010-1482-7557,음악감상
8693,이수빈,59,고양 성동구123-45,010-7607-9364,웹서핑
8694,윤유진,63,서울 강남구123-45,010-1008-4751,등산
8695,김소율,68,대구 강남구123-45,010-8051-3228,게임
8696,한하윤,45,서울 덕양구123-45,010-9270-2436,영화감상
8697,강민수,42,화성 일산동구123-45,010-5717-3476,유튜브 보기
8698,한지후,36,안양 분당구123-45,010-7951-8182,드로잉
8699,박소율,48,세종 장유동123-45,010-3272-4798,독서
8700,임소율,37,울산 남구123-45,010-9441-2286,수영
8701,김시우,61,천안 해운대구123-45,010-5796-1122,독서
8702,서지안,75,남양주 달서구123-45,010-9240-8100,뜨개질
8703,김도윤,20,성남 성북구123-45,010-5251-7017,독서
8704,오시우,66,청주 신제주123-45,010-2515-2898,일기 쓰기
8705,오은우,75,제주 장유동123-45,010-4204-8484,운동
8706,신지원,32,인천 진해구123-45,010-2733-2969,자전거 타기
8707,이건우,44,안양 중구123-45,010-6763-3053,음악감상
8708,김지안,28,용인 중구123-45,010-8148-2873,요리
8709,한지민,66,인천 달서구123-45,010-5597-3179,영화감상
8710,이시우,71,안양 해운대구123-45,010-6813-4452,보드게임
8711,윤시우,27,광주 덕진구123-45,010-3111-5041,사진촬영
8712,김지원,65,김해 서북구123-45,010-3524-8243,게임
8713,김서연,40,부산 장유동123-45,010-4231-4863,독서
8714,장시우,24,평택 수성구123-45,010-1767-9718,드로잉
8715,윤현우,62,대구 신제주123-45,010-2273-4854,자전거 타기
8716,이서연,51,수원 분당구123-45,010-6195-1544,수영
8717,신태윤,78,고양 남구123-45,010-4498-9696,일기 쓰기
8718,이태윤,34,남양주 성북구123-45,010-6413-7208,음악감상
8719,정유진,45,포항 분당구123-45,010-5752-6172,음악감상
8720,장태윤,56,서울 흥덕구123-45,010-5314-1583,수영
8721,조예린,32,광주 기흥구123-45,010-7551-9037,자전거 타기
8722,박지안,34,용인 성동구123-45,010-7934-4328,등산
8723,서민수,40,평택 일산동구123-45,010-4652-5339,자전거 타기
8724,최도윤,22,제주 송파구123-45,010-7327-1138,사진촬영
8725,장현우,38,김해 해운대구123-45,010-9908-6752,독서
8726,김지원,72,울산 덕양구123-45,010-4346-9454,요리
8727,최예은,27,안산 송파구123-45,010-9909-7971,요리
8728,김유진,74,제주 수성구123-45,010-5051-8719,영화감상
8729,김하은,40,수원 성북구123-45,010-3458-6975,게임
8730,윤유진,68,천안 달서구123-45,010-4497-1004,독서
8731,정건우,73,평택 송파구123-45,010-7291-5188,카페 투어
8732,임서연,23,수원 강서구123-45,010-2135-6111,유튜브 보기
8733,강서연,77,성남 중구123-45,010-3850-9043,사진촬영
8734,정수빈,49,김해 수성구123-45,010-1067-3360,음악감상
8735,김태윤,72,창원 기흥구123-45,010-4934-3845,음악감상
8736,장예은,79,수원 서북구123-45,010-7290-9530,등산
8737,이수빈,30,화성 강서구123-45,010-3402-3563,요리
8738,임소율,21,수원 강서구123-45,010-3336-2644,독서
8739,이유진,46,광주 해운대구123-45,010-4502-2767,여행
8740,이서준,24,고양 남구123-45,010-9827-7767,영화감상
8741,임서준,23,청주 수성구123-45,010-2732-5881,요리
8742,서은우,66,대전 동구123-45,010-7648-9710,유튜브 보기
8743,정소율,64,제주 성동구123-45,010-5563-6818,카페 투어
8744,한예은,55,안산 달서구123-45,010-6660-6048,요리
8745,오민수,36,남양주 성북구123-45,010-1751-2075,일기 쓰기
8746,박건우,33,대전 달서구123-45,010-8947-5454,드로잉
8747,조지민,61,세종 성동구123-45,010-1213-7062,사진촬영
8748,최은우,56,청주 동구123-45,010-8764-4099,음악감상
8749,이예린,61,서울 팔달구123-45,010-4043-2963,요리
8750,오예린,38,평택 동구123-45,010-4010-5206,독서
8751,박지원,27,전주 강서구123-45,010-6916-7066,영화감상
8752,한하윤,67,화성 북구123-45,010-1946-5153,독서
8753,오지원,41,남양주 유성구123-45,010-4183-1631,여행
8754,박유진,45,인천 송파구123-45,010-6211-6565,음악감상
8755,신현우,56,청주 흥덕구123-45,010-3969-4904,음악감상
8756,신예은,20,서울 흥덕구123-45,010-9152-1178,자전거 타기
8757,윤지후,78,광주 중구123-45,010-6189-4367,일기 쓰기
8758,이하은,21,창원 덕진구123-45,010-1223-1634,등산
8759,장태윤,50,창원 흥덕구123-45,010-2498-5382,게임
8760,임소율,54,용인 서구123-45,010-5085-8877,카페 투어
8761,임하윤,78,전주 성동구123-45,010-8300-2965,뜨개질
8762,조서준,75,성남 덕진구123-45,010-8623-4718,뜨개질
8763,조지후,23,대구 남구123-45,010-8697-2045,등산
8764,강서준,74,화성 진해구123-45,010-7353-3460,뜨개질
8765,최현우,70,평택 장유동123-45,010-3428-4255,운동
8766,강예린,52,수원 북구123-45,010-8745-9161,독서
8767,정건우,27,평택 강서구123-45,010-2892-4173,음악감상
8768,한지민,72,김해 달서구123-45,010-5860-6101,영화감상
8769,한하윤,69,고양 성동구123-45,010-1781-4503,등산
8770,장태윤,21,성남 장유동123-45,010-1063-9274,음악감상
8771,박예린,60,고양 서구123-45,010-3941-6550,등산
8772,이시우,60,안양 서북구123-45,010-1342-8017,일기 쓰기
8773,박소율,53,대구 동구123-45,010-8936-3475,수영
8774,최시우,49,김해 기흥구123-45,010-4880-2875,드로잉
8775,조현우,32,남양주 덕진구123-45,010-4835-1695,웹서핑
8776,조민수,62,창원 서북구123-45,010-2136-4624,독서
8777,서시우,32,남양주 성북구123-45,010-5995-1212,웹서핑
8778,오지민,75,안양 분당구123-45,010-2795-9978,게임
8779,오유진,49,김해 분당구123-45,010-3629-9401,음악감상
8780,신예린,61,청주 수성구123-45,010-2944-3842,등산
8781,오소율,31,평택 분당구123-45,010-2199-1953,뜨개질
8782,오현우,66,안산 달서구123-45,010-2314-8409,여행
8783,강수빈,45,성남 팔달구123-45,010-5981-8661,게임
8784,강소율,78,김해 덕양구123-45,010-9999-2327,웹서핑
8785,이지원,78,성남 신제주123-45,010-2852-6980,여행
8786,강지민,71,울산 강남구123-45,010-7700-7189,사진촬영
8787,박지원,37,대구 기흥구123-45,010-2074-8968,보드게임
8788,서유진,62,대전 북구123-45,010-6902-9238,수영
8789,박하은,65,광주 신제주123-45,010-8627-3771,게임
8790,강은우,22,전주 강남구123-45,010-3121-9849,영화감상
8791,신하은,68,수원 북구123-45,010-3764-5325,드로잉
8792,강시우,62,평택 덕진구123-45,010-6083-4472,카페 투어
8793,정지원,60,서울 기흥구123-45,010-4722-7079,수영
8794,김현우,75,대구 분당구123-45,010-2273-8652,사진촬영
8795,오민수,76,천안 팔달구123-45,010-7435-2699,드로잉
8796,박태윤,77,창원 덕진구123-45,010-3808-7429,웹서핑
8797,신예은,46,제주 송파구123-45,010-1243-5624,보드게임
8798,서은우,22,인천 신제주123-45,010-1988-8365,운동
8799,최지원,75,수원 달서구123-45,010-4839-3097,음악감상
8800,박소율,70,남양주 강남구123-45,010-3939-2477,카페 투어
8801,서지후,72,창원 강남구123-45,010-5052-9630,등산
8802,서서준,50,창원 진해구123-45,010-7394-5725,운동
8803,장현우,42,김해 북구123-45,010-5024-3728,운동
8804,강건우,76,용인 강서구123-45,010-9638-4488,요리
8805,윤예린,42,안산 강남구123-45,010-2919-9057,보드게임
8806,장유진,44,부산 신제주123-45,010-9987-3508,운동
8807,장건우,25,수원 덕진구123-45,010-9174-8536,카페 투어
8808,강예린,40,평택 장유동123-45,010-7199-4837,웹서핑
8809,정지안,36,고양 분당구123-45,010-4675-6368,수영
8810,김지후,60,전주 강서구123-45,010-9559-6154,영화감상
8811,박지후,40,전주 송파구123-45,010-3001-3737,게임
8812,장예은,30,서울 장유동123-45,010-5984-4869,사진촬영
8813,윤지민,50,고양 덕진구123-45,010-1447-7532,카페 투어
8814,조도윤,22,수원 덕양구123-45,010-7039-5447,카페 투어
8815,강건우,47,성남 달서구123-45,010-6122-9283,운동
8816,최서연,30,포항 서구123-45,010-8184-2968,보드게임
8817,정민수,39,인천 유성구123-45,010-9269-4717,영화감상
8818,조지민,62,전주 송파구123-45,010-8417-1298,보드게임
8819,서서연,57,안양 기흥구123-45,010-1447-1093,웹서핑
8820,조지안,35,화성 달서구123-45,010-8823-8182,드로잉
8821,조은우,25,제주 북구123-45,010-7468-2595,웹서핑
8822,조현우,47,창원 성북구123-45,010-6750-4733,여행
8823,장지민,55,대전 유성구123-45,010-3953-6128,카페 투어
8824,오예린,47,전주 해운대구123-45,010-1525-5367,음악감상
8825,서지원,62,전주 흥덕구123-45,010-4204-2878,수영
8826,강지원,75,세종 달서구123-45,010-2695-4670,운동
8827,한서연,25,광주 북구123-45,010-2753-4780,자전거 타기
8828,서서준,48,화성 일산동구123-45,010-2978-4114,영화감상
8829,최서연,23,창원 성북구123-45,010-6237-2477,게임
8830,장건우,44,성남 북구123-45,010-4506-8302,보드게임
8831,신서연,67,김해 덕양구123-45,010-4254-1481,영화감상
8832,박민수,79,울산 동구123-45,010-4006-9217,운동
8833,강서준,71,안산 유성구123-45,010-9927-5041,운동
8834,윤서연,47,김해 진해구123-45,010-1041-5092,유튜브 보기
8835,최서준,69,천안 동구123-45,010-1231-1631,뜨개질
8836,윤지안,36,울산 일산동구123-45,010-6961-4506,유튜브 보기
8837,장은우,60,고양 신제주123-45,010-5162-2954,운동
8838,오수빈,67,대전 덕양구123-45,010-1683-6706,카페 투어
8839,오은우,42,세종 유성구123-45,010-3758-1901,일기 쓰기
8840,임지민,67,포항 해운대구123-45,010-9563-5014,운동
8841,이예은,56,부산 서북구123-45,010-3503-9408,수영
8842,박서연,50,대전 성북구123-45,010-2183-7078,음악감상
8843,정은우,35,제주 덕양구123-45,010-1810-6397,독서
8844,강지후,39,수원 해운대구123-45,010-5596-8044,카페 투어
8845,강현우,20,용인 진해구123-45,010-4268-3259,일기 쓰기
8846,오시우,34,고양 장유동123-45,010-2663-1113,웹서핑
8847,강소율,56,울산 진해구123-45,010-3354-7261,유튜브 보기
8848,임민수,73,부산 덕양구123-45,010-5445-5406,사진촬영
8849,서서준,52,서울 분당구123-45,010-2146-8635,일기 쓰기
8850,임유진,49,평택 기흥구123-45,010-2538-1987,수영
8851,신은우,57,안산 팔달구123-45,010-2032-9142,드로잉
8852,장지원,77,안산 성북구123-45,010-5860-2106,뜨개질
8853,서지민,24,세종 성동구123-45,010-8426-4935,요리
8854,정지민,37,제주 성동구123-45,010-3056-5844,영화감상
8855,조지원,78,울산 서북구123-45,010-3011-2887,음악감상
8856,김예린,31,남양주 덕양구123-45,010-9355-6658,영화감상
8857,윤건우,24,창원 강남구123-45,010-3458-5992,요리
8858,최지후,38,수원 기흥구123-45,010-9833-3332,자전거 타기
8859,장지민,58,세종 송파구123-45,010-6827-6618,뜨개질
8860,신건우,55,포항 남구123-45,010-1576-6612,일기 쓰기
8861,신민수,23,광주 덕진구123-45,010-5427-7910,뜨개질
8862,정도윤,22,천안 동구123-45,010-6549-4066,요리
8863,조도윤,71,세종 남구123-45,010-6848-3421,자전거 타기
8864,박도윤,56,평택 북구123-45,010-8541-9184,게임
8865,오하윤,74,평택 흥덕구123-45,010-4118-7065,요리
8866,이예은,43,포항 덕진구123-45,010-5716-5703,보드게임
8867,정도윤,27,대전 송파구123-45,010-1506-6889,게임
8868,신소율,76,대전 북구123-45,010-2256-6400,음악감상
8869,장은우,77,성남 기흥구123-45,010-9146-4032,뜨개질
8870,장소율,67,천안 장유동123-45,010-3678-4331,자전거 타기
8871,한시우,47,성남 덕양구123-45,010-2601-3886,뜨개질
8872,윤도윤,37,서울 해운대구123-45,010-9171-9250,독서
8873,장태윤,64,천안 덕양구123-45,010-4958-8661,유튜브 보기
8874,오민수,76,서울 유성구123-45,010-1147-2078,카페 투어
8875,신지원,75,남양주 동구123-45,010-3230-3476,보드게임
8876,서은우,28,청주 팔달구123-45,010-7493-2696,영화감상
8877,강도윤,79,대구 성북구123-45,010-1604-7998,등산
8878,조하윤,59,화성 기흥구123-45,010-9668-7808,카페 투어
8879,서도윤,22,전주 유성구123-45,010-6623-9227,요리
8880,최지후,29,서울 흥덕구123-45,010-1030-4736,카페 투어
8881,서지후,73,부산 성북구123-45,010-1963-7364,수영
8882,한서준,31,김해 성동구123-45,010-7311-4352,사진촬영
8883,이은우,69,남양주 성북구123-45,010-6309-4442,요리
8884,서예은,75,광주 송파구123-45,010-3725-7339,수영
8885,김건우,28,용인 북구123-45,010-8211-3351,보드게임
8886,윤태윤,22,김해 서북구123-45,010-6053-1816,독서
8887,장민수,33,인천 팔달구123-45,010-3417-8698,뜨개질
8888,강서연,24,김해 강남구123-45,010-5052-3440,일기 쓰기
8889,장건우,38,화성 유성구123-45,010-2428-3214,카페 투어
8890,신유진,34,광주 진해구123-45,010-4935-5502,카페 투어
8891,한민수,72,포항 강서구123-45,010-6673-6539,게임
8892,최소율,70,대전 송파구123-45,010-2082-4249,뜨개질
8893,조서준,48,남양주 수성구123-45,010-1990-4787,운동
8894,서민수,68,청주 달서구123-45,010-2291-8755,사진촬영
8895,오태윤,34,김해 성북구123-45,010-6103-1477,요리
8896,조서연,26,인천 강서구123-45,010-8487-6476,뜨개질
8897,이태윤,37,대전 분당구123-45,010-2337-4332,운동
8898,박하은,48,고양 서북구123-45,010-9131-5886,등산
8899,박하은,61,대구 송파구123-45,010-5097-8832,자전거 타기
8900,한예린,24,수원 강남구123-45,010-3772-7802,요리
8901,신서연,35,서울 진해구123-45,010-5813-7386,카페 투어
8902,최민수,66,부산 성동구123-45,010-6222-3713,게임
8903,오지민,48,김해 성북구123-45,010-5649-6355,일기 쓰기
8904,김예린,27,화성 분당구123-45,010-5271-3643,웹서핑
8905,서지민,52,천안 일산동구123-45,010-2522-2453,자전거 타기
8906,윤지민,77,화성 강남구123-45,010-8931-1018,수영
8907,이지안,30,화성 성북구123-45,010-3278-8072,카페 투어
8908,이시우,29,안양 성북구123-45,010-8385-7687,수영
8909,서서연,53,청주 북구123-45,010-1705-2077,유튜브 보기
8910,신도윤,51,포항 동구123-45,010-4228-9090,일기 쓰기
8911,서지민,28,부산 송파구123-45,010-9408-7741,독서
8912,임지원,32,성남 기흥구123-45,010-6418-1821,드로잉
8913,임건우,66,화성 성동구123-45,010-8664-5001,일기 쓰기
8914,정수빈,26,천안 강남구123-45,010-1448-6721,일기 쓰기
8915,한예은,42,안산 성북구123-45,010-7758-5859,보드게임
8916,임지민,61,부산 성북구123-45,010-1667-9975,수영
8917,임소율,43,대구 강남구123-45,010-9304-1938,요리
8918,정현우,71,포항 신제주123-45,010-6687-3207,뜨개질
8919,이유진,55,인천 덕진구123-45,010-7650-9657,보드게임
8920,오태윤,40,수원 분당구123-45,010-3330-3043,수영
8921,김지원,44,서울 일산동구123-45,010-9362-1177,운동
8922,박하윤,78,대전 동구123-45,010-9177-6276,보드게임
8923,오시우,73,평택 강서구123-45,010-5467-8641,음악감상
8924,윤시우,25,세종 달서구123-45,010-4441-3658,등산
8925,조건우,68,김해 북구123-45,010-7404-3668,게임
8926,장소율,42,서울 성북구123-45,010-5750-8463,여행
8927,이도윤,42,포항 중구123-45,010-1961-2281,등산
8928,임시우,47,포항 서북구123-45,010-6326-5188,수영
8929,최지민,28,광주 달서구123-45,010-3832-7403,게임
8930,서은우,77,전주 분당구123-45,010-4766-3273,음악감상
8931,임예은,59,대구 성북구123-45,010-8717-5787,수영
8932,이서연,76,세종 해운대구123-45,010-2451-1272,운동
8933,강도윤,76,고양 기흥구123-45,010-9877-5576,수영
8934,박현우,73,김해 남구123-45,010-3489-8946,뜨개질
8935,오지안,60,안산 신제주123-45,010-9613-7636,독서
8936,최현우,54,세종 동구123-45,010-6806-1288,뜨개질
8937,신건우,60,부산 일산동구123-45,010-5138-6417,운동
8938,강예은,79,고양 진해구123-45,010-1711-5458,카페 투어
8939,정하은,53,안산 동구123-45,010-1898-6279,유튜브 보기
8940,윤예린,50,서울 남구123-45,010-7521-6578,유튜브 보기
8941,김시우,20,인천 팔달구123-45,010-4513-4359,드로잉
8942,정예은,27,남양주 강서구123-45,010-9361-9057,등산
8943,강건우,74,고양 중구123-45,010-8420-6899,사진촬영
8944,오하은,47,김해 분당구123-45,010-6787-3991,영화감상
8945,오건우,39,제주 흥덕구123-45,010-3497-3106,게임
8946,오시우,56,대전 진해구123-45,010-2893-9958,웹서핑
8947,장서준,42,화성 성동구123-45,010-3092-5951,보드게임
8948,박지안,43,대구 해운대구123-45,010-8628-1879,사진촬영
8949,장도윤,79,울산 덕진구123-45,010-8418-7330,웹서핑
8950,신시우,72,고양 성북구123-45,010-1669-5114,뜨개질
8951,임시우,42,서울 서북구123-45,010-6656-9861,독서
8952,서지안,44,안산 강서구123-45,010-3436-9562,사진촬영
8953,신예은,74,전주 서구123-45,010-2972-3975,카페 투어
8954,서건우,65,대구 서구123-45,010-9575-9750,수영
8955,오서준,26,김해 신제주123-45,010-2458-4787,웹서핑
8956,장지안,20,천안 강남구123-45,010-2131-9631,수영
8957,박하윤,25,평택 동구123-45,010-6151-2184,영화감상
8958,한수빈,64,세종 강서구123-45,010-2101-7287,드로잉
8959,신건우,42,고양 진해구123-45,010-2672-4161,유튜브 보기
8960,최예은,25,제주 강서구123-45,010-4537-3647,웹서핑
8961,장민수,79,세종 성북구123-45,010-8547-8143,영화감상
8962,김하은,77,서울 분당구123-45,010-4101-5192,드로잉
8963,윤건우,38,전주 중구123-45,010-3308-7617,등산
8964,서하은,67,평택 덕진구123-45,010-4006-2443,게임
8965,조도윤,38,포항 일산동구123-45,010-2584-5234,뜨개질
8966,임태윤,44,화성 일산동구123-45,010-3729-6128,사진촬영
8967,강도윤,41,평택 진해구123-45,010-7972-8594,여행
8968,정예은,64,대전 성동구123-45,010-7258-6280,사진촬영
8969,한서준,20,부산 유성구123-45,010-6286-4114,보드게임
8970,강현우,37,서울 흥덕구123-45,010-2504-4030,운동
8971,김서준,32,청주 성동구123-45,010-1570-2195,게임
8972,신예린,46,창원 덕진구123-45,010-4846-9233,요리
8973,한서준,62,남양주 강남구123-45,010-6741-4174,보드게임
8974,정하윤,63,전주 분당구123-45,010-7009-8571,보드게임
8975,오지민,63,대전 북구123-45,010-6141-7565,수영
8976,김예린,23,용인 해운대구123-45,010-1384-6341,요리
8977,오지안,68,안양 진해구123-45,010-4406-2544,일기 쓰기
8978,오예린,71,수원 팔달구123-45,010-7662-3391,일기 쓰기
8979,임지민,42,광주 강남구123-45,010-7021-2352,영화감상
8980,박서연,29,제주 남구123-45,010-5857-8379,일기 쓰기
8981,이시우,46,대전 동구123-45,010-8031-3086,영화감상
8982,정민수,49,포항 덕진구123-45,010-2478-8402,자전거 타기
8983,김건우,61,고양 기흥구123-45,010-8682-7636,카페 투어
8984,이하은,37,인천 남구123-45,010-5314-5860,요리
8985,한은우,68,고양 강남구123-45,010-6970-4169,드로잉
8986,오지원,21,평택 흥덕구123-45,010-9305-5251,수영
8987,서도윤,59,천안 일산동구123-45,010-3356-2304,보드게임
8988,서은우,54,제주 덕진구123-45,010-6633-1800,일기 쓰기
8989,한수빈,61,전주 신제주123-45,010-3941-1897,독서
8990,박시우,30,성남 송파구123-45,010-8591-3556,여행
8991,최태윤,58,화성 흥덕구123-45,010-4947-5445,운동
8992,윤소율,34,청주 서구123-45,010-8832-2719,카페 투어
8993,서지원,62,울산 남구123-45,010-9962-4878,게임
8994,이시우,74,화성 팔달구123-45,010-3848-9971,카페 투어
8995,박서준,20,세종 동구123-45,010-2887-9420,요리
8996,정소율,23,부산 서북구123-45,010-7685-7105,일기 쓰기
8997,장지원,39,서울 동구123-45,010-7647-4688,웹서핑
8998,강건우,55,전주 수성구123-45,010-9420-8353,요리
8999,이예린,74,남양주 팔달구123-45,010-6440-1787,영화감상
9000,임서준,74,울산 일산동구123-45,010-9106-4717,뜨개질
9001,박서연,24,대전 흥덕구123-45,010-8446-5406,독서
9002,조유진,70,성남 남구123-45,010-2252-4062,유튜브 보기
9003,박수빈,36,성남 성북구123-45,010-8006-3146,일기 쓰기
9004,이시우,27,청주 동구123-45,010-6070-1748,보드게임
9005,박지안,61,청주 중구123-45,010-7638-2385,카페 투어
9006,한태윤,55,인천 달서구123-45,010-2886-9194,수영
9007,최지원,73,천안 유성구123-45,010-2514-4835,카페 투어
9008,강도윤,42,김해 서구123-45,010-4921-3966,카페 투어
9009,강소율,49,대전 수성구123-45,010-4871-7409,보드게임
9010,강예은,26,수원 기흥구123-45,010-9931-9116,등산
9011,김하은,34,화성 분당구123-45,010-4026-5620,웹서핑
9012,임예린,43,창원 성북구123-45,010-5530-6571,일기 쓰기
9013,김지안,66,부산 기흥구123-45,010-8088-8070,음악감상
9014,임소율,70,부산 유성구123-45,010-5828-2397,카페 투어
9015,윤하은,68,울산 서구123-45,010-4671-3847,여행
9016,박수빈,41,화성 분당구123-45,010-5675-2499,등산
9017,한지후,50,포항 덕양구123-45,010-5835-8392,카페 투어
9018,한예은,64,세종 기흥구123-45,010-7615-5877,일기 쓰기
9019,강시우,77,광주 달서구123-45,010-1642-5290,음악감상
9020,장하윤,25,천안 장유동123-45,010-5659-5494,음악감상
9021,한시우,66,세종 서북구123-45,010-3255-3670,웹서핑
9022,한서연,77,고양 성동구123-45,010-3934-7132,음악감상
9023,오도윤,29,창원 서북구123-45,010-5497-6998,요리
9024,최하은,31,광주 해운대구123-45,010-1154-9731,뜨개질
9025,서예은,69,고양 팔달구123-45,010-4789-1705,여행
9026,최하윤,23,제주 덕진구123-45,010-3951-9474,여행
9027,정지후,74,인천 유성구123-45,010-1630-3754,유튜브 보기
9028,오예린,63,안양 신제주123-45,010-4433-3891,사진촬영
9029,오하윤,53,전주 유성구123-45,010-7011-2265,카페 투어
9030,신서연,62,평택 흥덕구123-45,010-5740-1719,카페 투어
9031,장유진,39,광주 팔달구123-45,010-7496-2848,유튜브 보기
9032,임태윤,49,안산 팔달구123-45,010-3294-3926,등산
9033,조하은,20,남양주 북구123-45,010-2562-5390,게임
9034,윤예은,32,고양 유성구123-45,010-3436-3882,독서
9035,최예은,35,안산 북구123-45,010-8918-6766,웹서핑
9036,서예은,76,인천 송파구123-45,010-1442-6220,영화감상
9037,최지안,47,화성 성북구123-45,010-3914-6320,뜨개질
9038,강시우,79,광주 유성구123-45,010-5238-8556,운동
9039,윤소율,51,부산 서구123-45,010-5786-9269,음악감상
9040,장소율,46,청주 동구123-45,010-5109-4196,운동
9041,김시우,58,평택 장유동123-45,010-7371-3798,여행
9042,한지후,56,광주 팔달구123-45,010-3180-4229,운동
9043,김민수,59,안양 중구123-45,010-8819-7621,드로잉
9044,한하윤,33,천안 유성구123-45,010-6896-3784,운동
9045,임시우,49,창원 일산동구123-45,010-2070-2610,드로잉
9046,정지원,31,서울 팔달구123-45,010-5197-5965,영화감상
9047,장유진,26,포항 강서구123-45,010-9337-5822,사진촬영
9048,장지민,73,전주 흥덕구123-45,010-7001-6110,사진촬영
9049,최예은,36,고양 수성구123-45,010-5281-9202,드로잉
9050,장유진,32,창원 동구123-45,010-1217-3491,등산
9051,오하은,78,제주 송파구123-45,010-6260-8839,웹서핑
9052,김예린,68,세종 해운대구123-45,010-4922-3575,등산
9053,장민수,62,인천 서북구123-45,010-4038-2599,뜨개질
9054,박지원,39,청주 강남구123-45,010-6072-4113,운동
9055,신도윤,49,전주 팔달구123-45,010-1036-3914,보드게임
9056,서현우,25,고양 남구123-45,010-4521-1779,수영
9057,윤소율,48,창원 송파구123-45,010-4507-8489,여행
9058,서건우,51,대전 성북구123-45,010-3658-7797,등산
9059,조하은,36,용인 덕양구123-45,010-2017-6253,운동
9060,장예은,39,안산 덕진구123-45,010-5728-5897,운동
9061,조민수,26,창원 북구123-45,010-8922-4599,웹서핑
9062,서은우,21,평택 중구123-45,010-6703-2552,수영
9063,최하윤,79,포항 흥덕구123-45,010-7851-4337,일기 쓰기
9064,김지후,55,남양주 성북구123-45,010-7070-8003,등산
9065,한예린,24,김해 강서구123-45,010-5882-2395,사진촬영
9066,장태윤,49,청주 성동구123-45,010-2768-1122,등산
9067,조시우,30,창원 해운대구123-45,010-6787-8846,보드게임
9068,장시우,29,제주 진해구123-45,010-8906-2975,일기 쓰기
9069,오도윤,22,대전 북구123-45,010-4515-5307,웹서핑
9070,한지안,75,고양 남구123-45,010-8243-8218,게임
9071,이지원,21,수원 덕진구123-45,010-6903-3731,보드게임
9072,박은우,57,평택 장유동123-45,010-4430-4662,영화감상
9073,한은우,43,용인 신제주123-45,010-2852-4808,자전거 타기
9074,최예은,59,안산 팔달구123-45,010-4657-1826,영화감상
9075,임도윤,55,포항 일산동구123-45,010-9112-3450,뜨개질
9076,조서연,74,대전 분당구123-45,010-3433-6648,독서
9077,오소율,49,안양 흥덕구123-45,010-1455-8802,등산
9078,임유진,76,성남 북구123-45,010-6299-2664,여행
9079,조시우,65,인천 달서구123-45,010-3927-5425,음악감상
9080,신소율,30,부산 성동구123-45,010-2771-6020,운동
9081,장수빈,34,제주 장유동123-45,010-2019-4232,수영
9082,이민수,76,청주 덕진구123-45,010-4823-5421,등산
9083,최서연,35,화성 진해구123-45,010-4922-8049,영화감상
9084,윤하윤,79,천안 분당구123-45,010-6900-6604,드로잉
9085,김유진,51,청주 서북구123-45,010-8768-6012,자전거 타기
9086,정지안,53,인천 흥덕구123-45,010-2023-5057,게임
9087,신지원,65,서울 강남구123-45,010-3043-3522,일기 쓰기
9088,김도윤,30,부산 중구123-45,010-4108-6726,운동
9089,윤건우,23,인천 중구123-45,010-5830-8788,음악감상
9090,박소율,56,제주 장유동123-45,010-8681-3268,여행
9091,장소율,35,포항 덕양구123-45,010-6528-6243,수영
9092,김태윤,71,천안 해운대구123-45,010-8283-5683,여행
9093,박현우,36,남양주 유성구123-45,010-1093-4249,뜨개질
9094,임시우,61,전주 기흥구123-45,010-6487-2717,보드게임
9095,정건우,32,남양주 장유동123-45,010-4219-7118,독서
9096,신지안,50,평택 달서구123-45,010-2377-8811,드로잉
9097,박현우,52,부산 동구123-45,010-9350-9515,음악감상
9098,장현우,79,대구 분당구123-45,010-5960-6342,드로잉
9099,한도윤,37,평택 분당구123-45,010-7323-7017,사진촬영
9100,김서준,74,제주 강남구123-45,010-3943-5110,등산
9101,임시우,68,창원 북구123-45,010-8687-5978,보드게임
9102,정지원,23,성남 북구123-45,010-7915-9045,카페 투어
9103,임수빈,50,안양 해운대구123-45,010-8343-7085,수영
9104,강건우,32,대전 서북구123-45,010-8595-1156,뜨개질
9105,임건우,28,서울 진해구123-45,010-8561-2997,자전거 타기
9106,윤은우,42,포항 달서구123-45,010-8538-6003,뜨개질
9107,윤도윤,31,천안 덕진구123-45,010-7385-6202,뜨개질
9108,최은우,72,평택 성북구123-45,010-7318-1956,여행
9109,정서연,36,안산 강남구123-45,010-2957-3741,일기 쓰기
9110,강은우,34,창원 달서구123-45,010-5844-2360,웹서핑
9111,정태윤,28,광주 성동구123-45,010-3152-4216,드로잉
9112,장지후,38,창원 서북구123-45,010-1929-9559,유튜브 보기
9113,장서준,60,부산 서북구123-45,010-7529-4043,독서
9114,이지원,67,대전 신제주123-45,010-2913-6763,사진촬영
9115,임유진,76,성남 남구123-45,010-2644-7014,게임
9116,신지후,74,세종 덕양구123-45,010-2538-6445,자전거 타기
9117,서예린,63,서울 장유동123-45,010-1927-9004,여행
9118,김유진,75,제주 진해구123-45,010-3961-7598,음악감상
9119,임도윤,33,전주 달서구123-45,010-8229-6686,보드게임
9120,장지원,63,대전 덕양구123-45,010-8163-8134,자전거 타기
9121,최은우,54,성남 일산동구123-45,010-5469-9235,카페 투어
9122,임서연,60,광주 기흥구123-45,010-6732-8983,유튜브 보기
9123,한서연,33,서울 흥덕구123-45,010-2875-7822,카페 투어
9124,신하윤,63,광주 서구123-45,010-5578-9882,사진촬영
9125,윤소율,37,포항 덕진구123-45,010-7237-5311,일기 쓰기
9126,김예린,24,전주 서북구123-45,010-4338-9543,보드게임
9127,최시우,25,수원 강남구123-45,010-4847-9519,음악감상
9128,강지후,48,광주 북구123-45,010-9697-4680,드로잉
9129,오시우,52,대전 남구123-45,010-6446-3847,뜨개질
9130,임서준,77,대전 성북구123-45,010-6492-5638,음악감상
9131,박지원,21,포항 장유동123-45,010-4007-8609,독서
9132,조소율,55,용인 달서구123-45,010-1263-4489,독서
9133,이수빈,23,울산 강남구123-45,010-4143-9892,게임
9134,박시우,36,창원 일산동구123-45,010-7432-6131,사진촬영
9135,윤도윤,44,안양 진해구123-45,010-3588-2891,드로잉
9136,신유진,48,용인 송파구123-45,010-2084-9309,카페 투어
9137,오하윤,29,부산 성동구123-45,010-6442-1766,영화감상
9138,장지후,28,제주 신제주123-45,010-8303-2856,수영
9139,장시우,27,제주 기흥구123-45,010-6118-8439,게임
9140,한수빈,26,인천 남구123-45,010-5568-2108,일기 쓰기
9141,윤지민,28,세종 강서구123-45,010-9054-9525,게임
9142,신하은,31,평택 성동구123-45,010-9546-9147,웹서핑
9143,최현우,35,김해 장유동123-45,010-6958-8827,일기 쓰기
9144,신지후,63,광주 해운대구123-45,010-6955-2822,사진촬영
9145,윤수빈,70,세종 팔달구123-45,010-9523-3729,보드게임
9146,서예은,39,평택 중구123-45,010-1199-2613,사진촬영
9147,박하은,38,부산 성북구123-45,010-2602-4064,독서
9148,윤민수,69,남양주 송파구123-45,010-5853-1426,보드게임
9149,조현우,48,고양 수성구123-45,010-7225-6673,등산
9150,김유진,61,울산 송파구123-45,010-5368-4294,운동
9151,조지원,20,제주 송파구123-45,010-1076-2734,게임
9152,강은우,29,전주 수성구123-45,010-7630-6866,뜨개질
9153,장소율,45,대전 분당구123-45,010-9136-2391,여행
9154,조수빈,65,화성 신제주123-45,010-9291-2038,음악감상
9155,오지안,47,청주 흥덕구123-45,010-5771-6084,일기 쓰기
9156,박유진,23,포항 송파구123-45,010-3326-2052,뜨개질
9157,박수빈,47,청주 일산동구123-45,010-6064-8649,카페 투어
9158,오소율,39,용인 강서구123-45,010-5970-9124,유튜브 보기
9159,박서준,22,제주 동구123-45,010-3910-3404,여행
9160,최수빈,66,김해 서구123-45,010-7741-2937,자전거 타기
9161,김서연,48,남양주 강남구123-45,010-2881-7487,자전거 타기
9162,한예은,58,광주 송파구123-45,010-1076-3106,수영
9163,강지안,48,수원 유성구123-45,010-2551-8716,여행
9164,최수빈,40,용인 해운대구123-45,010-6579-8440,음악감상
9165,신유진,73,고양 강남구123-45,010-5596-3147,요리
9166,강하윤,24,고양 서북구123-45,010-6040-1038,보드게임
9167,임유진,70,창원 덕진구123-45,010-1581-1013,사진촬영
9168,최예린,51,화성 팔달구123-45,010-2840-6219,독서
9169,최서준,46,전주 흥덕구123-45,010-7975-5908,보드게임
9170,박도윤,35,성남 남구123-45,010-3200-8713,유튜브 보기
9171,이지후,36,화성 성북구123-45,010-8488-7791,보드게임
9172,최현우,20,창원 신제주123-45,010-1357-8664,사진촬영
9173,박태윤,23,울산 송파구123-45,010-1691-3249,드로잉
9174,김예린,40,창원 장유동123-45,010-7651-9123,등산
9175,정서준,49,성남 중구123-45,010-5592-2818,일기 쓰기
9176,정도윤,51,안산 진해구123-45,010-2328-1440,웹서핑
9177,박유진,28,고양 북구123-45,010-4713-4155,뜨개질
9178,정예린,59,평택 진해구123-45,010-5393-6067,요리
9179,한서연,47,안양 성북구123-45,010-7277-9062,음악감상
9180,장시우,72,세종 신제주123-45,010-5251-7179,자전거 타기
9181,윤수빈,20,남양주 서구123-45,010-3375-3114,유튜브 보기
9182,박시우,79,부산 유성구123-45,010-5490-1779,보드게임
9183,김지원,52,남양주 동구123-45,010-8527-4762,카페 투어
9184,정서준,54,성남 신제주123-45,010-4988-7017,수영
9185,박현우,72,안양 덕양구123-45,010-7079-7118,자전거 타기
9186,강서연,34,광주 해운대구123-45,010-7302-4529,요리
9187,오은우,25,광주 팔달구123-45,010-8694-5127,독서
9188,서예은,27,전주 일산동구123-45,010-7237-6826,보드게임
9189,조수빈,72,전주 서구123-45,010-9056-3590,드로잉
9190,정서준,70,안산 서구123-45,010-4861-5558,사진촬영
9191,윤현우,30,대구 강서구123-45,010-9658-5101,뜨개질
9192,최도윤,61,대구 진해구123-45,010-7989-1213,수영
9193,한지민,48,김해 중구123-45,010-1137-6532,유튜브 보기
9194,장민수,32,화성 강남구123-45,010-1192-8610,카페 투어
9195,조지안,23,대전 중구123-45,010-8667-2436,독서
9196,최서준,37,세종 장유동123-45,010-1139-3060,카페 투어
9197,신민수,64,제주 신제주123-45,010-9756-1374,드로잉
9198,김서연,48,울산 덕양구123-45,010-9453-6164,수영
9199,임지원,76,포항 기흥구123-45,010-1569-8779,독서
9200,최지안,66,청주 북구123-45,010-1113-2445,영화감상
9201,박예린,51,세종 신제주123-45,010-9872-4053,게임
9202,장건우,69,성남 분당구123-45,010-5405-9670,등산
9203,오서준,20,수원 분당구123-45,010-1509-2588,게임
9204,오건우,78,고양 유성구123-45,010-8702-7720,자전거 타기
9205,이시우,55,대구 동구123-45,010-1349-1241,영화감상
9206,윤태윤,61,평택 기흥구123-45,010-9105-9614,일기 쓰기
9207,신은우,28,제주 팔달구123-45,010-7997-5053,운동
9208,강건우,79,제주 수성구123-45,010-2762-1207,운동
9209,강소율,54,세종 신제주123-45,010-4579-3649,자전거 타기
9210,이유진,22,세종 일산동구123-45,010-8975-6453,웹서핑
9211,임수빈,68,안양 수성구123-45,010-4379-2335,게임
9212,김민수,47,청주 수성구123-45,010-5749-1497,등산
9213,신시우,57,전주 중구123-45,010-1858-8191,게임
9214,정건우,33,창원 수성구123-45,010-7505-1611,자전거 타기
9215,박서연,76,포항 팔달구123-45,010-2829-7866,운동
9216,이소율,28,안산 성북구123-45,010-2719-6917,일기 쓰기
9217,서은우,31,제주 진해구123-45,010-8242-3745,영화감상
9218,서수빈,50,대전 신제주123-45,010-9013-2552,뜨개질
9219,정하은,52,고양 장유동123-45,010-8357-3278,요리
9220,이도윤,38,고양 강서구123-45,010-1792-7764,영화감상
9221,장소율,78,인천 덕양구123-45,010-9691-9000,뜨개질
9222,오소율,65,세종 일산동구123-45,010-4189-8707,사진촬영
9223,김서연,67,창원 성북구123-45,010-4034-6474,영화감상
9224,장예은,39,서울 신제주123-45,010-7152-6838,카페 투어
9225,이건우,76,고양 신제주123-45,010-3693-5076,자전거 타기
9226,신소율,22,남양주 성동구123-45,010-6784-2478,영화감상
9227,조지민,66,포항 덕진구123-45,010-6835-6095,독서
9228,장유진,78,세종 덕진구123-45,010-2888-1443,독서
9229,강지원,54,평택 진해구123-45,010-1105-9365,독서
9230,정소율,72,제주 흥덕구123-45,010-5381-8303,독서
9231,윤수빈,33,안산 기흥구123-45,010-3498-9053,독서
9232,최지민,42,울산 북구123-45,010-5846-7850,일기 쓰기
9233,정지후,52,광주 북구123-45,010-5613-6762,뜨개질
9234,최서연,28,울산 송파구123-45,010-5166-6591,영화감상
9235,박수빈,48,전주 진해구123-45,010-3126-2692,드로잉
9236,장시우,72,화성 중구123-45,010-3779-3373,일기 쓰기
9237,이지안,62,고양 수성구123-45,010-4738-1133,보드게임
9238,한서준,58,부산 진해구123-45,010-7386-2485,수영
9239,김서연,39,세종 성동구123-45,010-4423-1628,수영
9240,임서연,44,전주 팔달구123-45,010-4968-8754,웹서핑
9241,윤지안,52,김해 팔달구123-45,010-2601-3076,웹서핑
9242,최하은,74,창원 장유동123-45,010-8657-4635,자전거 타기
9243,최현우,57,세종 동구123-45,010-2157-2749,운동
9244,장서준,61,전주 팔달구123-45,010-4059-5778,등산
9245,임서연,45,대구 수성구123-45,010-8384-5464,여행
9246,박서연,51,안산 진해구123-45,010-4891-4655,요리
9247,한지원,56,대전 장유동123-45,010-7696-1374,운동
9248,신지안,33,포항 덕진구123-45,010-6534-7429,웹서핑
9249,임서준,50,울산 수성구123-45,010-6105-2136,보드게임
9250,최건우,47,인천 분당구123-45,010-2136-9203,게임
9251,김서준,66,김해 남구123-45,010-1472-4632,사진촬영
9252,강지안,58,창원 덕양구123-45,010-1704-8962,독서
9253,강예은,71,대전 기흥구123-45,010-7914-8438,자전거 타기
9254,한지안,32,포항 강남구123-45,010-8968-2133,일기 쓰기
9255,이예은,36,안산 강서구123-45,010-4285-9083,독서
9256,임하은,77,김해 진해구123-45,010-7712-9139,자전거 타기
9257,김수빈,20,대전 중구123-45,010-4725-1448,요리
9258,오지후,35,창원 북구123-45,010-8100-6805,게임
9259,박지민,22,안양 팔달구123-45,010-2767-8327,보드게임
9260,서수빈,42,안산 중구123-45,010-5304-1918,요리
9261,정도윤,77,창원 신제주123-45,010-3353-6752,게임
9262,강민수,60,광주 신제주123-45,010-5306-5085,여행
9263,신지원,63,안산 송파구123-45,010-4079-9164,요리
9264,이서연,53,천안 북구123-45,010-7287-5300,사진촬영
9265,장지원,65,대전 수성구123-45,010-9910-5900,독서
9266,오지원,47,천안 성북구123-45,010-8195-6804,드로잉
9267,서하은,24,수원 흥덕구123-45,010-1051-9665,유튜브 보기
9268,최수빈,42,포항 남구123-45,010-7069-8717,사진촬영
9269,김예은,78,천안 신제주123-45,010-5340-7716,독서
9270,조건우,39,용인 신제주123-45,010-4976-4065,자전거 타기
9271,최하윤,46,청주 달서구123-45,010-3812-5639,요리
9272,한하윤,72,김해 해운대구123-45,010-5658-4409,등산
9273,정민수,38,세종 해운대구123-45,010-7723-3994,음악감상
9274,정지원,34,안양 서북구123-45,010-1151-7941,일기 쓰기
9275,조시우,75,울산 성동구123-45,010-9555-2862,영화감상
9276,장지원,72,청주 덕진구123-45,010-9126-6815,자전거 타기
9277,오소율,70,용인 강남구123-45,010-1667-4797,드로잉
9278,박지안,30,성남 중구123-45,010-5898-6008,수영
9279,장지원,51,화성 유성구123-45,010-5071-9918,드로잉
9280,오지안,26,세종 수성구123-45,010-4145-6880,수영
9281,이지안,25,김해 성동구123-45,010-3148-9620,자전거 타기
9282,이예린,64,천안 강남구123-45,010-1383-4810,사진촬영
9283,오지원,40,대전 수성구123-45,010-5287-1055,자전거 타기
9284,조유진,58,안산 강서구123-45,010-3683-2284,여행
9285,신예은,69,평택 분당구123-45,010-6206-2768,카페 투어
9286,오민수,63,용인 팔달구123-45,010-1144-4698,일기 쓰기
9287,김서준,57,성남 수성구123-45,010-7125-1560,여행
9288,정예은,20,세종 달서구123-45,010-9612-8979,여행
9289,서건우,76,대전 동구123-45,010-3481-5513,카페 투어
9290,정태윤,37,전주 덕진구123-45,010-1852-7689,수영
9291,장지후,25,남양주 중구123-45,010-2176-1691,운동
9292,한소율,75,안산 강서구123-45,010-8332-5349,운동
9293,정예린,79,인천 진해구123-45,010-9981-9862,자전거 타기
9294,서서연,64,대전 흥덕구123-45,010-5938-7072,게임
9295,오지후,69,포항 분당구123-45,010-2559-4206,음악감상
9296,장현우,57,포항 팔달구123-45,010-5380-5354,여행
9297,조민수,46,평택 해운대구123-45,010-1475-5561,웹서핑
9298,박지원,21,김해 해운대구123-45,010-2204-5405,영화감상
9299,오하윤,25,세종 수성구123-45,010-3532-6370,운동
9300,신현우,40,청주 기흥구123-45,010-3050-9849,요리
9301,임서준,41,남양주 북구123-45,010-5633-9624,사진촬영
9302,서민수,28,김해 해운대구123-45,010-5049-9448,유튜브 보기
9303,서서준,56,남양주 강남구123-45,010-8646-9646,자전거 타기
9304,윤현우,77,부산 유성구123-45,010-4079-1267,유튜브 보기
9305,한하윤,20,부산 분당구123-45,010-4424-4036,독서
9306,정지후,37,대전 해운대구123-45,010-3705-2467,게임
9307,박서준,32,고양 북구123-45,010-5285-9308,사진촬영
9308,오수빈,43,울산 서북구123-45,010-2196-5472,음악감상
9309,박예린,78,서울 북구123-45,010-2185-4517,뜨개질
9310,윤수빈,44,남양주 신제주123-45,010-4700-7228,여행
9311,김서연,35,안양 서북구123-45,010-3201-8058,드로잉
9312,신건우,76,광주 서북구123-45,010-1263-9368,등산
9313,임도윤,40,고양 수성구123-45,010-2547-3291,보드게임
9314,김현우,32,평택 성동구123-45,010-3466-8237,음악감상
9315,김하윤,34,남양주 유성구123-45,010-4978-8873,영화감상
9316,이지후,38,성남 중구123-45,010-1210-4059,일기 쓰기
9317,서시우,26,청주 진해구123-45,010-1277-5086,요리
9318,정하윤,38,인천 팔달구123-45,010-1196-5732,보드게임
9319,박하은,33,대전 덕진구123-45,010-9264-3465,보드게임
9320,조수빈,54,서울 장유동123-45,010-6332-4688,음악감상
9321,오현우,20,김해 일산동구123-45,010-2441-6597,유튜브 보기
9322,서민수,26,부산 진해구123-45,010-2752-3457,뜨개질
9323,조은우,32,용인 신제주123-45,010-7540-8282,웹서핑
9324,강서준,72,세종 신제주123-45,010-2220-6832,음악감상
9325,한지민,70,부산 일산동구123-45,010-2934-4793,웹서핑
9326,정소율,56,인천 성동구123-45,010-3991-2894,뜨개질
9327,조하은,59,포항 일산동구123-45,010-4652-7276,카페 투어
9328,김서준,68,울산 장유동123-45,010-5836-3107,등산
9329,오지민,63,광주 강남구123-45,010-9788-9842,뜨개질
9330,장지원,28,부산 덕양구123-45,010-7673-6489,운동
9331,임서연,57,고양 수성구123-45,010-1513-9134,영화감상
9332,한지원,38,천안 기흥구123-45,010-3203-1865,보드게임
9333,정지원,29,수원 달서구123-45,010-5562-5184,보드게임
9334,윤예린,25,인천 남구123-45,010-3623-4732,웹서핑
9335,강은우,27,성남 성동구123-45,010-6636-2281,게임
9336,신서준,57,안양 남구123-45,010-9177-6658,웹서핑
9337,조민수,22,포항 진해구123-45,010-4186-4763,영화감상
9338,신서준,49,평택 분당구123-45,010-1495-7077,카페 투어
9339,장도윤,57,김해 서북구123-45,010-6595-5645,요리
9340,임서연,34,청주 덕진구123-45,010-1214-5845,등산
9341,한태윤,35,서울 흥덕구123-45,010-6651-5490,일기 쓰기
9342,이서준,50,남양주 덕양구123-45,010-6315-5949,등산
9343,정태윤,75,울산 강서구123-45,010-7800-5658,뜨개질
9344,최서연,25,청주 성북구123-45,010-9370-9988,영화감상
9345,박예린,43,광주 중구123-45,010-9317-5246,게임
9346,장시우,45,청주 수성구123-45,010-1865-5579,운동
9347,한지후,21,대구 강서구123-45,010-8793-5184,자전거 타기
9348,강지원,30,천안 중구123-45,010-5765-6149,웹서핑
9349,신은우,28,부산 덕양구123-45,010-4609-1488,운동
9350,임서연,42,창원 서구123-45,010-2603-6097,웹서핑
9351,임서연,34,안양 달서구123-45,010-7416-6662,웹서핑
9352,임도윤,77,남양주 해운대구123-45,010-9352-9361,일기 쓰기
9353,박예린,48,김해 성북구123-45,010-1549-5565,여행
9354,임소율,36,제주 흥덕구123-45,010-7512-3973,웹서핑
9355,신건우,51,청주 일산동구123-45,010-6572-1966,보드게임
9356,조수빈,41,제주 북구123-45,010-1681-4696,일기 쓰기
9357,김현우,72,청주 강남구123-45,010-5226-4640,뜨개질
9358,박현우,52,광주 서북구123-45,010-1944-3112,자전거 타기
9359,윤시우,56,성남 남구123-45,010-7069-4470,보드게임
9360,한지원,43,서울 북구123-45,010-7905-8425,게임
9361,조지민,20,김해 덕양구123-45,010-4560-8072,요리
9362,윤하은,23,청주 동구123-45,010-3314-5154,여행
9363,강태윤,25,포항 신제주123-45,010-6475-9823,게임
9364,오서준,43,대구 강남구123-45,010-1704-1093,수영
9365,조수빈,64,창원 진해구123-45,010-7608-4260,카페 투어
9366,박민수,63,고양 북구123-45,010-9640-3011,뜨개질
9367,이도윤,42,평택 중구123-45,010-3493-8872,독서
9368,장수빈,37,안양 팔달구123-45,010-8663-9213,사진촬영
9369,장서연,44,김해 강남구123-45,010-6952-7037,웹서핑
9370,장지안,24,대구 분당구123-45,010-8537-5331,보드게임
9371,조은우,46,청주 성동구123-45,010-7661-1739,영화감상
9372,조소율,69,울산 강남구123-45,010-5428-3031,뜨개질
9373,한소율,59,대전 서북구123-45,010-8546-6043,영화감상
9374,최은우,56,창원 남구123-45,010-4917-6265,여행
9375,정태윤,59,안양 기흥구123-45,010-6578-4278,여행
9376,김은우,54,고양 신제주123-45,010-3945-3835,운동
9377,정민수,50,안산 서구123-45,010-5404-1582,게임
9378,정하은,49,성남 서북구123-45,010-2292-7398,음악감상
9379,이태윤,59,평택 해운대구123-45,010-4445-3082,수영
9380,오도윤,26,광주 서북구123-45,010-8293-1115,드로잉
9381,김서연,73,안산 유성구123-45,010-9680-8301,게임
9382,장서연,21,서울 수성구123-45,010-8543-9890,뜨개질
9383,강지후,23,전주 신제주123-45,010-4060-9479,카페 투어
9384,서예린,43,세종 신제주123-45,010-6383-5861,수영
9385,강민수,56,천안 남구123-45,010-3285-3978,뜨개질
9386,최은우,66,성남 해운대구123-45,010-9612-4333,독서
9387,이지원,39,고양 팔달구123-45,010-1752-2301,유튜브 보기
9388,신지민,58,대구 유성구123-45,010-9193-3035,웹서핑
9389,정하은,43,성남 팔달구123-45,010-5267-7731,카페 투어
9390,박태윤,61,고양 서구123-45,010-5508-2823,음악감상
9391,김지안,70,평택 기흥구123-45,010-6521-8884,자전거 타기
9392,김지안,51,울산 장유동123-45,010-2530-7403,드로잉
9393,정은우,45,성남 서북구123-45,010-6273-4345,드로잉
9394,이하은,73,광주 덕진구123-45,010-3839-8727,음악감상
9395,조예린,50,대구 유성구123-45,010-6128-6763,일기 쓰기
9396,김하윤,73,인천 수성구123-45,010-3570-8398,뜨개질
9397,장서연,36,안산 진해구123-45,010-8481-8412,사진촬영
9398,강수빈,28,용인 성북구123-45,010-7582-8383,음악감상
9399,장지안,41,세종 수성구123-45,010-7467-6515,카페 투어
9400,신소율,26,포항 수성구123-45,010-1785-1491,여행
9401,서지원,66,세종 북구123-45,010-6202-5955,여행
9402,김현우,32,세종 성동구123-45,010-1007-3861,웹서핑
9403,신민수,76,안산 성북구123-45,010-4500-1684,운동
9404,박태윤,52,안양 해운대구123-45,010-9015-1124,운동
9405,강예린,64,대전 강서구123-45,010-7812-1272,음악감상
9406,최서연,34,포항 덕진구123-45,010-2988-9738,수영
9407,정도윤,79,울산 남구123-45,010-2017-1550,음악감상
9408,강서준,76,고양 흥덕구123-45,010-2932-4007,수영
9409,김태윤,69,화성 강남구123-45,010-2287-5393,수영
9410,조지후,70,인천 덕양구123-45,010-7227-2325,영화감상
9411,이유진,45,화성 북구123-45,010-3412-6665,드로잉
9412,조민수,58,제주 달서구123-45,010-2272-4589,자전거 타기
9413,조지원,67,수원 장유동123-45,010-1667-2623,뜨개질
9414,서태윤,60,안양 일산동구123-45,010-6030-9672,등산
9415,오수빈,76,대전 북구123-45,010-4907-3780,뜨개질
9416,조하윤,29,안양 강서구123-45,010-3139-4750,보드게임
9417,최예린,52,천안 송파구123-45,010-4361-8466,여행
9418,박지안,79,김해 덕진구123-45,010-5764-6097,운동
9419,장민수,78,대구 덕진구123-45,010-7792-6921,음악감상
9420,오지안,27,성남 송파구123-45,010-6701-2714,유튜브 보기
9421,신태윤,49,천안 북구123-45,010-8071-5930,카페 투어
9422,박수빈,29,평택 진해구123-45,010-2397-2889,독서
9423,박시우,64,울산 덕진구123-45,010-5490-6614,영화감상
9424,박예린,54,김해 유성구123-45,010-1191-1600,영화감상
9425,서서연,42,포항 중구123-45,010-5870-8526,독서
9426,한하윤,24,서울 덕진구123-45,010-2728-9072,요리
9427,임시우,42,서울 유성구123-45,010-2953-9820,음악감상
9428,장도윤,23,창원 북구123-45,010-2975-4106,보드게임
9429,박예은,27,인천 동구123-45,010-1663-9504,등산
9430,조지원,49,김해 성북구123-45,010-3159-1174,카페 투어
9431,조서준,55,창원 남구123-45,010-9501-8307,웹서핑
9432,한은우,38,제주 강남구123-45,010-6486-5590,게임
9433,조서연,20,고양 북구123-45,010-4416-3078,뜨개질
9434,이도윤,28,서울 성북구123-45,010-5153-4227,운동
9435,강건우,41,제주 신제주123-45,010-6054-3810,드로잉
9436,장지민,35,울산 팔달구123-45,010-7989-4221,카페 투어
9437,박태윤,56,평택 흥덕구123-45,010-3699-4273,요리
9438,조건우,44,평택 진해구123-45,010-3006-8230,운동
9439,박태윤,74,인천 달서구123-45,010-3060-1570,게임
9440,서유진,37,화성 강서구123-45,010-5578-5599,등산
9441,이지후,72,남양주 유성구123-45,010-5678-2776,일기 쓰기
9442,이하은,47,고양 덕양구123-45,010-4382-9920,드로잉
9443,정지후,63,세종 장유동123-45,010-5639-2028,드로잉
9444,장지민,22,대전 중구123-45,010-8183-9131,게임
9445,오태윤,24,성남 장유동123-45,010-3587-3317,운동
9446,신시우,47,안양 강남구123-45,010-4010-3073,여행
9447,장하윤,20,창원 해운대구123-45,010-6671-5894,수영
9448,장예은,44,화성 중구123-45,010-2099-3659,수영
9449,강지원,60,대구 동구123-45,010-7257-2590,사진촬영
9450,서소율,33,용인 중구123-45,010-1680-6897,운동
9451,정민수,57,창원 송파구123-45,010-3404-5152,게임
9452,한민수,68,전주 일산동구123-45,010-8918-5293,자전거 타기
9453,오예은,56,인천 동구123-45,010-1351-3333,드로잉
9454,강지안,49,포항 동구123-45,010-4089-1640,여행
9455,한지안,38,전주 덕양구123-45,010-3919-4988,등산
9456,이건우,69,세종 해운대구123-45,010-9599-6650,웹서핑
9457,강하윤,79,수원 신제주123-45,010-2599-9944,요리
9458,박하은,63,포항 분당구123-45,010-5693-1285,보드게임
9459,정유진,62,성남 장유동123-45,010-5894-8320,운동
9460,신예린,29,수원 달서구123-45,010-8168-1314,보드게임
9461,이하윤,39,울산 중구123-45,010-1864-5863,게임
9462,박지민,38,안양 팔달구123-45,010-2085-6018,일기 쓰기
9463,박은우,26,대전 흥덕구123-45,010-3074-9342,영화감상
9464,조예은,38,성남 흥덕구123-45,010-7248-4373,여행
9465,서건우,50,세종 분당구123-45,010-1538-1804,운동
9466,이시우,27,광주 기흥구123-45,010-2919-7293,뜨개질
9467,서소율,70,울산 서북구123-45,010-9036-8980,자전거 타기
9468,서서연,50,안양 강남구123-45,010-5527-4882,여행
9469,정하은,45,대구 성북구123-45,010-1917-1141,사진촬영
9470,신하윤,42,김해 동구123-45,010-1685-5838,일기 쓰기
9471,장지원,62,남양주 분당구123-45,010-8954-5898,카페 투어
9472,한민수,75,전주 성동구123-45,010-6061-6939,여행
9473,오지민,59,수원 장유동123-45,010-3289-1060,게임
9474,서서연,55,용인 기흥구123-45,010-8469-9815,수영
9475,신지안,70,인천 송파구123-45,010-4606-5498,웹서핑
9476,최지후,45,수원 서구123-45,010-7970-6606,사진촬영
9477,한하윤,74,제주 남구123-45,010-6382-8711,자전거 타기
9478,장시우,58,서울 서북구123-45,010-8193-6423,카페 투어
9479,윤지원,53,세종 신제주123-45,010-2831-7683,보드게임
9480,임유진,50,안산 수성구123-45,010-8975-4148,수영
9481,김지민,28,성남 장유동123-45,010-8684-1983,독서
9482,임시우,55,성남 성북구123-45,010-5608-5061,요리
9483,신수빈,52,부산 서북구123-45,010-9068-1092,운동
9484,정하윤,33,전주 분당구123-45,010-6090-8404,보드게임
9485,최예린,62,전주 남구123-45,010-3052-1499,웹서핑
9486,서태윤,69,서울 성동구123-45,010-4066-8938,영화감상
9487,장시우,75,성남 달서구123-45,010-6823-8102,드로잉
9488,신현우,37,평택 기흥구123-45,010-3236-2880,수영
9489,조소율,52,남양주 덕양구123-45,010-2172-6925,드로잉
9490,오현우,25,안산 달서구123-45,010-6214-4926,사진촬영
9491,강지민,74,서울 흥덕구123-45,010-5199-6361,드로잉
9492,강소율,47,천안 흥덕구123-45,010-6862-9886,요리
9493,장시우,34,화성 유성구123-45,010-5797-4123,여행
9494,임예은,47,대구 북구123-45,010-6838-9705,등산
9495,조지원,29,화성 남구123-45,010-6132-7949,여행
9496,이서연,27,고양 덕진구123-45,010-9782-5167,카페 투어
9497,서서연,44,부산 기흥구123-45,010-5816-6926,보드게임
9498,한유진,47,대전 진해구123-45,010-5785-2387,뜨개질
9499,강하윤,59,부산 덕진구123-45,010-6926-6521,웹서핑
9500,임지민,52,화성 덕진구123-45,010-6645-6507,뜨개질
9501,윤시우,53,제주 기흥구123-45,010-2411-4974,영화감상
9502,오유진,53,청주 분당구123-45,010-4735-9891,음악감상
9503,강서연,58,용인 팔달구123-45,010-7413-6399,수영
9504,한하윤,76,성남 흥덕구123-45,010-9396-8890,사진촬영
9505,조건우,46,제주 진해구123-45,010-3368-4339,보드게임
9506,강소율,68,수원 중구123-45,010-3968-3570,독서
9507,최유진,64,인천 수성구123-45,010-2793-3173,음악감상
9508,장지원,77,제주 팔달구123-45,010-9882-4340,영화감상
9509,신민수,51,부산 서북구123-45,010-3534-4901,영화감상
9510,이은우,49,창원 수성구123-45,010-3061-9048,자전거 타기
9511,김시우,70,평택 남구123-45,010-4866-1708,요리
9512,이건우,64,천안 중구123-45,010-2478-7080,카페 투어
9513,신서연,32,화성 서구123-45,010-5356-2435,영화감상
9514,신지원,48,천안 해운대구123-45,010-8492-4685,음악감상
9515,윤은우,20,화성 진해구123-45,010-3497-2067,게임
9516,장민수,41,성남 신제주123-45,010-3930-4607,일기 쓰기
9517,윤유진,41,천안 기흥구123-45,010-6652-3830,독서
9518,정유진,37,울산 강서구123-45,010-2270-5113,유튜브 보기
9519,장민수,73,부산 강남구123-45,010-8380-7820,드로잉
9520,임지후,48,서울 서구123-45,010-5813-3386,요리
9521,오서준,37,화성 분당구123-45,010-4533-6102,등산
9522,조민수,48,안산 흥덕구123-45,010-1003-8627,여행
9523,윤유진,35,인천 중구123-45,010-9812-2269,요리
9524,박하은,77,화성 일산동구123-45,010-1535-4382,사진촬영
9525,이민수,38,김해 중구123-45,010-3711-9075,유튜브 보기
9526,한하윤,56,안양 덕양구123-45,010-1900-9868,운동
9527,한하윤,28,대구 남구123-45,010-5690-4992,독서
9528,박건우,27,대전 중구123-45,010-7568-3070,음악감상
9529,윤예린,34,세종 중구123-45,010-4962-1309,웹서핑
9530,장하윤,43,성남 덕양구123-45,010-7231-8372,독서
9531,신지후,33,수원 서구123-45,010-5436-9531,운동
9532,신태윤,43,안양 진해구123-45,010-5520-4889,등산
9533,오지원,30,세종 북구123-45,010-4430-5099,여행
9534,최유진,23,광주 진해구123-45,010-2406-3251,드로잉
9535,장도윤,26,대전 분당구123-45,010-7380-1399,운동
9536,최도윤,65,안산 서구123-45,010-6527-9782,카페 투어
9537,서지후,57,평택 덕양구123-45,010-9091-4478,요리
9538,임태윤,25,평택 남구123-45,010-5591-1049,영화감상
9539,장지원,78,제주 유성구123-45,010-5912-4915,영화감상
9540,정하은,29,성남 성북구123-45,010-4861-3198,여행
9541,한지안,33,포항 성북구123-45,010-3985-8214,운동
9542,한서준,36,대전 팔달구123-45,010-9092-2814,웹서핑
9543,오수빈,27,창원 달서구123-45,010-3722-3601,게임
9544,강은우,35,대구 강서구123-45,010-3090-1785,보드게임
9545,정유진,28,울산 송파구123-45,010-5520-7347,사진촬영
9546,정현우,74,안산 일산동구123-45,010-3812-9865,여행
9547,임시우,35,서울 서구123-45,010-1401-8943,자전거 타기
9548,강지안,58,대구 중구123-45,010-8150-3767,유튜브 보기
9549,조민수,59,세종 장유동123-45,010-5632-6117,음악감상
9550,서민수,37,제주 달서구123-45,010-1183-6491,카페 투어
9551,강지후,39,대전 흥덕구123-45,010-2069-2470,드로잉
9552,윤도윤,52,대구 남구123-45,010-5042-6495,음악감상
9553,최예은,42,용인 해운대구123-45,010-8930-9035,독서
9554,최지안,34,울산 기흥구123-45,010-4772-1716,유튜브 보기
9555,정지안,71,부산 서구123-45,010-9981-2678,음악감상
9556,이태윤,39,용인 남구123-45,010-1132-3667,자전거 타기
9557,한태윤,41,고양 해운대구123-45,010-7780-9351,영화감상
9558,이시우,57,대구 해운대구123-45,010-5213-4836,뜨개질
9559,이서준,38,인천 일산동구123-45,010-4923-7799,음악감상
9560,신태윤,56,청주 북구123-45,010-6318-2177,카페 투어
9561,박예린,20,부산 기흥구123-45,010-7920-3815,음악감상
9562,임건우,22,대구 덕진구123-45,010-3969-5578,뜨개질
9563,최수빈,58,안양 진해구123-45,010-7046-4104,보드게임
9564,윤하윤,54,천안 성동구123-45,010-4630-9890,일기 쓰기
9565,조하윤,58,청주 신제주123-45,010-4684-2380,운동
9566,이예은,21,제주 강남구123-45,010-6872-2248,게임
9567,조태윤,33,인천 달서구123-45,010-8102-6531,유튜브 보기
9568,윤지후,51,제주 성북구123-45,010-3166-4710,웹서핑
9569,서유진,40,김해 덕진구123-45,010-1706-8806,뜨개질
9570,오유진,61,창원 기흥구123-45,010-1051-9580,영화감상
9571,정하윤,52,창원 성동구123-45,010-1675-5822,자전거 타기
9572,윤유진,29,부산 송파구123-45,010-7620-1508,뜨개질
9573,조현우,42,수원 동구123-45,010-6984-7284,뜨개질
9574,오수빈,35,천안 덕양구123-45,010-5000-9815,웹서핑
9575,정현우,51,안산 성북구123-45,010-7646-5922,요리
9576,최하은,37,안산 서구123-45,010-7522-7126,일기 쓰기
9577,서태윤,32,성남 팔달구123-45,010-3352-3512,보드게임
9578,임지민,43,전주 장유동123-45,010-9512-6697,여행
9579,박도윤,46,천안 분당구123-45,010-5261-2047,웹서핑
9580,최하윤,31,화성 덕양구123-45,010-6463-4210,사진촬영
9581,최태윤,74,울산 강서구123-45,010-5705-9224,수영
9582,김건우,25,안양 흥덕구123-45,010-6515-4938,유튜브 보기
9583,장하윤,57,남양주 덕양구123-45,010-5137-5148,운동
9584,서유진,63,부산 달서구123-45,010-3402-4073,사진촬영
9585,강건우,39,청주 강서구123-45,010-3075-7589,사진촬영
9586,한서준,45,울산 덕진구123-45,010-5234-6289,등산
9587,김현우,79,인천 해운대구123-45,010-5651-9147,일기 쓰기
9588,장지후,45,청주 덕양구123-45,010-8133-2835,자전거 타기
9589,조서준,25,광주 기흥구123-45,010-8254-3279,여행
9590,김도윤,23,청주 서북구123-45,010-4491-1935,게임
9591,한은우,61,수원 성동구123-45,010-6313-8234,드로잉
9592,정현우,68,창원 분당구123-45,010-2743-6583,수영
9593,박시우,78,제주 성북구123-45,010-4938-7005,드로잉
9594,윤예은,70,포항 중구123-45,010-1711-3868,자전거 타기
9595,장지원,31,안산 동구123-45,010-8468-6570,요리
9596,임지후,33,안산 덕진구123-45,010-6456-4375,수영
9597,이유진,27,광주 유성구123-45,010-8887-9913,운동
9598,임시우,79,울산 강남구123-45,010-8383-7744,일기 쓰기
9599,윤태윤,37,청주 동구123-45,010-6293-5355,독서
9600,신지후,56,수원 진해구123-45,010-1792-6769,수영
9601,한하윤,71,안양 서북구123-45,010-4925-3417,뜨개질
9602,한서연,22,고양 수성구123-45,010-1826-3027,요리
9603,최시우,71,광주 서구123-45,010-4795-7452,드로잉
9604,서은우,25,청주 해운대구123-45,010-8407-3366,등산
9605,박유진,28,전주 달서구123-45,010-9244-3670,여행
9606,한유진,63,고양 북구123-45,010-5495-1380,웹서핑
9607,최지원,56,성남 진해구123-45,010-1813-9535,게임
9608,박예은,28,고양 수성구123-45,010-9254-3430,웹서핑
9609,조현우,68,대구 성북구123-45,010-7100-6560,사진촬영
9610,신지원,25,천안 서구123-45,010-6840-2509,게임
9611,강도윤,77,전주 서구123-45,010-8557-3474,보드게임
9612,최민수,44,화성 진해구123-45,010-1347-1033,여행
9613,한서연,32,창원 서북구123-45,010-9349-8247,독서
9614,장소율,61,천안 신제주123-45,010-2748-4548,운동
9615,한예은,74,부산 동구123-45,010-2762-5182,수영
9616,강은우,30,안산 송파구123-45,010-3375-9215,여행
9617,박민수,20,김해 북구123-45,010-4912-9090,요리
9618,장유진,44,대구 덕양구123-45,010-1635-8442,자전거 타기
9619,임태윤,23,평택 송파구123-45,010-2532-7771,영화감상
9620,조소율,66,김해 진해구123-45,010-1251-5983,운동
9621,조지원,40,광주 남구123-45,010-1843-9722,유튜브 보기
9622,신지민,20,대구 강서구123-45,010-4748-7799,여행
9623,윤도윤,68,김해 덕진구123-45,010-3339-7857,수영
9624,신하은,72,세종 수성구123-45,010-8325-5618,일기 쓰기
9625,최은우,44,부산 북구123-45,010-1727-2744,음악감상
9626,한시우,21,서울 진해구123-45,010-2937-4802,보드게임
9627,강은우,28,화성 수성구123-45,010-6415-5559,자전거 타기
9628,장하윤,56,천안 분당구123-45,010-7711-7904,일기 쓰기
9629,임건우,71,부산 강남구123-45,010-4749-8026,일기 쓰기
9630,최건우,25,김해 기흥구123-45,010-3649-3301,드로잉
9631,최지원,45,대구 동구123-45,010-7664-1967,드로잉
9632,최유진,30,안양 수성구123-45,010-4887-2057,뜨개질
9633,신태윤,54,안산 신제주123-45,010-6460-1408,뜨개질
9634,박수빈,34,세종 남구123-45,010-1397-6718,음악감상
9635,이건우,29,안양 동구123-45,010-5518-1671,등산
9636,장지원,41,용인 분당구123-45,010-3935-3869,영화감상
9637,강유진,57,세종 중구123-45,010-1707-1468,수영
9638,오현우,66,김해 강서구123-45,010-7291-5374,여행
9639,서예은,41,천안 진해구123-45,010-9241-3768,일기 쓰기
9640,임유진,22,평택 성북구123-45,010-8229-9563,운동
9641,장은우,68,울산 진해구123-45,010-4476-5820,게임
9642,정지안,35,세종 강남구123-45,010-1508-1397,여행
9643,오하윤,77,용인 덕양구123-45,010-2233-5090,자전거 타기
9644,오지안,45,평택 남구123-45,010-4283-4100,게임
9645,강예은,79,제주 수성구123-45,010-7510-7281,사진촬영
9646,정하윤,58,평택 일산동구123-45,010-4592-9418,게임
9647,한민수,56,서울 기흥구123-45,010-6422-9204,음악감상
9648,김건우,38,대구 해운대구123-45,010-8136-2248,영화감상
9649,한민수,25,성남 남구123-45,010-1456-5403,독서
9650,최소율,38,부산 달서구123-45,010-2920-6503,등산
9651,조지원,32,광주 달서구123-45,010-8873-8416,웹서핑
9652,임민수,52,성남 진해구123-45,010-6732-2439,자전거 타기
9653,장예린,60,포항 송파구123-45,010-3260-3242,독서
9654,박시우,65,대전 진해구123-45,010-3394-2754,게임
9655,박지안,67,화성 북구123-45,010-4944-4300,일기 쓰기
9656,조유진,33,성남 덕양구123-45,010-1775-5913,자전거 타기
9657,한소율,62,포항 흥덕구123-45,010-7233-7358,운동
9658,서유진,57,안양 해운대구123-45,010-4359-9244,게임
9659,강지안,66,전주 서북구123-45,010-3365-2633,영화감상
9660,정시우,71,용인 성북구123-45,010-5105-3341,운동
9661,윤지안,28,김해 유성구123-45,010-3751-9814,음악감상
9662,임현우,47,창원 덕양구123-45,010-7384-4549,게임
9663,윤지원,29,청주 서구123-45,010-5694-9463,독서
9664,정지민,47,광주 강남구123-45,010-3394-3669,사진촬영
9665,윤수빈,49,울산 유성구123-45,010-8790-1108,드로잉
9666,윤건우,47,부산 기흥구123-45,010-8708-6749,웹서핑
9667,정수빈,63,수원 장유동123-45,010-7021-1574,독서
9668,이하은,25,전주 유성구123-45,010-3146-7111,음악감상
9669,이수빈,43,남양주 중구123-45,010-7391-1542,요리
9670,한민수,61,남양주 강서구123-45,010-3866-2123,일기 쓰기
9671,임수빈,22,안산 강서구123-45,010-2873-7485,운동
9672,윤건우,28,수원 송파구123-45,010-3697-9084,사진촬영
9673,장하은,72,화성 동구123-45,010-1192-5389,등산
9674,한소율,20,전주 진해구123-45,010-8228-4225,카페 투어
9675,이하은,60,남양주 덕양구123-45,010-1001-5221,등산
9676,박현우,58,평택 중구123-45,010-6215-2739,등산
9677,김유진,41,고양 송파구123-45,010-2666-4656,게임
9678,신서연,30,안산 달서구123-45,010-5529-8877,운동
9679,서시우,70,광주 기흥구123-45,010-9599-9774,영화감상
9680,장서준,41,광주 성동구123-45,010-4701-5270,운동
9681,이유진,46,포항 서구123-45,010-4885-7089,웹서핑
9682,조수빈,53,천안 해운대구123-45,010-5801-1336,카페 투어
9683,장시우,60,성남 팔달구123-45,010-6618-6176,독서
9684,강도윤,70,제주 해운대구123-45,010-9753-2067,음악감상
9685,최하윤,39,세종 팔달구123-45,010-5986-2702,게임
9686,신하은,46,용인 송파구123-45,010-5443-3130,운동
9687,이서준,65,화성 덕양구123-45,010-1378-8123,요리
9688,박지민,69,대구 성북구123-45,010-6805-3260,수영
9689,장소율,20,부산 강남구123-45,010-2703-3712,자전거 타기
9690,윤하은,29,남양주 서구123-45,010-2689-3290,보드게임
9691,신도윤,39,부산 수성구123-45,010-1799-1887,웹서핑
9692,김하윤,42,천안 중구123-45,010-1119-7015,뜨개질
9693,정소율,32,화성 기흥구123-45,010-8374-1375,일기 쓰기
9694,최지안,49,인천 중구123-45,010-4066-9818,일기 쓰기
9695,임도윤,48,성남 강서구123-45,010-9329-4939,여행
9696,강지안,64,고양 성북구123-45,010-5561-6700,여행
9697,윤하윤,20,대전 신제주123-45,010-8629-3379,운동
9698,윤예은,32,울산 송파구123-45,010-8239-1448,수영
9699,이은우,61,고양 기흥구123-45,010-5320-2256,웹서핑
9700,정지안,61,대전 강남구123-45,010-5289-8189,운동
9701,정지후,36,화성 덕양구123-45,010-2470-7987,영화감상
9702,조태윤,72,대전 덕진구123-45,010-9934-4725,음악감상
9703,정지안,74,울산 기흥구123-45,010-6420-1014,자전거 타기
9704,서시우,79,고양 분당구123-45,010-1369-2856,웹서핑
9705,오지후,20,대구 덕진구123-45,010-2960-9361,영화감상
9706,오예은,74,김해 송파구123-45,010-2480-6089,독서
9707,강소율,51,성남 수성구123-45,010-9877-2197,보드게임
9708,정하은,23,전주 달서구123-45,010-9624-1047,사진촬영
9709,정현우,56,수원 진해구123-45,010-6298-1235,카페 투어
9710,신서준,38,김해 달서구123-45,010-2269-7019,요리
9711,김하은,64,안양 일산동구123-45,010-5772-7756,여행
9712,정예린,48,평택 달서구123-45,010-2014-4376,게임
9713,오예은,55,서울 흥덕구123-45,010-8678-2778,사진촬영
9714,서소율,36,천안 북구123-45,010-9526-9269,등산
9715,김예린,56,안양 덕양구123-45,010-4015-2613,사진촬영
9716,윤서준,32,수원 팔달구123-45,010-9562-6428,웹서핑
9717,박은우,39,대구 성동구123-45,010-6731-3198,음악감상
9718,장은우,47,천안 진해구123-45,010-7609-9789,독서
9719,임은우,36,인천 덕진구123-45,010-7352-2190,일기 쓰기
9720,최유진,33,남양주 강남구123-45,010-7894-4290,카페 투어
9721,신소율,54,포항 장유동123-45,010-2849-8135,뜨개질
9722,장태윤,64,대구 송파구123-45,010-3639-3268,일기 쓰기
9723,조소율,76,창원 덕양구123-45,010-4893-4184,보드게임
9724,윤예린,45,인천 북구123-45,010-1465-1788,보드게임
9725,장도윤,41,화성 달서구123-45,010-9560-4804,뜨개질
9726,오수빈,39,용인 성북구123-45,010-8409-8434,운동
9727,조서연,60,인천 분당구123-45,010-8816-7259,영화감상
9728,서태윤,38,부산 해운대구123-45,010-2331-9480,운동
9729,박건우,35,수원 달서구123-45,010-2688-3318,사진촬영
9730,윤하윤,56,창원 신제주123-45,010-5702-6447,운동
9731,최민수,40,남양주 서북구123-45,010-3591-2047,음악감상
9732,한유진,28,수원 해운대구123-45,010-7077-2199,영화감상
9733,윤예린,78,광주 성북구123-45,010-7425-4365,음악감상
9734,장도윤,39,부산 달서구123-45,010-9973-2506,요리
9735,정지원,43,대전 달서구123-45,010-4364-3219,뜨개질
9736,최민수,53,화성 기흥구123-45,010-1189-3977,독서
9737,서지원,48,평택 분당구123-45,010-9028-3833,드로잉
9738,윤도윤,68,세종 진해구123-45,010-2208-8549,유튜브 보기
9739,서소율,50,안산 일산동구123-45,010-5038-2648,뜨개질
9740,서태윤,24,화성 성북구123-45,010-2220-3118,요리
9741,장지안,26,평택 성북구123-45,010-9351-4346,웹서핑
9742,이민수,46,평택 남구123-45,010-3758-4710,음악감상
9743,강예은,69,서울 일산동구123-45,010-7116-1479,음악감상
9744,이하은,76,대전 동구123-45,010-5786-9429,독서
9745,조도윤,60,천안 동구123-45,010-6315-8799,뜨개질
9746,김소율,70,서울 진해구123-45,010-1807-4166,웹서핑
9747,윤유진,52,용인 서북구123-45,010-4240-7589,운동
9748,이하윤,50,대전 일산동구123-45,010-2872-4152,운동
9749,최민수,22,대구 북구123-45,010-2209-3058,뜨개질
9750,신건우,24,인천 덕진구123-45,010-9835-3060,운동
9751,김서연,31,안양 중구123-45,010-1577-8597,독서
9752,서예은,54,천안 송파구123-45,010-7524-7333,카페 투어
9753,한지민,52,김해 분당구123-45,010-1151-3489,일기 쓰기
9754,김예은,60,평택 성동구123-45,010-6457-1042,게임
9755,서현우,21,안산 분당구123-45,010-8663-4622,영화감상
9756,임하윤,20,천안 강서구123-45,010-8624-3989,수영
9757,김하은,69,안산 유성구123-45,010-6559-9429,독서
9758,이지후,34,전주 신제주123-45,010-8124-1262,일기 쓰기
9759,이건우,20,김해 남구123-45,010-4098-8983,게임
9760,강서연,43,울산 서북구123-45,010-8418-3872,게임
9761,한예린,58,세종 팔달구123-45,010-8215-8254,드로잉
9762,서은우,69,전주 유성구123-45,010-3577-2074,뜨개질
9763,한지후,74,천안 일산동구123-45,010-1082-1809,게임
9764,윤은우,20,포항 성북구123-45,010-5220-5469,게임
9765,김은우,39,대전 분당구123-45,010-6737-6307,뜨개질
9766,임지원,54,평택 진해구123-45,010-9697-2100,드로잉
9767,임예린,56,서울 남구123-45,010-2415-6660,일기 쓰기
9768,정예은,28,창원 신제주123-45,010-2405-7542,뜨개질
9769,강유진,52,화성 진해구123-45,010-1339-5134,음악감상
9770,장지안,33,성남 수성구123-45,010-6660-3469,드로잉
9771,박예은,30,고양 해운대구123-45,010-1194-8136,유튜브 보기
9772,한도윤,76,고양 달서구123-45,010-4484-4049,음악감상
9773,한건우,21,부산 중구123-45,010-2071-5853,웹서핑
9774,임서연,62,제주 기흥구123-45,010-6010-3508,사진촬영
9775,윤하은,27,수원 송파구123-45,010-9649-9805,운동
9776,임수빈,27,안산 남구123-45,010-6267-3991,수영
9777,장하은,77,울산 중구123-45,010-3508-2249,등산
9778,임유진,37,창원 성북구123-45,010-9588-2355,카페 투어
9779,김지민,49,천안 해운대구123-45,010-6541-3970,자전거 타기
9780,김도윤,44,전주 서구123-45,010-4393-2568,자전거 타기
9781,박서연,66,전주 서북구123-45,010-9666-3146,웹서핑
9782,정유진,53,남양주 기흥구123-45,010-5600-1808,게임
9783,윤하윤,30,김해 서북구123-45,010-4535-4440,보드게임
9784,신은우,26,창원 수성구123-45,010-5638-4252,여행
9785,한지민,38,제주 북구123-45,010-6553-9335,등산
9786,조소율,32,포항 일산동구123-45,010-7856-9708,웹서핑
9787,서건우,63,용인 장유동123-45,010-4053-4759,등산
9788,오지후,58,인천 흥덕구123-45,010-1306-5482,운동
9789,강유진,58,안양 서북구123-45,010-2545-3882,자전거 타기
9790,윤예린,56,남양주 유성구123-45,010-5690-4631,자전거 타기
9791,윤서연,72,안산 기흥구123-45,010-3425-1975,일기 쓰기
9792,장예은,28,울산 흥덕구123-45,010-5069-6203,드로잉
9793,장하은,37,대구 분당구123-45,010-1386-1049,요리
9794,정현우,26,포항 수성구123-45,010-4344-4657,수영
9795,박서연,68,대구 흥덕구123-45,010-3505-8872,자전거 타기
9796,한지원,44,고양 성동구123-45,010-5431-9864,운동
9797,윤지후,73,안산 덕진구123-45,010-6116-6373,드로잉
9798,서예은,65,전주 서구123-45,010-2584-1833,유튜브 보기
9799,서수빈,61,세종 분당구123-45,010-3055-3201,음악감상
9800,김소율,26,대전 덕진구123-45,010-1728-2878,사진촬영
9801,조건우,56,화성 장유동123-45,010-6143-5126,요리
9802,강수빈,39,부산 덕양구123-45,010-3548-3944,요리
9803,신시우,49,성남 강서구123-45,010-3362-1524,보드게임
9804,이건우,77,고양 장유동123-45,010-4129-2168,보드게임
9805,신시우,55,안산 흥덕구123-45,010-2404-7316,게임
9806,윤서준,50,창원 분당구123-45,010-3203-1047,웹서핑
9807,신예린,21,안산 기흥구123-45,010-4314-7295,웹서핑
9808,조예은,23,울산 동구123-45,010-6632-6925,웹서핑
9809,한지안,54,용인 강남구123-45,010-2737-8454,요리
9810,윤시우,27,안양 강서구123-45,010-5117-2164,독서
9811,장민수,61,안산 남구123-45,010-4399-2315,음악감상
9812,임지후,74,평택 송파구123-45,010-7606-5772,자전거 타기
9813,한유진,65,천안 강남구123-45,010-5279-1789,여행
9814,신지원,74,인천 장유동123-45,010-6386-7591,보드게임
9815,김서준,24,고양 강서구123-45,010-7168-9279,일기 쓰기
9816,오지원,79,포항 팔달구123-45,010-4716-5606,유튜브 보기
9817,임하윤,28,부산 팔달구123-45,010-6767-8537,자전거 타기
9818,최유진,47,수원 기흥구123-45,010-7778-9594,요리
9819,이수빈,36,전주 남구123-45,010-5775-5461,게임
9820,임하윤,57,남양주 일산동구123-45,010-3224-7827,유튜브 보기
9821,박예은,46,창원 덕양구123-45,010-2535-1954,여행
9822,오서연,46,서울 장유동123-45,010-6821-1403,요리
9823,신태윤,43,김해 서구123-45,010-6739-2563,카페 투어
9824,윤예린,70,성남 중구123-45,010-1228-2571,자전거 타기
9825,이도윤,56,김해 성동구123-45,010-8449-1264,뜨개질
9826,최지후,70,남양주 일산동구123-45,010-2179-6060,사진촬영
9827,윤유진,22,성남 팔달구123-45,010-4341-9330,드로잉
9828,조지안,56,수원 분당구123-45,010-1190-4710,드로잉
9829,오서연,66,청주 강서구123-45,010-8044-5427,수영
9830,이시우,20,전주 북구123-45,010-6580-9035,일기 쓰기
9831,최하윤,29,고양 흥덕구123-45,010-2995-2706,뜨개질
9832,윤도윤,56,제주 송파구123-45,010-4872-3083,유튜브 보기
9833,강지민,60,평택 중구123-45,010-8615-2138,보드게임
9834,최도윤,49,안산 수성구123-45,010-1816-5072,요리
9835,최태윤,72,제주 팔달구123-45,010-5718-8139,요리
9836,신태윤,34,남양주 성북구123-45,010-6865-7339,요리
9837,임은우,78,평택 성북구123-45,010-3828-6366,보드게임
9838,조민수,26,대전 일산동구123-45,010-3583-7885,카페 투어
9839,이민수,67,인천 기흥구123-45,010-5822-9581,독서
9840,윤민수,34,안양 동구123-45,010-2897-7558,영화감상
9841,김유진,23,광주 서북구123-45,010-3946-1279,요리
9842,김시우,42,인천 팔달구123-45,010-6338-1225,음악감상
9843,최지안,53,화성 서북구123-45,010-9988-6719,카페 투어
9844,최서준,36,용인 덕양구123-45,010-9223-3092,요리
9845,신도윤,29,김해 수성구123-45,010-6297-3085,뜨개질
9846,정지안,60,화성 기흥구123-45,010-8903-9043,자전거 타기
9847,조은우,47,전주 흥덕구123-45,010-2958-2746,유튜브 보기
9848,장서연,55,인천 해운대구123-45,010-1469-3261,운동
9849,강현우,30,포항 일산동구123-45,010-1041-5192,등산
9850,장하윤,71,광주 서북구123-45,010-5472-4796,운동
9851,윤하윤,77,천안 성북구123-45,010-4078-1822,영화감상
9852,김예은,76,용인 분당구123-45,010-2090-2888,뜨개질
9853,강민수,27,부산 흥덕구123-45,010-9706-7047,사진촬영
9854,조민수,36,포항 중구123-45,010-4995-7908,영화감상
9855,조지원,71,안산 강서구123-45,010-1754-2611,요리
9856,윤수빈,71,인천 유성구123-45,010-5142-6071,드로잉
9857,신예은,55,광주 해운대구123-45,010-8116-6532,독서
9858,조하윤,39,포항 덕양구123-45,010-2098-4611,음악감상
9859,김시우,21,전주 송파구123-45,010-6764-7281,유튜브 보기
9860,이서준,64,인천 신제주123-45,010-3978-3104,음악감상
9861,서서연,36,평택 동구123-45,010-3463-1797,카페 투어
9862,장시우,64,대구 해운대구123-45,010-6163-9800,영화감상
9863,장지원,22,수원 흥덕구123-45,010-4714-6735,자전거 타기
9864,한지후,75,청주 성동구123-45,010-8548-9020,웹서핑
9865,김태윤,28,평택 진해구123-45,010-2235-9266,사진촬영
9866,신하은,62,대구 서북구123-45,010-6480-5180,게임
9867,한태윤,47,창원 덕양구123-45,010-1742-5079,독서
9868,윤도윤,31,천안 흥덕구123-45,010-2941-5659,뜨개질
9869,임유진,60,안양 달서구123-45,010-8824-4565,영화감상
9870,임서연,59,화성 덕양구123-45,010-7096-6888,드로잉
9871,최지후,44,제주 동구123-45,010-4423-5991,드로잉
9872,신지민,61,제주 송파구123-45,010-4005-6756,드로잉
9873,윤지후,36,김해 수성구123-45,010-6383-6053,일기 쓰기
9874,강예은,45,세종 유성구123-45,010-6731-6865,사진촬영
9875,이서연,33,청주 서구123-45,010-1325-5816,사진촬영
9876,한하은,65,창원 분당구123-45,010-5957-4393,게임
9877,김예은,32,서울 남구123-45,010-9430-2129,등산
9878,윤예린,77,청주 팔달구123-45,010-6633-4490,요리
9879,정태윤,46,포항 덕진구123-45,010-3384-1169,일기 쓰기
9880,오태윤,31,대구 수성구123-45,010-7379-1312,드로잉
9881,서하은,60,대구 덕진구123-45,010-4087-3394,카페 투어
9882,장도윤,58,대전 송파구123-45,010-9882-2642,드로잉
9883,오시우,31,고양 중구123-45,010-7904-6940,드로잉
9884,서하윤,79,대전 중구123-45,010-6153-9530,영화감상
9885,이수빈,31,천안 해운대구123-45,010-5304-5952,드로잉
9886,조현우,26,성남 덕양구123-45,010-5926-1240,수영
9887,신하윤,43,창원 서구123-45,010-5717-6215,운동
9888,신현우,41,세종 흥덕구123-45,010-1989-2798,일기 쓰기
9889,윤지민,66,용인 분당구123-45,010-2867-9411,웹서핑
9890,박태윤,51,청주 북구123-45,010-7277-4405,독서
9891,강하윤,79,전주 북구123-45,010-6791-3588,운동
9892,정시우,32,대구 해운대구123-45,010-4737-9142,음악감상
9893,윤지원,57,용인 송파구123-45,010-3854-2114,독서
9894,임지민,23,평택 팔달구123-45,010-3815-4993,게임
9895,최지후,63,안산 신제주123-45,010-8158-1384,운동
9896,조민수,37,천안 진해구123-45,010-3004-1017,요리
9897,조민수,36,전주 달서구123-45,010-4251-9375,여행
9898,박유진,44,남양주 강남구123-45,010-5948-5132,일기 쓰기
9899,정하은,59,울산 팔달구123-45,010-2914-2206,수영
9900,장건우,76,김해 서북구123-45,010-4533-7686,카페 투어
9901,최지안,63,인천 해운대구123-45,010-8337-2776,요리
9902,이수빈,51,안산 중구123-45,010-3988-2150,운동
9903,오하은,46,세종 진해구123-45,010-9060-3853,등산
9904,김건우,69,천안 기흥구123-45,010-6670-8614,음악감상
9905,오지원,73,평택 동구123-45,010-4224-5638,일기 쓰기
9906,김예린,51,제주 성동구123-45,010-8776-8414,자전거 타기
9907,한도윤,78,울산 송파구123-45,010-8586-4396,요리
9908,오건우,67,고양 달서구123-45,010-6054-8001,일기 쓰기
9909,임하은,40,광주 유성구123-45,010-2392-3017,일기 쓰기
9910,장하윤,22,전주 덕양구123-45,010-2750-1262,운동
9911,임현우,37,청주 장유동123-45,010-5157-8645,운동
9912,장하윤,76,전주 덕양구123-45,010-1157-7086,독서
9913,최현우,74,창원 일산동구123-45,010-3616-1472,등산
9914,오지후,70,대구 분당구123-45,010-5488-9764,뜨개질
9915,한지민,76,수원 해운대구123-45,010-4966-1142,여행
9916,서수빈,22,인천 동구123-45,010-6355-2311,수영
9917,이예린,68,화성 일산동구123-45,010-4043-5301,음악감상
9918,오수빈,40,평택 덕진구123-45,010-6324-9265,독서
9919,윤지안,51,평택 수성구123-45,010-6339-5935,사진촬영
9920,이하윤,62,창원 강남구123-45,010-5784-5850,유튜브 보기
9921,박하윤,37,화성 성북구123-45,010-1646-1766,운동
9922,한지민,20,화성 서구123-45,010-4732-6308,음악감상
9923,최소율,25,인천 덕양구123-45,010-4366-8810,보드게임
9924,최서연,28,천안 해운대구123-45,010-5948-8920,등산
9925,서건우,27,부산 덕양구123-45,010-2698-2172,웹서핑
9926,한유진,42,전주 덕양구123-45,010-5246-1943,등산
9927,서수빈,40,대구 서북구123-45,010-6806-5518,수영
9928,서은우,79,인천 수성구123-45,010-9415-1169,뜨개질
9929,정시우,40,화성 팔달구123-45,010-5607-4023,운동
9930,조예린,69,안산 북구123-45,010-5236-3256,수영
9931,최현우,54,포항 강서구123-45,010-5946-1082,요리
9932,장태윤,65,고양 덕진구123-45,010-1890-2053,보드게임
9933,임서연,41,천안 유성구123-45,010-4845-5095,독서
9934,윤하은,63,남양주 송파구123-45,010-3205-1000,음악감상
9935,신지후,28,안산 흥덕구123-45,010-7444-4031,일기 쓰기
9936,서지안,64,포항 장유동123-45,010-4371-5692,유튜브 보기
9937,최도윤,66,제주 진해구123-45,010-2485-7363,카페 투어
9938,최지후,70,평택 수성구123-45,010-3417-6735,음악감상
9939,오시우,30,안양 서구123-45,010-4019-9093,등산
9940,한지후,41,울산 유성구123-45,010-3691-5781,뜨개질
9941,서예린,59,용인 흥덕구123-45,010-5661-6613,카페 투어
9942,임수빈,23,안양 분당구123-45,010-2272-9221,뜨개질
9943,한유진,36,천안 송파구123-45,010-4991-2268,음악감상
9944,조하은,24,남양주 성북구123-45,010-3283-3449,유튜브 보기
9945,서태윤,36,대구 서북구123-45,010-2110-9291,음악감상
9946,임지민,78,대구 강남구123-45,010-7002-6490,사진촬영
9947,한지원,49,인천 남구123-45,010-3512-3291,사진촬영
9948,오건우,33,청주 송파구123-45,010-5177-3328,유튜브 보기
9949,이지안,24,평택 흥덕구123-45,010-8401-3422,수영
9950,오예은,34,천안 성동구123-45,010-2903-6541,여행
9951,강하윤,26,창원 진해구123-45,010-3566-8403,유튜브 보기
9952,오태윤,75,청주 성동구123-45,010-1703-1322,보드게임
9953,김시우,36,천안 장유동123-45,010-6932-5693,사진촬영
9954,윤태윤,65,광주 동구123-45,010-6639-2879,수영
9955,이건우,63,용인 해운대구123-45,010-1969-5813,일기 쓰기
9956,최민수,76,청주 달서구123-45,010-4323-6534,수영
9957,조하은,72,대구 서북구123-45,010-5705-8602,수영
9958,신소율,69,제주 강서구123-45,010-1402-4744,요리
9959,신민수,28,대전 달서구123-45,010-3137-8463,여행
9960,장서준,30,광주 수성구123-45,010-5799-4574,요리
9961,한민수,48,성남 성동구123-45,010-8783-3075,일기 쓰기
9962,신태윤,35,화성 서구123-45,010-1056-3648,수영
9963,신유진,49,광주 흥덕구123-45,010-4319-8337,웹서핑
9964,한서연,22,천안 동구123-45,010-9722-8320,카페 투어
9965,오태윤,20,안양 해운대구123-45,010-9830-9850,보드게임
9966,최시우,59,평택 중구123-45,010-7225-7535,웹서핑
9967,임하윤,50,대구 덕진구123-45,010-7825-4853,일기 쓰기
9968,강서준,72,전주 수성구123-45,010-2820-4621,카페 투어
9969,한현우,47,수원 남구123-45,010-1109-6325,영화감상
9970,임예린,57,성남 남구123-45,010-7902-9156,뜨개질
9971,윤은우,70,세종 수성구123-45,010-2336-9233,음악감상
9972,강소율,71,포항 달서구123-45,010-7117-5061,유튜브 보기
9973,오하은,47,세종 흥덕구123-45,010-6950-8708,요리
9974,박건우,52,울산 일산동구123-45,010-1909-5465,일기 쓰기
9975,조시우,58,고양 성북구123-45,010-5365-4135,일기 쓰기
9976,윤서준,20,서울 동구123-45,010-1469-6728,독서
9977,장도윤,66,서울 신제주123-45,010-8512-7177,독서
9978,서하은,29,제주 서구123-45,010-4672-9148,음악감상
9979,이예린,42,성남 유성구123-45,010-3486-8485,사진촬영
9980,임유진,76,대구 진해구123-45,010-8332-4445,웹서핑
9981,신지민,53,용인 동구123-45,010-9323-4411,카페 투어
9982,오지후,76,광주 흥덕구123-45,010-3909-2934,영화감상
9983,강하윤,70,평택 남구123-45,010-5645-2948,뜨개질
9984,서지원,45,청주 성동구123-45,010-6994-5542,등산
9985,장유진,27,창원 덕진구123-45,010-6439-7289,뜨개질
9986,오지민,29,대전 분당구123-45,010-6478-3982,독서
9987,서지안,22,포항 달서구123-45,010-5312-1923,보드게임
9988,한소율,64,제주 진해구123-45,010-2343-9313,일기 쓰기
9989,서하윤,38,수원 동구123-45,010-3821-1732,운동
9990,한현우,60,인천 성북구123-45,010-6297-5262,사진촬영
9991,한지원,45,인천 수성구123-45,010-2865-5316,요리
9992,임건우,32,평택 동구123-45,010-4331-6327,독서
9993,오시우,76,평택 신제주123-45,010-4723-1628,운동
9994,김현우,69,천안 진해구123-45,010-2352-1404,자전거 타기
9995,이지민,68,울산 일산동구123-45,010-1207-7533,일기 쓰기
9996,최도윤,67,천안 덕진구123-45,010-3510-6119,드로잉
9997,강예은,58,세종 동구123-45,010-2002-3136,카페 투어
9998,이서준,63,안산 성동구123-45,010-3762-4617,사진촬영
9999,이예린,75,화성 기흥구123-45,010-1146-7183,자전거 타기
10000,장도윤,39,서울 기흥구123-45,010-4496-3731,뜨개질
10001,김유진,24,대전 강서구123-45,010-2578-6618,수영
10002,서태윤,35,대전 서구123-45,010-4175-1773,보드게임
10003,강서준,34,대전 중구123-45,010-6017-8914,여행
10004,최하윤,45,청주 서구123-45,010-4042-9937,음악감상
10005,오도윤,78,화성 강서구123-45,010-2972-3704,사진촬영
10006,오수빈,41,안양 서구123-45,010-1607-6320,음악감상
10007,서건우,53,평택 성북구123-45,010-2990-3574,독서
10008,박소율,65,서울 팔달구123-45,010-4658-3018,웹서핑
10009,임서연,68,평택 동구123-45,010-4070-4995,게임
10010,강지원,61,수원 신제주123-45,010-1674-9602,카페 투어
10011,이지안,56,전주 분당구123-45,010-4136-9282,카페 투어
10012,임도윤,39,광주 달서구123-45,010-3530-3990,수영
10013,윤은우,33,제주 북구123-45,010-9290-6595,웹서핑
10014,이지원,63,포항 기흥구123-45,010-9288-5770,웹서핑
10015,강현우,54,수원 서구123-45,010-3519-5896,보드게임
10016,박예은,46,김해 해운대구123-45,010-9368-4605,수영
10017,임하윤,78,제주 성동구123-45,010-8414-4880,웹서핑
10018,강지원,50,인천 서북구123-45,010-3497-4713,여행
10019,서은우,36,서울 성동구123-45,010-2107-7006,여행
10020,조서준,67,전주 중구123-45,010-5718-9119,유튜브 보기
10021,김하은,51,성남 남구123-45,010-2060-3658,독서
10022,조현우,39,용인 남구123-45,010-1877-5055,카페 투어
10023,윤지원,54,울산 강서구123-45,010-2701-5941,게임
10024,김지후,43,용인 서구123-45,010-4259-4755,보드게임
10025,강태윤,28,전주 강서구123-45,010-1675-3776,여행
10026,김지후,66,제주 분당구123-45,010-8372-6388,일기 쓰기
10027,김예은,52,인천 남구123-45,010-1627-8533,사진촬영
10028,임건우,43,고양 해운대구123-45,010-1198-6011,사진촬영
10029,강유진,69,남양주 성북구123-45,010-5074-3819,드로잉
10030,조민수,75,창원 분당구123-45,010-4294-2808,보드게임
10031,임현우,61,전주 유성구123-45,010-7886-6117,일기 쓰기
10032,김하은,42,포항 신제주123-45,010-6113-1349,여행
10033,서예은,65,울산 팔달구123-45,010-3603-3339,영화감상
10034,김지원,66,대전 수성구123-45,010-3716-3450,사진촬영
10035,박소율,75,세종 장유동123-45,010-6007-3231,카페 투어
10036,서은우,47,천안 송파구123-45,010-9179-6505,뜨개질
10037,한유진,50,평택 동구123-45,010-1973-5392,자전거 타기
10038,김예은,30,포항 성동구123-45,010-9612-6883,카페 투어
10039,이지민,36,포항 기흥구123-45,010-9348-1449,수영
10040,최소율,61,용인 기흥구123-45,010-8868-2185,뜨개질
10041,서지원,58,수원 성동구123-45,010-6728-4306,운동
10042,신도윤,69,안양 동구123-45,010-6256-6180,음악감상
10043,이태윤,45,남양주 강서구123-45,010-8638-3316,운동
10044,윤유진,57,대구 달서구123-45,010-2252-2828,자전거 타기
10045,이태윤,42,창원 성동구123-45,010-5012-1840,사진촬영
10046,신지안,69,울산 성동구123-45,010-3518-6914,음악감상
10047,박지안,70,부산 강남구123-45,010-8670-9112,일기 쓰기
10048,정유진,27,고양 송파구123-45,010-5539-8377,운동
10049,신서연,33,성남 팔달구123-45,010-7033-2563,사진촬영
10050,박서준,75,청주 중구123-45,010-9872-9168,운동
10051,윤도윤,70,청주 수성구123-45,010-3835-1388,요리
10052,장시우,43,고양 북구123-45,010-7929-4281,등산
10053,최소율,69,포항 덕진구123-45,010-3599-9475,영화감상
10054,한민수,66,제주 신제주123-45,010-2852-8221,보드게임
10055,박예은,55,천안 성동구123-45,010-8356-2898,등산
10056,조지안,61,김해 송파구123-45,010-5526-9724,수영
10057,강지민,32,울산 남구123-45,010-5351-7848,유튜브 보기
10058,최도윤,52,화성 남구123-45,010-6828-2160,사진촬영
10059,장지원,23,청주 덕양구123-45,010-2291-6432,여행
10060,임지후,20,고양 해운대구123-45,010-5267-8858,수영
10061,장현우,59,서울 북구123-45,010-6759-1226,독서
10062,조예은,51,부산 성북구123-45,010-8767-8738,뜨개질
10063,이예은,75,평택 덕진구123-45,010-3527-3215,음악감상
10064,임시우,46,고양 성북구123-45,010-4382-4106,웹서핑
10065,최건우,22,인천 서북구123-45,010-9896-3817,수영
10066,신건우,60,김해 유성구123-45,010-3237-3515,수영
10067,임소율,71,화성 중구123-45,010-4784-5279,자전거 타기
10068,장서준,33,성남 성동구123-45,010-1240-7862,뜨개질
10069,조서연,29,부산 서북구123-45,010-7131-2404,보드게임
10070,윤지안,71,대전 장유동123-45,010-7870-2251,사진촬영
10071,한시우,31,서울 중구123-45,010-6382-5088,요리
10072,김예은,26,안산 북구123-45,010-8274-5788,웹서핑
10073,한태윤,44,성남 장유동123-45,010-9966-5972,게임
10074,정시우,60,대전 북구123-45,010-6130-2977,수영
10075,정수빈,26,수원 수성구123-45,010-7241-1145,뜨개질
10076,박도윤,36,안양 덕진구123-45,010-6978-2517,카페 투어
10077,정수빈,42,광주 흥덕구123-45,010-7970-3241,수영
10078,박현우,59,김해 북구123-45,010-1313-4695,카페 투어
10079,강지안,65,제주 서구123-45,010-5577-7692,수영
10080,정유진,73,화성 유성구123-45,010-1218-6185,등산
10081,오소율,20,부산 성동구123-45,010-1544-4435,뜨개질
10082,정건우,67,성남 흥덕구123-45,010-6851-6675,음악감상
10083,강지민,64,광주 신제주123-45,010-3974-7167,운동
10084,장건우,67,창원 일산동구123-45,010-8921-4663,일기 쓰기
10085,서유진,46,고양 덕진구123-45,010-7687-8513,수영
10086,윤서연,46,세종 덕진구123-45,010-5936-3390,수영
10087,신수빈,71,수원 팔달구123-45,010-1080-6051,일기 쓰기
10088,장지후,59,대구 일산동구123-45,010-7382-1561,카페 투어
10089,이도윤,36,성남 강서구123-45,010-3462-5709,요리
10090,신하은,26,김해 북구123-45,010-6664-1816,웹서핑
10091,윤지원,50,부산 덕양구123-45,010-3143-2792,카페 투어
10092,이은우,21,대전 신제주123-45,010-3427-3989,영화감상
10093,박하은,46,울산 중구123-45,010-6303-2685,일기 쓰기
10094,신수빈,75,전주 흥덕구123-45,010-7427-5969,등산
10095,최민수,21,고양 중구123-45,010-6011-8341,드로잉
10096,임서연,49,세종 분당구123-45,010-1783-4564,드로잉
10097,최도윤,75,안양 진해구123-45,010-5937-5682,자전거 타기
10098,신지원,79,창원 흥덕구123-45,010-5218-6064,독서
10099,이현우,39,서울 남구123-45,010-8061-4388,등산
10100,신민수,63,인천 수성구123-45,010-6474-9102,게임
10101,장수빈,41,남양주 중구123-45,010-8692-7836,웹서핑
10102,박지후,77,제주 북구123-45,010-7859-2286,웹서핑
10103,정지원,45,남양주 성북구123-45,010-2339-6355,카페 투어
10104,오예은,34,화성 강서구123-45,010-2124-2459,유튜브 보기
10105,오시우,50,수원 수성구123-45,010-7264-5090,여행
10106,강서준,60,평택 서구123-45,010-1240-9859,게임
10107,박민수,75,창원 흥덕구123-45,010-5655-9403,보드게임
10108,서소율,35,성남 성북구123-45,010-8653-9690,뜨개질
10109,정예린,43,대전 덕진구123-45,010-2645-9126,자전거 타기
10110,박서준,33,김해 송파구123-45,010-5151-8975,사진촬영
10111,장민수,57,고양 기흥구123-45,010-8951-8964,음악감상
10112,강지안,70,전주 기흥구123-45,010-7885-2124,영화감상
10113,박지안,55,안양 유성구123-45,010-3427-5590,등산
10114,오지후,36,광주 팔달구123-45,010-3378-1330,음악감상
10115,김시우,43,서울 해운대구123-45,010-2469-7205,사진촬영
10116,최지안,27,안산 성북구123-45,010-7940-8593,일기 쓰기
10117,최서준,60,전주 성북구123-45,010-2034-1635,드로잉
10118,장지원,45,용인 동구123-45,010-1375-4356,웹서핑
10119,오민수,60,울산 서북구123-45,010-7816-1496,영화감상
10120,장유진,46,포항 서구123-45,010-9770-8129,여행
10121,한지민,72,대구 장유동123-45,010-7490-4685,수영
10122,강수빈,79,세종 흥덕구123-45,010-7128-2988,사진촬영
10123,오민수,37,안산 성동구123-45,010-3431-1011,운동
10124,박예은,62,청주 강남구123-45,010-3927-1268,사진촬영
10125,김태윤,36,고양 해운대구123-45,010-3652-5828,게임
10126,신지안,36,서울 수성구123-45,010-5988-4363,영화감상
10127,신시우,34,남양주 성동구123-45,010-3052-4359,드로잉
10128,신하윤,76,성남 북구123-45,010-9796-6818,자전거 타기
10129,오하윤,68,김해 송파구123-45,010-6438-4727,수영
10130,서지원,26,청주 일산동구123-45,010-6371-9425,유튜브 보기
10131,서하은,55,화성 신제주123-45,010-6086-1420,웹서핑
10132,장태윤,48,창원 성동구123-45,010-3591-8554,게임
10133,임민수,40,안양 진해구123-45,010-3369-5248,요리
10134,최건우,54,천안 성북구123-45,010-6293-8550,등산
10135,조현우,44,천안 송파구123-45,010-6165-6810,카페 투어
10136,윤서연,34,화성 중구123-45,010-8361-2757,요리
10137,김예린,24,평택 남구123-45,010-7566-5757,뜨개질
10138,윤현우,75,성남 수성구123-45,010-5602-1385,유튜브 보기
10139,조예린,37,안산 기흥구123-45,010-6361-2649,운동
10140,김태윤,26,청주 동구123-45,010-6523-7907,요리
10141,박태윤,67,김해 해운대구123-45,010-1211-5591,드로잉
10142,박시우,75,안양 강서구123-45,010-5978-9084,카페 투어
10143,강현우,53,제주 서북구123-45,010-6506-4792,여행
10144,윤지안,44,용인 장유동123-45,010-1019-6060,운동
10145,박건우,34,용인 강남구123-45,010-6858-1125,사진촬영
10146,최현우,57,부산 일산동구123-45,010-7701-2997,사진촬영
10147,이하윤,21,김해 강서구123-45,010-1800-3064,자전거 타기
10148,서지민,67,고양 신제주123-45,010-4931-2168,운동
10149,장지민,73,서울 남구123-45,010-1353-1937,독서
10150,박도윤,28,광주 남구123-45,010-3883-5517,요리
10151,정태윤,37,부산 강남구123-45,010-4043-2329,운동
10152,이건우,36,김해 강서구123-45,010-6170-3990,자전거 타기
10153,박지원,20,전주 덕양구123-45,010-5146-3105,독서
10154,박예은,41,성남 분당구123-45,010-4932-7236,독서
10155,임민수,61,수원 신제주123-45,010-3099-5883,게임
10156,정예린,31,수원 일산동구123-45,010-6711-8023,운동
10157,김지후,55,제주 진해구123-45,010-4516-3214,자전거 타기
10158,윤시우,76,남양주 팔달구123-45,010-1161-8017,사진촬영
10159,장민수,56,천안 강남구123-45,010-8665-1829,드로잉
10160,오은우,76,수원 진해구123-45,010-4596-2731,뜨개질
10161,서지민,69,대구 흥덕구123-45,010-8111-7585,게임
10162,김건우,36,청주 일산동구123-45,010-3408-5462,자전거 타기
10163,조건우,24,창원 팔달구123-45,010-2035-3705,사진촬영
10164,오시우,58,수원 장유동123-45,010-1536-7082,웹서핑
10165,정시우,28,수원 송파구123-45,010-5875-4503,게임
10166,윤지민,79,제주 남구123-45,010-5650-3905,자전거 타기
10167,서서준,27,대구 장유동123-45,010-2339-4085,유튜브 보기
10168,정도윤,43,부산 수성구123-45,010-2467-1780,사진촬영
10169,한은우,42,수원 덕양구123-45,010-4352-6299,카페 투어
10170,신건우,71,제주 수성구123-45,010-1160-2187,드로잉
10171,조지민,30,대구 동구123-45,010-9303-8746,웹서핑
10172,최소율,69,대구 흥덕구123-45,010-3765-7032,일기 쓰기
10173,한현우,56,평택 송파구123-45,010-8686-2499,독서
10174,김예린,21,용인 송파구123-45,010-3040-3348,독서
10175,정하은,25,수원 기흥구123-45,010-3953-2504,등산
10176,오건우,53,인천 성동구123-45,010-7566-4784,카페 투어
10177,박예린,33,울산 중구123-45,010-2085-4137,수영
10178,박예린,25,안산 북구123-45,010-7532-1004,게임
10179,신지민,67,남양주 기흥구123-45,010-7679-4607,수영
10180,한지후,75,안양 해운대구123-45,010-8142-7482,카페 투어
10181,최지후,79,천안 중구123-45,010-2357-7747,자전거 타기
10182,오지후,71,수원 동구123-45,010-4403-2666,요리
10183,조은우,62,창원 강서구123-45,010-4475-1110,자전거 타기
10184,정예린,46,화성 수성구123-45,010-2294-4775,자전거 타기
10185,임하윤,24,전주 흥덕구123-45,010-5374-7602,카페 투어
10186,오서연,38,고양 덕진구123-45,010-5788-9656,유튜브 보기
10187,정지민,60,고양 송파구123-45,010-4628-6038,일기 쓰기
10188,서은우,64,수원 강서구123-45,010-8492-1351,요리
10189,최예린,49,성남 송파구123-45,010-8144-4709,사진촬영
10190,임소율,24,화성 덕진구123-45,010-7657-6260,웹서핑
10191,서예린,58,김해 강서구123-45,010-8025-4847,독서
10192,윤지원,79,용인 분당구123-45,010-9201-8633,영화감상
10193,김예은,34,제주 강서구123-45,010-4436-3582,카페 투어
10194,최도윤,59,제주 분당구123-45,010-4577-7271,독서
10195,최서연,72,제주 분당구123-45,010-4156-6337,자전거 타기
10196,조유진,48,대전 흥덕구123-45,010-2789-3014,요리
10197,강하윤,35,서울 흥덕구123-45,010-9688-6467,사진촬영
10198,강태윤,48,대전 송파구123-45,010-2644-1449,보드게임
10199,이지후,78,인천 북구123-45,010-2340-8740,일기 쓰기
10200,이태윤,23,창원 동구123-45,010-4921-9391,사진촬영
10201,임예린,60,평택 장유동123-45,010-9102-7581,유튜브 보기
10202,서시우,55,포항 팔달구123-45,010-2626-4825,드로잉
10203,정도윤,79,대전 동구123-45,010-7961-8024,게임
10204,이태윤,60,청주 분당구123-45,010-5395-2162,게임
10205,서예은,32,세종 성동구123-45,010-7012-1412,자전거 타기
10206,김도윤,59,전주 북구123-45,010-2051-7401,사진촬영
10207,강하은,24,울산 신제주123-45,010-3771-6196,웹서핑
10208,이지후,70,제주 해운대구123-45,010-8773-1695,사진촬영
10209,이하윤,68,대전 신제주123-45,010-3820-9720,자전거 타기
10210,박지안,78,부산 서북구123-45,010-2815-2679,운동
10211,강서연,77,남양주 강서구123-45,010-4586-6929,영화감상
10212,최서연,75,인천 일산동구123-45,010-2750-4864,일기 쓰기
10213,신지후,56,포항 서북구123-45,010-7524-1929,영화감상
10214,장시우,54,서울 덕진구123-45,010-5414-5668,게임
10215,서수빈,46,안산 성북구123-45,010-5823-1239,유튜브 보기
10216,임하윤,25,서울 남구123-45,010-6389-8811,카페 투어
10217,장예은,32,성남 성동구123-45,010-4190-7502,유튜브 보기
10218,최현우,36,안산 중구123-45,010-3176-5344,요리
10219,박서준,67,제주 유성구123-45,010-4728-3038,독서
10220,윤예린,57,광주 신제주123-45,010-2748-9114,수영
10221,오지민,44,서울 수성구123-45,010-5481-5408,웹서핑
10222,이민수,68,용인 중구123-45,010-6726-3186,게임
10223,김하은,40,고양 강남구123-45,010-3614-2046,사진촬영
10224,장수빈,79,고양 유성구123-45,010-5554-1619,운동
10225,박예린,47,부산 강남구123-45,010-6893-5815,여행
10226,최하윤,58,제주 유성구123-45,010-4054-4180,일기 쓰기
10227,서예린,28,부산 수성구123-45,010-9161-1182,자전거 타기
10228,정현우,34,울산 강서구123-45,010-9831-6215,일기 쓰기
10229,조건우,71,용인 기흥구123-45,010-2521-6931,뜨개질
10230,오지안,29,포항 일산동구123-45,010-8753-8508,음악감상
10231,강서연,32,창원 흥덕구123-45,010-6114-3639,드로잉
10232,박하윤,44,청주 송파구123-45,010-3435-2685,뜨개질
10233,박유진,34,창원 흥덕구123-45,010-9527-7932,보드게임
10234,정은우,34,광주 팔달구123-45,010-6712-1163,뜨개질
10235,박예은,72,남양주 성북구123-45,010-4815-1345,사진촬영
10236,최하윤,31,대구 흥덕구123-45,010-5590-9623,운동
10237,서태윤,73,포항 일산동구123-45,010-7670-8961,여행
10238,강하은,33,남양주 장유동123-45,010-2953-4801,여행
10239,한지안,32,서울 해운대구123-45,010-8442-5196,드로잉
10240,오예린,36,창원 남구123-45,010-4584-7355,게임
10241,이도윤,27,김해 기흥구123-45,010-5543-7203,일기 쓰기
10242,오지후,50,대구 덕양구123-45,010-1798-5654,수영
10243,조하윤,76,평택 성동구123-45,010-4001-5128,요리
10244,박하윤,75,화성 강남구123-45,010-2769-9946,등산
10245,박은우,66,안양 흥덕구123-45,010-4568-4042,웹서핑
10246,윤시우,69,광주 중구123-45,010-6166-6385,수영
10247,이민수,67,대구 팔달구123-45,010-7334-7508,여행
10248,강은우,55,천안 수성구123-45,010-3633-5428,일기 쓰기
10249,정민수,60,성남 서구123-45,010-4770-1134,영화감상
10250,한시우,42,평택 성북구123-45,010-6040-4164,수영
10251,윤시우,30,서울 남구123-45,010-5880-6745,음악감상
10252,임은우,26,청주 달서구123-45,010-4192-5873,자전거 타기
10253,조민수,46,안산 달서구123-45,010-8005-3639,영화감상
10254,임은우,60,광주 중구123-45,010-1542-8661,독서
10255,김지후,33,안양 강서구123-45,010-1143-7216,카페 투어
10256,김지후,46,인천 북구123-45,010-8367-9552,카페 투어
10257,임도윤,56,화성 북구123-45,010-6425-6148,음악감상
10258,강민수,40,용인 성북구123-45,010-1087-9285,독서
10259,장은우,36,포항 성북구123-45,010-4763-4567,자전거 타기
10260,최태윤,24,안산 진해구123-45,010-4604-9243,뜨개질
10261,강서준,30,용인 수성구123-45,010-8087-9295,자전거 타기
10262,정지후,46,전주 기흥구123-45,010-5923-7948,카페 투어
10263,이하은,79,서울 덕양구123-45,010-7139-1878,일기 쓰기
10264,서지안,60,안산 분당구123-45,010-3720-1224,자전거 타기
10265,장소율,40,평택 북구123-45,010-2341-2446,뜨개질
10266,신유진,42,천안 남구123-45,010-3666-7529,웹서핑
10267,박하은,34,창원 덕진구123-45,010-5577-5039,자전거 타기
10268,강시우,34,청주 덕진구123-45,010-3596-6512,사진촬영
10269,윤지안,73,안양 유성구123-45,010-7373-8706,웹서핑
10270,박지안,72,창원 신제주123-45,010-4996-5414,유튜브 보기
10271,김하은,40,전주 진해구123-45,010-8909-6136,등산
10272,임지민,33,청주 북구123-45,010-9711-4627,요리
10273,윤예은,54,수원 성동구123-45,010-3965-9683,게임
10274,임현우,71,서울 송파구123-45,010-4425-2489,유튜브 보기
10275,신지후,70,평택 진해구123-45,010-9101-6530,드로잉
10276,최지민,30,천안 달서구123-45,010-2376-6288,운동
10277,이은우,63,화성 송파구123-45,010-4967-2720,뜨개질
10278,한수빈,64,안양 달서구123-45,010-9833-6379,카페 투어
10279,정도윤,64,청주 팔달구123-45,010-3186-2781,음악감상
10280,장지민,34,울산 신제주123-45,010-5505-4489,보드게임
10281,윤은우,72,전주 북구123-45,010-6362-4131,드로잉
10282,이도윤,79,천안 해운대구123-45,010-4628-7676,게임
10283,최예은,26,천안 강남구123-45,010-4796-3257,카페 투어
10284,이예은,47,서울 진해구123-45,010-3073-1492,드로잉
10285,최도윤,73,고양 신제주123-45,010-3430-3498,일기 쓰기
10286,임수빈,60,부산 북구123-45,010-9355-3011,운동
10287,장하은,39,안양 장유동123-45,010-8859-8990,일기 쓰기
10288,정태윤,49,대구 분당구123-45,010-7887-6994,웹서핑
10289,임하은,77,포항 강남구123-45,010-2282-6142,게임
10290,장현우,23,평택 기흥구123-45,010-4620-5450,웹서핑
10291,최서준,53,대구 장유동123-45,010-2440-5819,독서
10292,윤예은,34,안양 일산동구123-45,010-4357-3963,웹서핑
10293,조도윤,42,전주 성동구123-45,010-1864-6119,영화감상
10294,오하윤,47,수원 해운대구123-45,010-2400-7095,등산
10295,강수빈,62,대전 서북구123-45,010-7897-1785,게임
10296,조소율,20,포항 북구123-45,010-8258-2639,여행
10297,임유진,34,수원 기흥구123-45,010-2255-4220,일기 쓰기
10298,임하은,26,김해 동구123-45,010-2432-6787,운동
10299,윤서연,39,제주 수성구123-45,010-1192-5200,보드게임
10300,박하윤,40,고양 성동구123-45,010-5126-2693,드로잉
10301,임은우,42,광주 성북구123-45,010-2831-1511,등산
10302,김수빈,70,포항 일산동구123-45,010-4890-4334,요리
10303,김지안,20,창원 팔달구123-45,010-7651-1576,요리
10304,김서준,78,천안 신제주123-45,010-5401-4070,일기 쓰기
10305,정수빈,37,안산 신제주123-45,010-8032-9022,영화감상
10306,박태윤,44,대구 성동구123-45,010-9944-3048,독서
10307,박지원,24,전주 신제주123-45,010-6900-6233,독서
10308,오지후,78,서울 중구123-45,010-6587-6987,게임
10309,장건우,73,인천 일산동구123-45,010-5434-8522,음악감상
10310,이소율,47,서울 해운대구123-45,010-9897-6512,여행
10311,오은우,61,인천 덕진구123-45,010-7393-5922,드로잉
10312,최서연,20,청주 덕진구123-45,010-5485-1090,게임
10313,김지원,76,화성 서구123-45,010-5678-3283,여행
10314,임하윤,37,용인 성동구123-45,010-7884-4512,게임
10315,강서연,61,화성 남구123-45,010-7188-8901,사진촬영
10316,임예린,67,수원 중구123-45,010-2565-3299,사진촬영
10317,오서연,79,청주 송파구123-45,010-3234-9081,웹서핑
10318,조하윤,32,용인 유성구123-45,010-8875-2566,음악감상
10319,장시우,21,창원 해운대구123-45,010-8708-5696,게임
10320,한서준,45,안양 분당구123-45,010-4060-3808,여행
10321,임서준,58,광주 장유동123-45,010-6639-9891,일기 쓰기
10322,강지안,73,화성 중구123-45,010-4901-3235,여행
10323,신지민,25,창원 남구123-45,010-2137-5804,웹서핑
10324,김서준,28,고양 달서구123-45,010-5803-9239,음악감상
10325,장서준,69,전주 장유동123-45,010-4334-1498,독서
10326,박지민,56,화성 해운대구123-45,010-7130-1046,드로잉
10327,최예린,49,전주 일산동구123-45,010-8331-4224,사진촬영
10328,박수빈,77,울산 유성구123-45,010-7992-5257,수영
10329,한수빈,24,성남 흥덕구123-45,010-8517-8351,요리
10330,한태윤,53,평택 기흥구123-45,010-2258-6265,영화감상
10331,오수빈,28,인천 신제주123-45,010-5674-5926,드로잉
10332,장지후,59,인천 동구123-45,010-6892-5494,자전거 타기
10333,임건우,54,고양 기흥구123-45,010-5526-9471,드로잉
10334,한지민,44,용인 유성구123-45,010-8349-8890,음악감상
10335,장현우,39,천안 장유동123-45,010-7150-1380,일기 쓰기
10336,박하윤,60,부산 진해구123-45,010-6368-3318,요리
10337,박민수,60,대구 덕진구123-45,010-4759-3549,자전거 타기
10338,장유진,36,세종 일산동구123-45,010-9299-2427,보드게임
10339,장수빈,58,화성 유성구123-45,010-6343-5099,요리
10340,한예린,54,세종 기흥구123-45,010-3811-7137,카페 투어
10341,윤태윤,34,남양주 강서구123-45,010-8450-4312,운동
10342,김유진,51,부산 성동구123-45,010-5604-1882,사진촬영
10343,김소율,73,화성 팔달구123-45,010-5133-9491,일기 쓰기
10344,한시우,46,남양주 덕진구123-45,010-6052-2558,자전거 타기
10345,정소율,28,안산 송파구123-45,010-8430-5223,사진촬영
10346,한소율,51,전주 덕양구123-45,010-6056-5231,자전거 타기
10347,한건우,40,청주 서북구123-45,010-3304-6540,카페 투어
10348,장시우,52,안양 일산동구123-45,010-1917-3158,일기 쓰기
10349,최은우,22,대구 해운대구123-45,010-7362-6483,유튜브 보기
10350,임지후,44,창원 일산동구123-45,010-5816-4956,운동
10351,정하윤,55,창원 해운대구123-45,010-6401-1430,음악감상
10352,장예은,48,인천 성동구123-45,010-2597-7322,등산
10353,강소율,23,남양주 흥덕구123-45,010-6512-6028,자전거 타기
10354,이지안,44,울산 수성구123-45,010-7642-9272,웹서핑
10355,정현우,37,대구 서북구123-45,010-8870-8616,유튜브 보기
10356,윤건우,22,평택 성북구123-45,010-5652-8631,영화감상
10357,오하은,69,김해 성북구123-45,010-6439-8530,요리
10358,임서연,22,창원 중구123-45,010-4591-2898,사진촬영
10359,서건우,63,인천 덕진구123-45,010-7688-7523,카페 투어
10360,신수빈,49,김해 일산동구123-45,010-2170-7408,보드게임
10361,한서준,26,수원 중구123-45,010-3071-9933,보드게임
10362,강지후,29,세종 유성구123-45,010-6320-1059,수영
10363,김현우,33,평택 성동구123-45,010-9968-2311,영화감상
10364,박현우,46,김해 동구123-45,010-2375-4244,카페 투어
10365,최지안,75,고양 기흥구123-45,010-3168-3916,보드게임
10366,박은우,70,평택 서구123-45,010-3083-5179,웹서핑
10367,이하은,55,제주 해운대구123-45,010-4116-9644,여행
10368,서지원,53,부산 서구123-45,010-3555-6466,여행
10369,서예린,63,대전 수성구123-45,010-6322-6361,영화감상
10370,조서연,73,김해 기흥구123-45,010-4970-7954,등산
10371,오서연,77,용인 신제주123-45,010-4142-4690,일기 쓰기
10372,조도윤,34,평택 덕양구123-45,010-4830-7603,유튜브 보기
10373,장서연,40,평택 성동구123-45,010-4957-3186,뜨개질
10374,임하은,74,남양주 해운대구123-45,010-9132-8815,독서
10375,임하윤,58,천안 중구123-45,010-4653-5352,드로잉
10376,조하은,61,용인 진해구123-45,010-7152-3991,게임
10377,신도윤,64,인천 흥덕구123-45,010-2329-8280,게임
10378,한은우,76,천안 수성구123-45,010-8088-4931,게임
10379,한하은,39,남양주 장유동123-45,010-5320-3504,운동
10380,한시우,77,청주 서구123-45,010-1073-5166,영화감상
10381,강유진,28,천안 해운대구123-45,010-6063-8802,여행
10382,조서준,61,부산 서구123-45,010-2656-2743,뜨개질
10383,장은우,29,안양 장유동123-45,010-4417-6056,자전거 타기
10384,오하은,67,대전 남구123-45,010-2746-9399,게임
10385,한은우,48,평택 장유동123-45,010-5077-8346,자전거 타기
10386,신하윤,55,고양 강서구123-45,010-9555-7121,게임
10387,윤민수,37,서울 흥덕구123-45,010-7815-9353,요리
10388,최예은,76,세종 서북구123-45,010-9617-6236,운동
10389,최시우,48,부산 강남구123-45,010-1660-4310,게임
10390,장하윤,79,전주 진해구123-45,010-9497-4513,여행
10391,임하윤,46,안양 덕양구123-45,010-5914-6779,등산
10392,장시우,73,고양 분당구123-45,010-5504-9955,영화감상
10393,최하윤,64,평택 남구123-45,010-6397-4063,요리
10394,임서준,21,포항 서북구123-45,010-4866-4265,자전거 타기
10395,정태윤,55,대전 성동구123-45,010-1786-1685,여행
10396,윤예린,69,안산 수성구123-45,010-6285-5573,사진촬영
10397,최지민,51,울산 장유동123-45,010-1470-6941,일기 쓰기
10398,박서연,44,대전 남구123-45,010-6342-6295,뜨개질
10399,최하은,75,천안 중구123-45,010-7495-6696,자전거 타기
10400,김서연,23,전주 강남구123-45,010-5210-6074,사진촬영
10401,조유진,78,광주 강서구123-45,010-6201-3552,음악감상
10402,이수빈,42,포항 성동구123-45,010-2669-5725,일기 쓰기
10403,신하윤,27,안산 유성구123-45,010-2777-2637,영화감상
10404,조민수,26,김해 덕양구123-45,010-7053-6713,자전거 타기
10405,장하은,29,청주 분당구123-45,010-6437-3471,게임
10406,강현우,73,남양주 성북구123-45,010-1727-4409,뜨개질
10407,장도윤,23,세종 덕양구123-45,010-5896-9834,수영
10408,장서연,79,광주 기흥구123-45,010-2264-9484,여행
10409,강소율,72,제주 유성구123-45,010-4625-4316,요리
10410,오서연,70,포항 일산동구123-45,010-1692-4475,웹서핑
10411,임지안,67,성남 유성구123-45,010-3485-3887,운동
10412,김서준,22,서울 서구123-45,010-8282-1881,자전거 타기
10413,한소율,63,인천 덕진구123-45,010-5047-5365,자전거 타기
10414,임하윤,29,화성 덕진구123-45,010-1877-9021,보드게임
10415,박지안,78,인천 분당구123-45,010-5238-6366,등산
10416,이수빈,75,광주 북구123-45,010-4450-8369,요리
10417,서도윤,21,안산 진해구123-45,010-1582-5475,영화감상
10418,박유진,69,부산 동구123-45,010-7352-6645,사진촬영
10419,최건우,42,안산 중구123-45,010-1452-6341,일기 쓰기
10420,박서준,41,창원 강남구123-45,010-2178-2916,등산
10421,강하은,32,안양 팔달구123-45,010-4710-7702,영화감상
10422,최지후,64,서울 흥덕구123-45,010-6326-1685,영화감상
10423,정지민,21,서울 남구123-45,010-2256-6086,영화감상
10424,강예린,54,안양 북구123-45,010-5705-7993,수영
10425,한하은,78,수원 서구123-45,010-9439-7069,음악감상
10426,최하윤,44,안양 분당구123-45,010-3608-1979,영화감상
10427,한지민,56,안양 남구123-45,010-4840-4911,드로잉
10428,이현우,40,고양 유성구123-45,010-6335-2042,운동
10429,신지원,60,화성 기흥구123-45,010-8681-4642,유튜브 보기
10430,강지원,42,광주 달서구123-45,010-3300-7336,게임
10431,조하윤,71,제주 수성구123-45,010-4302-5632,수영
10432,서시우,28,울산 송파구123-45,010-2276-6237,게임
10433,오하윤,45,세종 수성구123-45,010-3644-2451,카페 투어
10434,정건우,78,수원 해운대구123-45,010-4876-8835,뜨개질
10435,강지후,53,포항 신제주123-45,010-4728-9499,게임
10436,박서준,46,청주 신제주123-45,010-6496-2795,수영
10437,윤민수,35,평택 동구123-45,010-6368-6033,영화감상
10438,이서연,72,김해 강남구123-45,010-7103-7526,자전거 타기
10439,이시우,44,울산 덕진구123-45,010-8112-5799,자전거 타기
10440,장수빈,57,고양 유성구123-45,010-6100-1900,일기 쓰기
10441,장지원,76,포항 달서구123-45,010-6261-3892,여행
10442,조수빈,47,화성 서구123-45,010-4116-2191,운동
10443,이유진,78,청주 유성구123-45,010-3509-8555,여행
10444,윤지민,39,수원 서구123-45,010-5486-8936,사진촬영
10445,강지안,22,화성 덕진구123-45,010-1028-2804,요리
10446,강예은,25,포항 덕양구123-45,010-6653-6655,뜨개질
10447,강시우,40,포항 덕양구123-45,010-5575-5760,등산
10448,임예린,70,전주 송파구123-45,010-1191-5095,수영
10449,오하윤,78,수원 북구123-45,010-1739-1512,영화감상
10450,서수빈,36,남양주 해운대구123-45,010-3513-2942,여행
10451,김도윤,66,김해 달서구123-45,010-1261-3678,여행
10452,윤하은,39,천안 덕진구123-45,010-7048-2768,자전거 타기
10453,임태윤,79,안양 송파구123-45,010-9067-2266,요리
10454,김현우,45,포항 일산동구123-45,010-6560-6812,카페 투어
10455,최예은,72,김해 북구123-45,010-8889-9541,보드게임
10456,최도윤,66,안양 북구123-45,010-8487-8852,음악감상
10457,김현우,40,대구 서북구123-45,010-2445-1816,등산
10458,정지안,64,대전 분당구123-45,010-5026-7297,일기 쓰기
10459,임하윤,53,창원 북구123-45,010-9378-7084,여행
10460,최은우,79,안산 일산동구123-45,010-5006-6747,게임
10461,박하윤,48,인천 분당구123-45,010-6743-1115,뜨개질
10462,서하은,72,포항 성북구123-45,010-2207-3396,유튜브 보기
10463,오지안,34,안양 강남구123-45,010-6712-1549,카페 투어
10464,조은우,41,용인 서구123-45,010-6235-4589,운동
10465,이서연,48,전주 강서구123-45,010-1827-3923,보드게임
10466,장소율,71,울산 일산동구123-45,010-2535-3382,음악감상
10467,이지원,52,수원 강서구123-45,010-9939-8142,유튜브 보기
10468,이예린,58,인천 일산동구123-45,010-3104-2482,운동
10469,김지안,49,안산 덕양구123-45,010-4695-9199,유튜브 보기
10470,김도윤,79,고양 덕양구123-45,010-3970-1727,카페 투어
10471,김소율,24,김해 동구123-45,010-2244-9576,사진촬영
10472,최태윤,64,용인 팔달구123-45,010-3139-9801,유튜브 보기
10473,윤현우,24,인천 북구123-45,010-3949-7872,뜨개질
10474,박예은,77,김해 수성구123-45,010-3072-7943,요리
10475,박서준,37,김해 동구123-45,010-2105-1066,웹서핑
10476,최서준,76,안산 성동구123-45,010-9934-6659,독서
10477,서건우,24,천안 강서구123-45,010-8716-5911,유튜브 보기
10478,장서준,65,안양 달서구123-45,010-4002-8742,유튜브 보기
10479,박소율,50,제주 분당구123-45,010-5371-5798,뜨개질
10480,윤민수,70,안양 수성구123-45,010-4448-1136,드로잉
10481,임수빈,63,고양 덕진구123-45,010-8028-7018,유튜브 보기
10482,신서준,39,광주 수성구123-45,010-3750-3339,여행
10483,강지후,58,용인 덕양구123-45,010-7187-5458,음악감상
10484,장도윤,33,울산 북구123-45,010-8705-4120,웹서핑
10485,장서준,43,제주 강남구123-45,010-2445-6865,수영
10486,임서준,54,부산 해운대구123-45,010-4373-3456,운동
10487,최태윤,78,화성 덕양구123-45,010-3831-6472,등산
10488,한지원,51,제주 강서구123-45,010-7329-4395,수영
10489,조하은,78,서울 북구123-45,010-5895-4630,자전거 타기
10490,조서연,27,김해 송파구123-45,010-9064-6315,음악감상
10491,윤시우,62,포항 일산동구123-45,010-3112-6534,자전거 타기
10492,장지안,22,고양 달서구123-45,010-4776-2552,자전거 타기
10493,정수빈,49,인천 일산동구123-45,010-1370-6224,자전거 타기
10494,정수빈,39,울산 송파구123-45,010-5541-7573,유튜브 보기
10495,조민수,66,전주 동구123-45,010-8207-7541,사진촬영
10496,임소율,71,안산 신제주123-45,010-1566-2689,음악감상
10497,장지민,43,고양 분당구123-45,010-8998-3062,게임
10498,서서연,51,창원 중구123-45,010-3894-2461,자전거 타기
10499,윤서준,30,안양 성동구123-45,010-8659-2660,운동
10500,조건우,70,대전 성북구123-45,010-8355-7332,뜨개질
10501,윤민수,50,부산 북구123-45,010-9667-8065,드로잉
10502,신서연,58,남양주 덕진구123-45,010-3810-2645,카페 투어
10503,박하은,33,수원 덕진구123-45,010-8771-4029,보드게임
10504,한은우,62,서울 팔달구123-45,010-2327-7050,유튜브 보기
10505,한예은,60,안산 일산동구123-45,010-9169-2353,수영
10506,장서연,63,포항 성동구123-45,010-7504-2059,등산
10507,정지후,64,평택 해운대구123-45,010-1753-9286,사진촬영
10508,신지민,29,안산 강서구123-45,010-6802-2378,게임
10509,정지후,43,포항 덕양구123-45,010-3592-3317,사진촬영
10510,서지안,37,전주 강남구123-45,010-2866-7840,일기 쓰기
10511,박서연,64,안산 일산동구123-45,010-3876-1576,독서
10512,서유진,29,포항 성북구123-45,010-5165-3126,드로잉
10513,최지민,44,울산 유성구123-45,010-2393-4855,등산
10514,이지민,25,수원 강남구123-45,010-4775-2932,운동
10515,윤은우,50,성남 진해구123-45,010-9476-6779,독서
10516,박은우,39,성남 송파구123-45,010-7094-5300,드로잉
10517,임태윤,50,세종 동구123-45,010-8554-1829,게임
10518,김도윤,31,제주 덕양구123-45,010-4783-1479,운동
10519,장현우,57,제주 신제주123-45,010-8257-3511,음악감상
10520,조건우,31,화성 장유동123-45,010-7943-1950,보드게임
10521,김태윤,20,대구 장유동123-45,010-4964-1608,독서
10522,임지후,63,성남 분당구123-45,010-9202-6361,뜨개질
10523,서지민,32,평택 북구123-45,010-3987-7355,드로잉
10524,박시우,73,안산 중구123-45,010-8822-2554,게임
10525,장지원,61,서울 수성구123-45,010-9808-3528,수영
10526,김지민,61,성남 분당구123-45,010-4248-5961,보드게임
10527,신민수,38,광주 동구123-45,010-2266-9705,뜨개질
10528,이하은,64,세종 장유동123-45,010-2981-4632,음악감상
10529,김현우,38,수원 해운대구123-45,010-7101-7197,카페 투어
10530,이예린,20,천안 유성구123-45,010-5665-1168,사진촬영
10531,정시우,64,청주 진해구123-45,010-9830-9383,독서
10532,서하은,37,광주 남구123-45,010-9962-9210,수영
10533,한소율,32,평택 중구123-45,010-8994-6727,자전거 타기
10534,정예린,69,대전 성북구123-45,010-6565-8606,뜨개질
10535,오도윤,26,안산 성동구123-45,010-3175-8718,웹서핑
10536,이현우,61,성남 기흥구123-45,010-8679-6742,뜨개질
10537,장지안,72,포항 서북구123-45,010-6401-3661,사진촬영
10538,오민수,72,평택 성동구123-45,010-7660-9867,운동
10539,박은우,72,제주 강남구123-45,010-4933-1310,여행
10540,서지민,26,제주 달서구123-45,010-1107-2726,보드게임
10541,장예린,25,전주 성동구123-45,010-6137-8120,음악감상
10542,장예린,33,인천 흥덕구123-45,010-8959-1583,사진촬영
10543,조유진,37,성남 달서구123-45,010-6800-2958,유튜브 보기
10544,김서연,32,남양주 강서구123-45,010-5822-9392,수영
10545,장은우,29,포항 성북구123-45,010-5314-4888,웹서핑
10546,정지민,72,서울 기흥구123-45,010-5836-2585,게임
10547,김소율,43,안양 서북구123-45,010-4841-2736,웹서핑
10548,임서준,65,인천 북구123-45,010-1463-3941,영화감상
10549,장소율,50,대구 중구123-45,010-2875-6021,뜨개질
10550,조소율,52,김해 장유동123-45,010-1965-2443,운동
10551,이유진,40,광주 서구123-45,010-3414-5450,요리
10552,서민수,23,대구 성북구123-45,010-3808-5612,수영
10553,김서연,78,창원 신제주123-45,010-7902-5847,보드게임
10554,김지민,23,세종 일산동구123-45,010-7920-2531,뜨개질
10555,정태윤,37,성남 남구123-45,010-5481-1413,음악감상
10556,한태윤,59,김해 기흥구123-45,010-4160-5079,사진촬영
10557,서현우,50,서울 장유동123-45,010-5002-2893,유튜브 보기
10558,정예은,51,김해 수성구123-45,010-4039-5890,사진촬영
10559,최지안,42,울산 성북구123-45,010-9368-3137,사진촬영
10560,윤하윤,46,수원 달서구123-45,010-7191-2284,등산
10561,박지원,57,인천 동구123-45,010-4383-8192,여행
10562,오지안,53,포항 덕진구123-45,010-4560-6831,카페 투어
10563,김하은,50,서울 분당구123-45,010-1165-5405,게임
10564,신서준,45,포항 흥덕구123-45,010-4638-6444,음악감상
10565,윤서준,25,수원 장유동123-45,010-2622-9281,자전거 타기
10566,최은우,76,평택 서구123-45,010-2485-8940,운동
10567,한지후,79,김해 유성구123-45,010-3399-6507,수영
10568,강지원,23,세종 강서구123-45,010-7371-7207,유튜브 보기
10569,임시우,76,세종 서북구123-45,010-1357-3661,음악감상
10570,오수빈,70,부산 흥덕구123-45,010-3484-1999,운동
10571,임도윤,59,김해 서구123-45,010-5821-2465,유튜브 보기
10572,김유진,38,포항 기흥구123-45,010-5023-9261,유튜브 보기
10573,신유진,48,서울 신제주123-45,010-7293-3879,음악감상
10574,김수빈,53,청주 진해구123-45,010-6759-6297,웹서핑
10575,조건우,39,전주 북구123-45,010-1857-8272,여행
10576,정하윤,28,창원 팔달구123-45,010-3130-9261,운동
10577,한지원,50,광주 서북구123-45,010-4502-2910,드로잉
10578,한서준,75,안산 신제주123-45,010-1109-3858,운동
10579,박지민,59,평택 덕양구123-45,010-2226-6424,사진촬영
10580,정하은,75,창원 달서구123-45,010-6525-7369,자전거 타기
10581,한민수,65,성남 덕진구123-45,010-5889-8769,등산
10582,김은우,21,포항 성북구123-45,010-4166-3978,음악감상
10583,장시우,79,광주 기흥구123-45,010-4016-6689,여행
10584,한하윤,44,고양 서구123-45,010-9638-4711,영화감상
10585,조도윤,64,평택 기흥구123-45,010-2420-3441,사진촬영
10586,한하윤,26,세종 남구123-45,010-5162-4689,드로잉
10587,신시우,42,남양주 일산동구123-45,010-1075-8266,드로잉
10588,강지민,58,안산 성동구123-45,010-8735-8456,웹서핑
10589,김수빈,22,대전 강남구123-45,010-1665-2646,운동
10590,강도윤,77,안양 분당구123-45,010-4161-2454,독서
10591,이민수,25,광주 강남구123-45,010-5691-4165,뜨개질
10592,서태윤,23,광주 남구123-45,010-1910-2972,음악감상
10593,윤지후,48,성남 북구123-45,010-6558-7608,음악감상
10594,장은우,53,천안 기흥구123-45,010-6291-2314,독서
10595,임유진,65,부산 강서구123-45,010-5680-9592,자전거 타기
10596,정은우,25,전주 장유동123-45,010-9629-3130,등산
10597,이서준,39,김해 동구123-45,010-7797-5054,요리
10598,한지후,36,평택 중구123-45,010-6280-4509,등산
10599,조지민,27,안양 수성구123-45,010-2922-1492,게임
10600,한지민,77,서울 진해구123-45,010-9883-9308,웹서핑
10601,강지원,28,안산 덕진구123-45,010-2981-6450,독서
10602,정지후,56,용인 송파구123-45,010-3225-7015,여행
10603,임태윤,42,전주 동구123-45,010-3665-4617,드로잉
10604,김서준,67,안산 강남구123-45,010-8799-4848,뜨개질
10605,오현우,66,포항 일산동구123-45,010-9541-6226,등산
10606,김하은,61,김해 기흥구123-45,010-7748-2312,카페 투어
10607,임지민,33,울산 중구123-45,010-9526-3614,여행
10608,장수빈,23,화성 유성구123-45,010-8571-3599,수영
10609,박민수,47,대전 해운대구123-45,010-2439-2319,웹서핑
10610,오지민,49,용인 성동구123-45,010-4610-4383,카페 투어
10611,오하윤,47,광주 해운대구123-45,010-6647-3941,일기 쓰기
10612,강서연,77,부산 동구123-45,010-4222-4913,웹서핑
10613,신시우,53,남양주 강서구123-45,010-2770-1937,자전거 타기
10614,조지안,67,고양 성북구123-45,010-4868-4413,음악감상
10615,조지원,25,고양 흥덕구123-45,010-1006-3020,여행
10616,윤서준,48,대전 동구123-45,010-4144-5878,보드게임
10617,장도윤,70,창원 북구123-45,010-3230-7487,수영
10618,이도윤,38,청주 달서구123-45,010-9176-5394,등산
10619,오지안,55,광주 성동구123-45,010-2249-1780,사진촬영
10620,최도윤,33,고양 서북구123-45,010-1257-1317,음악감상
10621,한예은,55,천안 북구123-45,010-8043-3651,운동
10622,서도윤,35,용인 신제주123-45,010-4560-5518,보드게임
10623,오민수,65,천안 신제주123-45,010-5250-4653,독서
10624,박건우,20,대전 강남구123-45,010-4385-1791,등산
10625,임소율,27,남양주 북구123-45,010-4569-3075,게임
10626,김현우,38,울산 일산동구123-45,010-4338-3945,여행
10627,강도윤,55,대전 해운대구123-45,010-2783-5503,보드게임
10628,정태윤,77,부산 분당구123-45,010-1112-9133,카페 투어
10629,강시우,28,제주 덕진구123-45,010-3232-9680,수영
10630,신유진,23,화성 북구123-45,010-5664-2643,자전거 타기
10631,강지안,60,용인 성북구123-45,010-7458-6769,드로잉
10632,임서연,60,울산 팔달구123-45,010-9694-2372,등산
10633,한지민,64,용인 해운대구123-45,010-7289-4586,카페 투어
10634,이지원,61,성남 일산동구123-45,010-6825-2011,여행
10635,정민수,53,세종 신제주123-45,010-9946-6092,카페 투어
10636,정수빈,68,인천 수성구123-45,010-9148-5815,유튜브 보기
10637,신서연,37,부산 일산동구123-45,010-9594-7721,뜨개질
10638,서지후,58,평택 덕진구123-45,010-2868-8490,드로잉
10639,신지원,35,평택 해운대구123-45,010-8518-5312,음악감상
10640,장지원,50,수원 덕진구123-45,010-9856-8733,독서
10641,최민수,36,대구 성동구123-45,010-4836-4676,뜨개질
10642,최예린,64,제주 성동구123-45,010-1515-5720,사진촬영
10643,오지안,23,인천 중구123-45,010-6512-2613,카페 투어
10644,조예은,27,울산 해운대구123-45,010-2803-6437,뜨개질
10645,강현우,20,천안 서구123-45,010-7536-5085,보드게임
10646,장은우,76,수원 성북구123-45,010-7245-7845,음악감상
10647,정지안,60,평택 서구123-45,010-8399-4307,요리
10648,박지민,44,광주 달서구123-45,010-7806-1672,음악감상
10649,김도윤,52,성남 장유동123-45,010-3812-7314,등산
10650,윤지원,66,천안 덕양구123-45,010-7674-2280,등산
10651,윤건우,25,제주 성동구123-45,010-3179-4050,자전거 타기
10652,신수빈,44,성남 팔달구123-45,010-7975-3222,음악감상
10653,최지안,51,성남 강서구123-45,010-6082-4236,카페 투어
10654,정하윤,61,울산 해운대구123-45,010-7714-4411,웹서핑
10655,최하윤,49,인천 성북구123-45,010-2220-2929,카페 투어
10656,강시우,46,고양 성동구123-45,010-8792-2839,수영
10657,윤도윤,70,광주 서구123-45,010-6664-5154,카페 투어
10658,이예린,67,광주 유성구123-45,010-4413-3588,보드게임
10659,박하은,53,대전 신제주123-45,010-6490-8769,게임
10660,오하윤,21,수원 덕진구123-45,010-5335-8011,음악감상
10661,오시우,70,수원 서북구123-45,010-6872-6718,여행
10662,정유진,46,전주 덕진구123-45,010-3115-4204,수영
10663,최건우,21,화성 동구123-45,010-1486-8434,게임
10664,김지후,46,제주 중구123-45,010-6750-8497,유튜브 보기
10665,오도윤,72,제주 신제주123-45,010-8457-4702,뜨개질
10666,이지민,27,남양주 흥덕구123-45,010-1997-2619,카페 투어
10667,장지민,25,천안 강서구123-45,010-6606-1988,웹서핑
10668,신수빈,57,제주 팔달구123-45,010-2780-7258,일기 쓰기
10669,이건우,27,서울 일산동구123-45,010-9930-9228,일기 쓰기
10670,강지민,22,세종 성북구123-45,010-9369-1929,자전거 타기
10671,이지민,44,성남 성동구123-45,010-4547-1998,카페 투어
10672,최민수,50,포항 강서구123-45,010-9465-7526,여행
10673,윤지민,42,안산 서구123-45,010-5173-5078,뜨개질
10674,신예은,22,울산 수성구123-45,010-9072-8733,요리
10675,강하윤,64,대전 덕양구123-45,010-6837-6538,보드게임
10676,김하은,60,세종 성동구123-45,010-7980-1269,음악감상
10677,임지후,44,부산 일산동구123-45,010-2129-1076,뜨개질
10678,임서연,21,평택 장유동123-45,010-1547-9368,뜨개질
10679,이서준,35,제주 해운대구123-45,010-2373-2414,자전거 타기
10680,조수빈,49,서울 진해구123-45,010-8335-1959,유튜브 보기
10681,오예은,70,서울 서구123-45,010-9878-3784,카페 투어
10682,장은우,65,고양 북구123-45,010-9600-2674,보드게임
10683,서소율,42,제주 수성구123-45,010-3113-1171,등산
10684,조태윤,47,수원 북구123-45,010-1833-2803,일기 쓰기
10685,이수빈,72,안산 신제주123-45,010-4028-8496,카페 투어
10686,김유진,43,천안 진해구123-45,010-7105-6459,뜨개질
10687,임하은,69,천안 성동구123-45,010-1619-3089,여행
10688,강서준,47,고양 성북구123-45,010-2147-1211,드로잉
10689,김예은,74,포항 성북구123-45,010-3787-2478,카페 투어
10690,신민수,43,전주 북구123-45,010-8996-2803,유튜브 보기
10691,오예린,59,성남 해운대구123-45,010-7746-2952,요리
10692,장현우,61,용인 장유동123-45,010-1011-6397,웹서핑
10693,강예린,51,전주 진해구123-45,010-5731-9264,독서
10694,이수빈,61,대구 기흥구123-45,010-7579-7522,카페 투어
10695,박예린,38,남양주 진해구123-45,010-5485-4815,뜨개질
10696,최하윤,44,대전 달서구123-45,010-9298-4778,사진촬영
10697,강소율,24,세종 중구123-45,010-5732-5127,게임
10698,김지후,44,용인 기흥구123-45,010-5989-4631,자전거 타기
10699,임유진,48,전주 일산동구123-45,010-5126-5399,수영
10700,이유진,58,제주 성북구123-45,010-4408-4274,여행
10701,최예은,54,대구 장유동123-45,010-7263-9074,여행
10702,강태윤,66,서울 덕진구123-45,010-9193-7955,카페 투어
10703,조도윤,34,천안 해운대구123-45,010-9092-4233,자전거 타기
10704,최지후,37,부산 기흥구123-45,010-4109-7308,사진촬영
10705,이예은,79,수원 흥덕구123-45,010-3394-4387,드로잉
10706,박은우,61,성남 덕양구123-45,010-9225-2750,여행
10707,강지원,72,인천 해운대구123-45,010-4335-7578,보드게임
10708,윤서연,74,안양 기흥구123-45,010-7466-8273,요리
10709,서수빈,79,창원 성동구123-45,010-7030-8776,유튜브 보기
10710,한서준,30,창원 강남구123-45,010-2484-7312,웹서핑
10711,한지후,78,세종 송파구123-45,010-9174-7901,요리
10712,박예은,25,포항 장유동123-45,010-2445-1834,웹서핑
10713,서은우,36,평택 유성구123-45,010-5908-9994,음악감상
10714,강유진,61,평택 중구123-45,010-5202-4904,게임
10715,정민수,47,평택 유성구123-45,010-4531-9473,요리
10716,한유진,74,평택 중구123-45,010-6544-4853,뜨개질
10717,윤예린,20,포항 팔달구123-45,010-5058-2529,등산
10718,강지민,65,김해 북구123-45,010-2675-9296,보드게임
10719,조민수,56,용인 송파구123-45,010-6622-9229,여행
10720,강서준,56,울산 남구123-45,010-5625-4234,자전거 타기
10721,한소율,45,울산 팔달구123-45,010-7418-5605,영화감상
10722,장지후,52,안산 신제주123-45,010-5799-8222,카페 투어
10723,신서연,30,평택 분당구123-45,010-3261-3682,독서
10724,정유진,25,성남 달서구123-45,010-8618-5851,사진촬영
10725,최은우,57,포항 장유동123-45,010-2987-3414,사진촬영
10726,장민수,32,대구 동구123-45,010-9302-7691,드로잉
10727,윤지민,74,포항 해운대구123-45,010-4633-9008,일기 쓰기
10728,임태윤,27,울산 동구123-45,010-5050-4311,사진촬영
10729,김태윤,32,용인 수성구123-45,010-8060-4187,보드게임
10730,한건우,46,울산 일산동구123-45,010-6513-5679,여행
10731,윤은우,71,용인 강서구123-45,010-2218-2423,보드게임
10732,조현우,79,인천 서북구123-45,010-4280-6725,등산
10733,윤유진,20,부산 덕양구123-45,010-4071-8125,뜨개질
10734,정은우,34,울산 수성구123-45,010-4822-3665,등산
10735,임서준,72,천안 성북구123-45,010-9864-3879,뜨개질
10736,조도윤,37,창원 달서구123-45,010-2734-3174,일기 쓰기
10737,박도윤,28,부산 강서구123-45,010-7747-4164,독서
10738,한예은,68,성남 팔달구123-45,010-1222-6635,등산
10739,조지원,48,울산 장유동123-45,010-7948-4063,웹서핑
10740,최예린,24,천안 덕진구123-45,010-3739-7778,독서
10741,오건우,31,안양 달서구123-45,010-9952-2744,수영
10742,최태윤,51,대구 성북구123-45,010-3538-2539,운동
10743,오서연,76,청주 덕양구123-45,010-7516-3632,수영
10744,한시우,42,대구 성동구123-45,010-1615-8624,웹서핑
10745,장지후,70,창원 중구123-45,010-9846-6273,등산
10746,이하은,52,포항 달서구123-45,010-9192-6602,수영
10747,윤예은,64,고양 남구123-45,010-7378-6050,일기 쓰기
10748,김건우,65,수원 서구123-45,010-3354-3770,드로잉
10749,오건우,33,수원 수성구123-45,010-8421-8430,요리
10750,정은우,76,수원 북구123-45,010-5906-5480,요리
10751,정지안,52,대전 남구123-45,010-1708-4213,여행
10752,신현우,22,전주 일산동구123-45,010-9476-3774,독서
10753,장민수,76,고양 덕진구123-45,010-2037-9632,보드게임
10754,박수빈,32,남양주 동구123-45,010-9534-3405,운동
10755,김서준,48,화성 달서구123-45,010-1284-6753,사진촬영
10756,이은우,49,남양주 덕양구123-45,010-1101-7237,영화감상
10757,강태윤,42,천안 서구123-45,010-1118-8031,자전거 타기
10758,이하윤,27,세종 동구123-45,010-8230-8808,독서
10759,김현우,71,전주 송파구123-45,010-3944-7109,여행
10760,강지민,53,청주 서북구123-45,010-2949-2191,등산
10761,오현우,68,용인 서구123-45,010-8920-8515,뜨개질
10762,윤민수,72,천안 달서구123-45,010-3513-4091,영화감상
10763,오지후,58,청주 동구123-45,010-6130-6155,독서
10764,장하은,76,용인 팔달구123-45,010-5573-7172,뜨개질
10765,한수빈,55,인천 유성구123-45,010-9299-1476,뜨개질
10766,정지민,62,제주 덕양구123-45,010-1966-7924,카페 투어
10767,임서연,46,김해 달서구123-45,010-3577-8265,사진촬영
10768,이하은,56,성남 기흥구123-45,010-1355-8220,운동
10769,강현우,41,화성 해운대구123-45,010-5944-2042,독서
10770,신예린,58,남양주 유성구123-45,010-3007-9716,음악감상
10771,정지후,76,광주 덕진구123-45,010-7925-3320,뜨개질
10772,김유진,38,평택 서북구123-45,010-5744-3878,음악감상
10773,오지민,78,안산 해운대구123-45,010-4373-5076,유튜브 보기
10774,서지안,48,서울 강서구123-45,010-1419-2379,수영
10775,정하은,55,대전 서북구123-45,010-6342-2703,일기 쓰기
10776,조서연,46,성남 중구123-45,010-8325-8427,사진촬영
10777,이지후,76,평택 유성구123-45,010-2940-5715,영화감상
10778,이서연,72,세종 흥덕구123-45,010-3514-3560,음악감상
10779,윤소율,42,남양주 진해구123-45,010-5132-9768,유튜브 보기
10780,서지민,36,평택 서구123-45,010-1208-4347,카페 투어
10781,최유진,65,안양 진해구123-45,010-1827-3295,보드게임
10782,강태윤,38,안산 덕양구123-45,010-1276-4877,요리
10783,박민수,48,대구 덕양구123-45,010-7359-7601,수영
10784,윤현우,79,용인 성동구123-45,010-1411-3926,영화감상
10785,윤예린,39,창원 신제주123-45,010-2356-6424,일기 쓰기
10786,임서연,69,안산 신제주123-45,010-4681-3984,보드게임
10787,정은우,62,화성 서구123-45,010-1759-6563,보드게임
10788,김태윤,28,광주 유성구123-45,010-4708-5651,음악감상
10789,정지원,76,전주 유성구123-45,010-2605-6677,음악감상
10790,김민수,62,세종 수성구123-45,010-3609-5970,웹서핑
10791,윤건우,60,고양 신제주123-45,010-3364-3214,요리
10792,윤도윤,20,남양주 성동구123-45,010-2245-5748,등산
10793,박지후,20,제주 송파구123-45,010-1792-1672,수영
10794,최유진,53,포항 중구123-45,010-5237-7195,사진촬영
10795,서서연,62,평택 성북구123-45,010-2038-5922,카페 투어
10796,박하윤,57,제주 장유동123-45,010-4301-6479,웹서핑
10797,서하윤,53,대구 유성구123-45,010-4196-8687,운동
10798,한지원,46,청주 동구123-45,010-3107-4290,게임
10799,조유진,47,김해 강남구123-45,010-1710-3487,드로잉
10800,이지후,59,창원 장유동123-45,010-3148-8541,보드게임
10801,강민수,58,제주 중구123-45,010-6929-8579,유튜브 보기
10802,임시우,49,대전 신제주123-45,010-8060-3857,뜨개질
10803,김시우,45,화성 덕진구123-45,010-4210-2980,뜨개질
10804,임하은,20,인천 동구123-45,010-3730-6438,여행
10805,한하윤,74,제주 달서구123-45,010-8239-7636,뜨개질
10806,이은우,37,대구 분당구123-45,010-5073-7694,카페 투어
10807,신수빈,22,대구 수성구123-45,010-4899-3442,뜨개질
10808,서서연,70,남양주 수성구123-45,010-4519-5338,운동
10809,정수빈,70,김해 중구123-45,010-3134-3417,등산
10810,김시우,60,안양 성동구123-45,010-2184-2410,게임
10811,서도윤,55,광주 진해구123-45,010-3506-4185,독서
10812,이태윤,63,창원 유성구123-45,010-8355-4216,자전거 타기
10813,임예린,66,남양주 팔달구123-45,010-5758-3452,카페 투어
10814,임도윤,20,성남 기흥구123-45,010-6731-2581,영화감상
10815,한지안,76,안양 성동구123-45,010-2285-2257,드로잉
10816,윤지원,57,인천 덕진구123-45,010-5142-3018,운동
10817,이소율,26,인천 덕진구123-45,010-5087-3307,운동
10818,임지민,50,안양 덕진구123-45,010-5952-5751,유튜브 보기
10819,최하윤,28,인천 팔달구123-45,010-3934-7906,영화감상
10820,윤민수,48,제주 성북구123-45,010-4616-2654,독서
10821,조서연,53,안양 서구123-45,010-4161-5983,요리
10822,이서연,25,안산 수성구123-45,010-7617-6503,보드게임
10823,서은우,49,수원 덕양구123-45,010-5372-7187,수영
10824,장지후,70,평택 흥덕구123-45,010-8649-6845,요리
10825,서현우,32,세종 남구123-45,010-4620-5752,운동
10826,장지후,23,울산 해운대구123-45,010-2629-3623,사진촬영
10827,박지원,61,인천 진해구123-45,010-1422-2590,일기 쓰기
10828,정하윤,45,전주 중구123-45,010-3641-2974,일기 쓰기
10829,박지원,32,안양 수성구123-45,010-6704-9390,음악감상
10830,서지후,54,대전 신제주123-45,010-8187-8397,유튜브 보기
10831,조서연,77,천안 기흥구123-45,010-6742-8409,요리
10832,정지원,47,안산 팔달구123-45,010-7360-8235,등산
10833,조소율,51,청주 강서구123-45,010-9950-6640,요리
10834,박지원,56,고양 성북구123-45,010-9861-8618,자전거 타기
10835,이지민,37,안양 신제주123-45,010-5051-1373,게임
10836,신건우,38,창원 성동구123-45,010-3407-2250,웹서핑
10837,신시우,69,전주 송파구123-45,010-6028-8751,수영
10838,장하윤,27,부산 서북구123-45,010-1514-7813,여행
10839,박예은,61,안산 신제주123-45,010-8901-6713,영화감상
10840,임서연,55,천안 해운대구123-45,010-1676-3452,뜨개질
10841,장서준,60,안산 강남구123-45,010-3907-3476,수영
10842,조수빈,39,천안 일산동구123-45,010-8378-1480,보드게임
10843,김예린,68,포항 달서구123-45,010-8212-4935,보드게임
10844,임수빈,49,평택 성동구123-45,010-9969-1705,뜨개질
10845,정태윤,58,고양 달서구123-45,010-2156-6533,독서
10846,최지안,30,남양주 서구123-45,010-3517-5921,웹서핑
10847,서하은,23,평택 분당구123-45,010-6968-4509,뜨개질
10848,조예은,30,서울 해운대구123-45,010-8380-5145,수영
10849,오민수,53,평택 강서구123-45,010-6942-4378,유튜브 보기
10850,이도윤,58,평택 송파구123-45,010-1059-3106,유튜브 보기
10851,강수빈,23,안산 북구123-45,010-1985-8412,수영
10852,최서준,48,화성 분당구123-45,010-5839-1644,일기 쓰기
10853,정지원,51,대전 진해구123-45,010-2496-7509,등산
10854,장지원,69,인천 동구123-45,010-7268-2273,보드게임
10855,신지민,45,평택 흥덕구123-45,010-6679-2588,사진촬영
10856,이민수,24,광주 흥덕구123-45,010-9873-3809,뜨개질
10857,최시우,44,인천 강남구123-45,010-7652-3620,여행
10858,김현우,49,부산 수성구123-45,010-3937-3935,등산
10859,오하윤,64,수원 일산동구123-45,010-3531-9253,등산
10860,서민수,58,대구 덕양구123-45,010-2841-3290,게임
10861,강예린,66,용인 해운대구123-45,010-1305-1912,음악감상
10862,장수빈,51,성남 송파구123-45,010-7456-3803,영화감상
10863,최서준,31,안양 흥덕구123-45,010-9619-3359,독서
10864,강서준,50,고양 북구123-45,010-1705-5629,보드게임
10865,신지후,20,천안 덕양구123-45,010-2718-9321,독서
10866,한태윤,34,창원 신제주123-45,010-8354-6863,자전거 타기
10867,이소율,69,세종 수성구123-45,010-1392-5825,게임
10868,정예린,56,수원 서북구123-45,010-4720-3714,요리
10869,박민수,45,평택 장유동123-45,010-9221-9287,자전거 타기
10870,최지민,32,인천 강남구123-45,010-2920-1065,유튜브 보기
10871,이도윤,59,제주 덕진구123-45,010-6059-1845,독서
10872,서현우,23,창원 유성구123-45,010-2278-6867,등산
10873,이수빈,70,부산 서구123-45,010-7741-9986,독서
10874,신수빈,27,고양 장유동123-45,010-6576-1634,유튜브 보기
10875,정지안,29,울산 강남구123-45,010-9498-1345,사진촬영
10876,오예은,56,수원 강서구123-45,010-5299-4143,유튜브 보기
10877,박서준,51,평택 성동구123-45,010-8270-8329,운동
10878,이서준,40,광주 분당구123-45,010-9580-9994,독서
10879,서지안,27,광주 신제주123-45,010-3351-6221,뜨개질
10880,조예린,23,수원 달서구123-45,010-4607-5405,뜨개질
10881,김도윤,60,천안 성북구123-45,010-7168-4734,등산
10882,서소율,43,청주 달서구123-45,010-1482-9841,여행
10883,정서연,53,포항 송파구123-45,010-4160-6411,사진촬영
10884,한예린,44,서울 진해구123-45,010-8322-7414,자전거 타기
10885,조지안,32,인천 동구123-45,010-9092-3119,카페 투어
10886,신도윤,72,제주 송파구123-45,010-5740-6374,자전거 타기
10887,신민수,74,김해 진해구123-45,010-3999-8282,보드게임
10888,오서연,35,고양 남구123-45,010-8396-6506,게임
10889,김태윤,20,용인 덕진구123-45,010-1832-2605,드로잉
10890,최수빈,26,세종 서구123-45,010-3337-8994,등산
10891,최현우,20,성남 동구123-45,010-2539-6241,수영
10892,이민수,43,대구 신제주123-45,010-7614-3217,드로잉
10893,강예린,53,울산 신제주123-45,010-2709-2583,사진촬영
10894,박건우,43,용인 북구123-45,010-6624-6142,게임
10895,윤서연,53,창원 성동구123-45,010-3820-4665,일기 쓰기
10896,정시우,69,안양 달서구123-45,010-9894-1586,드로잉
10897,임태윤,41,대구 송파구123-45,010-8947-5951,웹서핑
10898,최건우,61,안양 진해구123-45,010-6019-2688,드로잉
10899,강하은,21,천안 해운대구123-45,010-7945-2434,음악감상
10900,신유진,74,천안 덕진구123-45,010-6917-3391,일기 쓰기
10901,최지후,60,부산 신제주123-45,010-5531-1803,유튜브 보기
10902,최도윤,69,부산 덕양구123-45,010-2769-3080,뜨개질
10903,최하은,34,서울 신제주123-45,010-7852-1932,일기 쓰기
10904,장민수,51,세종 서북구123-45,010-6268-4910,뜨개질
10905,정소율,48,용인 송파구123-45,010-5579-3276,여행
10906,서현우,31,성남 일산동구123-45,010-8258-4432,웹서핑
10907,신지원,75,성남 유성구123-45,010-7308-9742,수영
10908,조하윤,55,성남 유성구123-45,010-5825-9160,사진촬영
10909,서예린,59,화성 성북구123-45,010-6045-6474,영화감상
10910,윤유진,50,수원 강남구123-45,010-9398-9894,일기 쓰기
10911,장하윤,35,김해 덕양구123-45,010-8681-5721,뜨개질
10912,정유진,45,광주 송파구123-45,010-5302-2125,보드게임
10913,정예린,71,안양 해운대구123-45,010-5711-5237,운동
10914,박서연,20,고양 강남구123-45,010-9701-5588,등산
10915,최현우,23,수원 팔달구123-45,010-7172-9230,요리
10916,임태윤,68,세종 달서구123-45,010-5546-2828,웹서핑
10917,강하은,58,천안 기흥구123-45,010-2659-9141,수영
10918,오시우,59,세종 남구123-45,010-2279-8136,운동
10919,한도윤,31,광주 동구123-45,010-3043-4595,보드게임
10920,강수빈,49,인천 동구123-45,010-4164-4263,수영
10921,한소율,28,포항 강남구123-45,010-7640-6801,수영
10922,이예린,32,대구 분당구123-45,010-5845-8130,요리
10923,최유진,63,포항 북구123-45,010-6695-6648,수영
10924,신민수,76,울산 강남구123-45,010-5670-9388,사진촬영
10925,김서준,59,청주 강서구123-45,010-1165-3266,뜨개질
10926,서지후,55,부산 성북구123-45,010-2405-2204,웹서핑
10927,한지민,30,서울 북구123-45,010-9824-4191,자전거 타기
10928,한태윤,61,성남 달서구123-45,010-1639-3436,일기 쓰기
10929,한태윤,78,안산 흥덕구123-45,010-7348-9624,운동
10930,조서연,23,광주 장유동123-45,010-8568-9189,자전거 타기
10931,신하은,46,포항 성북구123-45,010-5959-1062,요리
10932,한민수,63,울산 팔달구123-45,010-6711-2143,요리
10933,강수빈,72,남양주 유성구123-45,010-9668-1931,뜨개질
10934,장수빈,26,용인 팔달구123-45,010-9311-3188,드로잉
10935,한소율,61,남양주 동구123-45,010-1994-2071,자전거 타기
10936,조유진,28,용인 유성구123-45,010-7126-4213,드로잉
10937,강지민,70,고양 덕진구123-45,010-5669-2211,운동
10938,한도윤,66,제주 송파구123-45,010-1136-7506,사진촬영
10939,오은우,32,부산 분당구123-45,010-4122-3992,수영
10940,김은우,46,수원 덕진구123-45,010-5724-9317,수영
10941,서지원,40,세종 기흥구123-45,010-6959-8295,자전거 타기
10942,최예린,32,제주 흥덕구123-45,010-8685-6487,유튜브 보기
10943,정지안,79,인천 성북구123-45,010-4904-3874,등산
10944,서지민,50,대전 송파구123-45,010-1409-1936,일기 쓰기
10945,박현우,50,제주 덕진구123-45,010-8282-1680,운동
10946,조예린,64,안산 성북구123-45,010-7660-6675,카페 투어
10947,오예은,69,청주 중구123-45,010-7731-5500,뜨개질
10948,최민수,52,평택 수성구123-45,010-6453-6750,드로잉
10949,조하은,31,대구 해운대구123-45,010-3678-8438,등산
10950,박예린,38,청주 기흥구123-45,010-2599-2653,드로잉
10951,윤시우,44,용인 서구123-45,010-3058-1392,요리
10952,조서연,24,수원 송파구123-45,010-5424-1175,여행
10953,조태윤,40,세종 서구123-45,010-3788-2305,유튜브 보기
10954,서태윤,74,김해 진해구123-45,010-2405-2206,영화감상
10955,장유진,30,창원 강남구123-45,010-3711-5572,운동
10956,임하은,61,화성 덕진구123-45,010-8490-2131,여행
10957,신민수,42,포항 서북구123-45,010-8850-8057,일기 쓰기
10958,박소율,27,성남 송파구123-45,010-9510-7623,영화감상
10959,장서연,40,안양 서구123-45,010-9577-6033,여행
10960,장수빈,56,안양 송파구123-45,010-6420-3042,영화감상
10961,강지안,27,서울 강서구123-45,010-9401-3205,뜨개질
10962,박지원,66,제주 송파구123-45,010-6249-3461,등산
10963,오도윤,30,전주 유성구123-45,010-4376-5807,웹서핑
10964,서서연,25,안산 달서구123-45,010-9812-7299,요리
10965,김도윤,35,안양 동구123-45,010-6114-2231,여행
10966,윤은우,55,고양 강남구123-45,010-7720-8715,수영
10967,신은우,36,화성 덕양구123-45,010-3196-6358,유튜브 보기
10968,장유진,28,성남 덕진구123-45,010-7331-9567,등산
10969,오지안,40,인천 흥덕구123-45,010-2187-1885,여행
10970,임예은,38,제주 남구123-45,010-8922-3416,유튜브 보기
10971,한민수,45,광주 서북구123-45,010-5653-9421,등산
10972,한현우,53,평택 장유동123-45,010-4242-5478,음악감상
10973,강하윤,68,안산 강서구123-45,010-7726-8888,음악감상
10974,이지원,38,대구 남구123-45,010-9919-1331,요리
10975,정하은,38,부산 덕진구123-45,010-3499-2238,카페 투어
10976,김지안,55,김해 분당구123-45,010-1175-3168,드로잉
10977,조태윤,57,전주 수성구123-45,010-5129-6464,유튜브 보기
10978,최현우,73,부산 기흥구123-45,010-6839-8197,운동
10979,장하윤,28,청주 신제주123-45,010-8318-5783,유튜브 보기
10980,김유진,28,부산 수성구123-45,010-1292-2741,수영
10981,조지민,21,안양 서구123-45,010-8862-8340,보드게임
10982,최지후,25,안양 장유동123-45,010-9179-3022,웹서핑
10983,한소율,69,전주 서북구123-45,010-9758-6001,게임
10984,강시우,26,부산 덕양구123-45,010-3120-4572,음악감상
10985,김유진,56,인천 팔달구123-45,010-1755-2214,보드게임
10986,김민수,55,안산 서구123-45,010-7729-7550,게임
10987,장시우,65,천안 수성구123-45,010-5067-7108,게임
10988,강하윤,66,성남 해운대구123-45,010-3787-3542,일기 쓰기
10989,이하은,24,천안 흥덕구123-45,010-7010-3052,수영
10990,한도윤,51,포항 덕양구123-45,010-3418-8493,여행
10991,서지민,38,인천 강남구123-45,010-2326-5287,수영
10992,최예은,48,용인 성북구123-45,010-2948-1963,사진촬영
10993,박유진,68,김해 강남구123-45,010-8586-3023,등산
10994,한서연,77,포항 동구123-45,010-2238-5066,자전거 타기
10995,김지원,42,서울 분당구123-45,010-2445-9228,유튜브 보기
10996,오서준,51,광주 해운대구123-45,010-3933-1723,카페 투어
10997,윤지민,27,창원 팔달구123-45,010-9579-3567,수영
10998,정현우,44,인천 서북구123-45,010-6246-5759,자전거 타기
10999,한지원,26,안산 달서구123-45,010-8169-4121,일기 쓰기
11000,이소율,69,울산 강서구123-45,010-6829-9606,요리
11001,한현우,78,고양 신제주123-45,010-9149-3859,요리
11002,윤소율,65,청주 동구123-45,010-7096-2026,드로잉
11003,강서연,70,광주 분당구123-45,010-8611-8895,여행
11004,정예은,24,세종 기흥구123-45,010-3860-4971,웹서핑
11005,정예린,33,광주 흥덕구123-45,010-1824-3349,드로잉
11006,신지원,41,고양 수성구123-45,010-9814-4292,수영
11007,강하은,50,인천 진해구123-45,010-1177-7446,카페 투어
11008,장도윤,77,성남 강남구123-45,010-4546-4148,영화감상
11009,최지후,48,부산 북구123-45,010-5196-3147,운동
11010,박지후,54,대구 강서구123-45,010-3950-5252,자전거 타기
11011,조서준,78,서울 서북구123-45,010-5645-1941,카페 투어
11012,최수빈,72,청주 기흥구123-45,010-4775-9663,독서
11013,정유진,50,김해 달서구123-45,010-5921-3942,자전거 타기
11014,서유진,36,창원 신제주123-45,010-3962-4340,여행
11015,임하은,69,안양 진해구123-45,010-5086-4518,드로잉
11016,윤민수,20,세종 진해구123-45,010-5500-3085,보드게임
11017,강도윤,32,안산 강서구123-45,010-4023-1622,유튜브 보기
11018,임서준,53,성남 북구123-45,010-3065-1258,카페 투어
11019,이예은,57,세종 서북구123-45,010-1707-6351,독서
11020,한지안,39,성남 중구123-45,010-6271-8717,일기 쓰기
11021,오서연,75,서울 신제주123-45,010-4591-7811,사진촬영
11022,서은우,67,서울 흥덕구123-45,010-4611-6375,운동
11023,김도윤,48,포항 강남구123-45,010-6014-9281,수영
11024,최민수,67,천안 장유동123-45,010-2705-6833,음악감상
11025,최시우,53,화성 해운대구123-45,010-4847-7404,유튜브 보기
11026,강건우,71,용인 성동구123-45,010-4783-2635,카페 투어
11027,한예은,54,울산 분당구123-45,010-3342-8956,등산
11028,정현우,21,부산 동구123-45,010-6322-4975,카페 투어
11029,장하윤,62,제주 해운대구123-45,010-7776-4266,요리
11030,오예은,61,부산 남구123-45,010-4831-4182,보드게임
11031,조하윤,57,용인 서북구123-45,010-7163-1992,운동
11032,오예은,45,남양주 장유동123-45,010-4867-2657,뜨개질
11033,박지안,28,용인 일산동구123-45,010-8499-5766,보드게임
11034,장민수,61,남양주 성동구123-45,010-1370-1664,등산
11035,서수빈,64,제주 유성구123-45,010-3245-9740,음악감상
11036,조하윤,35,김해 강남구123-45,010-4522-8661,유튜브 보기
11037,오태윤,25,수원 남구123-45,010-3966-8005,사진촬영
11038,윤민수,55,광주 신제주123-45,010-5080-4696,운동
11039,장민수,70,김해 장유동123-45,010-6188-3058,자전거 타기
11040,한태윤,70,울산 덕진구123-45,010-5001-8971,운동
11041,신수빈,55,창원 성북구123-45,010-5195-1594,드로잉
11042,정현우,38,창원 덕양구123-45,010-1473-5167,보드게임
11043,최태윤,72,부산 남구123-45,010-2192-1304,수영
11044,윤예린,64,인천 서북구123-45,010-7847-7845,운동
11045,윤유진,68,안산 덕진구123-45,010-9569-8340,유튜브 보기
11046,오소율,35,수원 강서구123-45,010-1662-1701,일기 쓰기
11047,박도윤,46,포항 흥덕구123-45,010-6289-6807,음악감상
11048,조태윤,75,창원 서구123-45,010-6739-7273,여행
11049,오하윤,44,포항 송파구123-45,010-4767-7858,게임
11050,한예린,74,청주 진해구123-45,010-9589-5426,게임
11051,신도윤,72,청주 신제주123-45,010-5112-1631,독서
11052,서태윤,64,전주 수성구123-45,010-3655-6985,유튜브 보기
11053,오예린,37,울산 유성구123-45,010-9839-1965,드로잉
11054,김지민,39,대전 흥덕구123-45,010-4031-7902,여행
11055,박유진,61,세종 남구123-45,010-8355-4111,요리
11056,임소율,70,광주 수성구123-45,010-2402-1211,뜨개질
11057,조태윤,42,제주 달서구123-45,010-9664-4981,독서
11058,최하은,66,성남 신제주123-45,010-1596-9264,요리
11059,신은우,67,서울 성동구123-45,010-6315-6553,보드게임
11060,장도윤,71,성남 송파구123-45,010-2156-5688,사진촬영
11061,윤예은,46,용인 흥덕구123-45,010-3186-5194,운동
11062,서서연,62,광주 강남구123-45,010-2725-8082,독서
11063,한소율,24,서울 송파구123-45,010-9121-4763,여행
11064,정예린,33,서울 일산동구123-45,010-1389-7583,요리
11065,임현우,78,고양 덕진구123-45,010-2717-5932,사진촬영
11066,한태윤,25,고양 흥덕구123-45,010-3224-3194,수영
11067,최하은,25,전주 덕진구123-45,010-1731-7054,웹서핑
11068,윤시우,50,제주 진해구123-45,010-8709-5874,게임
11069,조지안,38,부산 기흥구123-45,010-1865-2490,여행
11070,최하윤,21,인천 달서구123-45,010-3967-3409,등산
11071,강서준,62,성남 동구123-45,010-3707-4706,보드게임
11072,신시우,44,울산 성동구123-45,010-2484-9503,게임
11073,장서연,70,용인 성북구123-45,010-4374-3366,등산
11074,임은우,27,대구 성동구123-45,010-1888-5574,뜨개질
11075,한민수,78,천안 진해구123-45,010-6903-4734,여행
11076,강도윤,27,울산 남구123-45,010-6522-7151,영화감상
11077,정유진,37,서울 신제주123-45,010-4284-7630,요리
11078,강유진,22,광주 서구123-45,010-7293-8203,일기 쓰기
11079,조예린,31,울산 진해구123-45,010-4313-5428,여행
11080,박서준,33,전주 덕진구123-45,010-2855-9002,게임
11081,김지후,56,포항 동구123-45,010-3235-3786,사진촬영
11082,김지안,76,용인 서북구123-45,010-5317-9382,자전거 타기
11083,서도윤,23,남양주 진해구123-45,010-8760-2810,여행
11084,신태윤,36,전주 해운대구123-45,010-4187-4976,독서
11085,신유진,32,부산 기흥구123-45,010-1467-1844,뜨개질
11086,서도윤,43,울산 송파구123-45,010-4160-2400,영화감상
11087,정지원,59,안산 기흥구123-45,010-8595-2873,등산
11088,임은우,58,울산 분당구123-45,010-4519-9728,게임
11089,신지원,59,광주 달서구123-45,010-1749-6315,요리
11090,임현우,77,화성 송파구123-45,010-7389-8513,수영
11091,최소율,35,제주 서북구123-45,010-4844-2881,여행
11092,이예은,45,포항 송파구123-45,010-5449-5420,운동
11093,한지안,29,평택 달서구123-45,010-1519-1446,영화감상
11094,임소율,72,대구 수성구123-45,010-5638-1017,요리
11095,윤지후,55,김해 일산동구123-45,010-7522-1066,보드게임
11096,윤서연,50,서울 덕양구123-45,010-4642-7946,독서
11097,한지원,72,용인 강남구123-45,010-6515-8454,자전거 타기
11098,최지원,40,평택 분당구123-45,010-9370-4944,자전거 타기
11099,조시우,46,김해 달서구123-45,010-3317-4932,자전거 타기
11100,조지안,76,김해 수성구123-45,010-4131-9707,보드게임
11101,최예린,42,울산 유성구123-45,010-3767-6363,수영
11102,오수빈,31,화성 진해구123-45,010-9649-4525,일기 쓰기
11103,서서준,33,수원 서구123-45,010-5213-8182,카페 투어
11104,신은우,21,안산 덕진구123-45,010-2011-4071,뜨개질
11105,한예은,65,성남 진해구123-45,010-8445-6093,독서
11106,조민수,35,제주 성동구123-45,010-8371-2265,카페 투어
11107,김예린,45,남양주 북구123-45,010-1026-1561,운동
11108,임하윤,47,남양주 유성구123-45,010-3977-5909,여행
11109,윤예린,79,성남 북구123-45,010-1547-5907,자전거 타기
11110,이지안,22,광주 서북구123-45,010-6033-9940,뜨개질
11111,정소율,24,김해 강서구123-45,010-7405-1245,드로잉
11112,조서연,23,제주 흥덕구123-45,010-2791-6599,영화감상
11113,김현우,68,용인 남구123-45,010-1907-5735,영화감상
11114,오소율,22,울산 남구123-45,010-2425-1758,일기 쓰기
11115,정민수,30,안산 성동구123-45,010-3596-8218,사진촬영
11116,이도윤,33,평택 북구123-45,010-7812-7483,일기 쓰기
11117,이소율,22,세종 신제주123-45,010-6420-2543,음악감상
11118,정은우,28,광주 성동구123-45,010-1708-6199,드로잉
11119,장지민,41,용인 분당구123-45,010-3448-6431,독서
11120,임지안,53,남양주 강서구123-45,010-8999-1178,뜨개질
11121,정하윤,60,대전 덕양구123-45,010-7350-3268,여행
11122,정하윤,59,전주 흥덕구123-45,010-6642-1246,운동
11123,박유진,43,김해 일산동구123-45,010-2105-2038,음악감상
11124,박서준,71,수원 송파구123-45,010-1378-5036,음악감상
11125,신은우,45,울산 북구123-45,010-5257-3582,사진촬영
11126,박예은,37,청주 강서구123-45,010-4516-7620,유튜브 보기
11127,박건우,45,전주 서구123-45,010-4848-3997,독서
11128,정지원,50,안산 신제주123-45,010-5572-4609,자전거 타기
11129,박도윤,26,김해 달서구123-45,010-1836-8428,뜨개질
11130,신은우,64,세종 덕진구123-45,010-1752-2010,수영
11131,장수빈,75,김해 유성구123-45,010-1483-7469,여행
11132,오은우,71,포항 덕진구123-45,010-2269-6256,음악감상
11133,최지원,55,울산 서구123-45,010-3850-5720,요리
11134,이예린,25,전주 덕양구123-45,010-3376-9605,운동
11135,최지민,61,평택 북구123-45,010-4188-2118,웹서핑
11136,윤서준,70,안산 덕양구123-45,010-6757-5770,보드게임
11137,정유진,48,전주 북구123-45,010-5120-8104,유튜브 보기
11138,강시우,28,고양 남구123-45,010-7938-1872,등산
11139,윤태윤,63,성남 서구123-45,010-2506-4880,요리
11140,장소율,55,서울 강남구123-45,010-2692-8216,웹서핑
11141,서시우,44,세종 송파구123-45,010-7071-1501,카페 투어
11142,김현우,41,김해 분당구123-45,010-9360-5242,사진촬영
11143,최현우,48,서울 팔달구123-45,010-6508-7354,여행
11144,정예은,62,안양 분당구123-45,010-3259-4160,일기 쓰기
11145,조은우,44,인천 서북구123-45,010-9727-5567,유튜브 보기
11146,신예은,31,안양 장유동123-45,010-9161-2114,등산
11147,김지안,50,안양 서북구123-45,010-6868-9717,독서
11148,신도윤,62,대구 성동구123-45,010-8008-3138,여행
11149,강현우,77,대구 서북구123-45,010-5944-8158,자전거 타기
11150,김유진,76,남양주 진해구123-45,010-8157-2161,여행
11151,강건우,23,화성 해운대구123-45,010-1857-7345,요리
11152,강지민,73,포항 신제주123-45,010-9324-5960,수영
11153,박지민,61,안산 흥덕구123-45,010-2643-3169,일기 쓰기
11154,정하윤,30,부산 장유동123-45,010-8299-9559,일기 쓰기
11155,조하은,39,제주 신제주123-45,010-3115-2350,드로잉
11156,서현우,45,대전 북구123-45,010-7192-2864,운동
11157,신서준,48,화성 남구123-45,010-2110-9234,드로잉
11158,이민수,34,성남 성동구123-45,010-1837-2452,수영
11159,조하윤,72,울산 서구123-45,010-4274-6116,자전거 타기
11160,조서연,42,안산 송파구123-45,010-9890-1667,자전거 타기
11161,이건우,60,용인 동구123-45,010-2698-4183,보드게임
11162,김소율,36,제주 수성구123-45,010-3386-7487,수영
11163,한태윤,69,광주 진해구123-45,010-8406-9763,유튜브 보기
11164,장하윤,50,고양 덕양구123-45,010-3067-2849,사진촬영
11165,이민수,75,용인 분당구123-45,010-1360-4657,사진촬영
11166,신시우,27,부산 강남구123-45,010-8858-7282,독서
11167,최유진,33,창원 송파구123-45,010-3111-8610,등산
11168,신현우,28,수원 성북구123-45,010-6972-3930,운동
11169,이민수,35,대전 팔달구123-45,010-3342-4495,사진촬영
11170,김소율,65,세종 성북구123-45,010-3765-2723,영화감상
11171,신지민,73,평택 덕양구123-45,010-4821-4018,독서
11172,정예은,31,포항 분당구123-45,010-5148-9166,등산
11173,박지후,54,김해 동구123-45,010-2798-4275,사진촬영
11174,윤서연,52,김해 유성구123-45,010-1756-7203,독서
11175,서도윤,53,평택 서구123-45,010-7336-4083,등산
11176,임지안,36,전주 동구123-45,010-6738-2548,일기 쓰기
11177,장지원,60,제주 강서구123-45,010-2175-4843,카페 투어
11178,박도윤,69,포항 서북구123-45,010-7469-5546,요리
11179,임유진,45,부산 동구123-45,010-9520-5637,음악감상
11180,오도윤,79,남양주 해운대구123-45,010-1488-5037,사진촬영
11181,서서연,39,수원 성북구123-45,010-8985-4785,드로잉
11182,신서연,68,성남 팔달구123-45,010-2217-3384,여행
11183,박지민,28,전주 남구123-45,010-3069-6480,사진촬영
11184,한태윤,64,대전 송파구123-45,010-7973-1865,드로잉
11185,서은우,70,광주 중구123-45,010-4875-6883,여행
11186,윤지안,64,고양 진해구123-45,010-2608-1548,등산
11187,임현우,40,성남 송파구123-45,010-2048-4683,운동
11188,오건우,50,화성 일산동구123-45,010-4833-5536,운동
11189,박지원,48,부산 장유동123-45,010-6791-1961,자전거 타기
11190,정예린,79,광주 분당구123-45,010-5851-4375,게임
11191,김지후,31,안산 서북구123-45,010-1815-5055,운동
11192,최하윤,43,울산 중구123-45,010-2076-6450,일기 쓰기
11193,김태윤,26,고양 수성구123-45,010-9044-5581,드로잉
11194,신민수,55,광주 분당구123-45,010-8448-7473,자전거 타기
11195,윤지후,42,인천 서구123-45,010-2100-1140,여행
11196,장지후,21,포항 북구123-45,010-2542-6119,운동
11197,최서준,76,인천 송파구123-45,010-5242-4038,보드게임
11198,임태윤,53,서울 북구123-45,010-4809-4882,카페 투어
11199,최서준,41,대구 송파구123-45,010-1925-7986,웹서핑
11200,최민수,37,서울 서구123-45,010-2599-5182,음악감상
11201,조건우,34,창원 해운대구123-45,010-8129-8363,요리
11202,서서연,57,서울 남구123-45,010-9868-5682,수영
11203,한시우,39,울산 달서구123-45,010-1452-5609,여행
11204,신태윤,35,성남 남구123-45,010-8055-3856,수영
11205,오지원,71,화성 수성구123-45,010-2746-9325,독서
11206,강지원,47,대전 강남구123-45,010-1163-1921,일기 쓰기
11207,이도윤,62,고양 북구123-45,010-9135-1296,자전거 타기
11208,신도윤,39,안산 장유동123-45,010-6710-3325,자전거 타기
11209,서소율,72,세종 진해구123-45,010-2963-1196,유튜브 보기
11210,강민수,31,전주 달서구123-45,010-5597-3918,독서
11211,최지민,32,평택 장유동123-45,010-5032-9072,등산
11212,김서연,40,대전 동구123-45,010-8732-5741,유튜브 보기
11213,한지후,46,안산 강남구123-45,010-5789-8751,독서
11214,조지후,36,용인 달서구123-45,010-4370-8194,드로잉
11215,김지원,58,평택 동구123-45,010-3798-2162,게임
11216,강하은,51,서울 분당구123-45,010-1658-4527,여행
11217,조지후,43,고양 강서구123-45,010-1760-3736,음악감상
11218,최현우,43,천안 수성구123-45,010-4282-2541,웹서핑
11219,강건우,60,수원 서북구123-45,010-7153-7364,웹서핑
11220,한예은,28,평택 성북구123-45,010-2550-8845,영화감상
11221,조서준,59,김해 흥덕구123-45,010-3781-6397,일기 쓰기
11222,윤도윤,68,대구 수성구123-45,010-1732-8487,음악감상
11223,신태윤,58,안양 남구123-45,010-6417-2374,카페 투어
11224,강민수,75,천안 성동구123-45,010-2610-1821,일기 쓰기
11225,정태윤,52,인천 서북구123-45,010-8586-7719,여행
11226,이지원,55,남양주 성동구123-45,010-7186-6063,웹서핑
11227,신하윤,63,포항 유성구123-45,010-3742-9466,독서
11228,박태윤,68,부산 장유동123-45,010-3868-2856,자전거 타기
11229,정도윤,56,수원 해운대구123-45,010-5745-2190,음악감상
11230,신하은,59,안산 서북구123-45,010-2707-6503,유튜브 보기
11231,윤서준,24,제주 팔달구123-45,010-3112-4342,등산
11232,김도윤,38,광주 성북구123-45,010-1886-2086,사진촬영
11233,윤소율,77,포항 덕진구123-45,010-1424-9034,요리
11234,이지민,74,화성 중구123-45,010-2424-3309,뜨개질
11235,이하은,30,화성 기흥구123-45,010-1343-2211,자전거 타기
11236,박지안,23,서울 강서구123-45,010-8126-5382,뜨개질
11237,장태윤,53,창원 분당구123-45,010-1089-9211,음악감상
11238,이건우,58,천안 동구123-45,010-6831-8258,게임
11239,한예은,23,청주 성북구123-45,010-2851-6321,여행
11240,한수빈,69,대전 진해구123-45,010-3118-4122,수영
11241,이서연,28,청주 달서구123-45,010-5571-5184,자전거 타기
11242,조소율,52,서울 일산동구123-45,010-3489-4558,운동
11243,강지후,71,창원 덕진구123-45,010-4884-6120,뜨개질
11244,서지원,29,부산 덕진구123-45,010-8453-2880,운동
11245,정예은,44,부산 기흥구123-45,010-5301-6154,수영
11246,임서준,48,창원 달서구123-45,010-2326-2688,카페 투어
11247,서서준,24,평택 강남구123-45,010-9755-1024,게임
11248,서서준,43,화성 남구123-45,010-5090-3273,드로잉
11249,최건우,56,평택 강서구123-45,010-8009-1057,수영
11250,강하은,66,청주 강서구123-45,010-1031-4402,여행
11251,강서연,56,평택 성동구123-45,010-6142-5488,일기 쓰기
11252,오소율,62,안산 서북구123-45,010-6055-1421,카페 투어
11253,정태윤,39,안양 동구123-45,010-7790-6101,유튜브 보기
11254,박소율,69,남양주 기흥구123-45,010-6730-9882,독서
11255,서지안,48,고양 흥덕구123-45,010-2558-7937,카페 투어
11256,신유진,20,부산 중구123-45,010-8203-4107,수영
11257,이은우,34,고양 동구123-45,010-3804-3158,독서
11258,김예은,67,고양 성동구123-45,010-5312-1585,요리
11259,임태윤,36,화성 수성구123-45,010-3580-6067,운동
11260,조지민,27,포항 신제주123-45,010-9526-5461,일기 쓰기
11261,정하은,49,창원 진해구123-45,010-8579-3211,수영
11262,최현우,54,대구 강서구123-45,010-2498-1471,카페 투어
11263,윤유진,60,김해 북구123-45,010-3382-5006,독서
11264,박도윤,56,남양주 덕양구123-45,010-4776-4505,보드게임
11265,정민수,44,성남 일산동구123-45,010-6939-7373,운동
11266,최태윤,63,서울 서구123-45,010-1911-5468,영화감상
11267,조유진,60,인천 송파구123-45,010-6974-3690,여행
11268,박서준,71,안산 신제주123-45,010-7841-8840,등산
11269,오서연,66,천안 중구123-45,010-9308-1564,드로잉
11270,정은우,33,부산 강서구123-45,010-6470-9775,일기 쓰기
11271,박유진,71,인천 일산동구123-45,010-8963-2022,뜨개질
11272,윤건우,31,성남 서북구123-45,010-7442-6498,일기 쓰기
11273,김서준,64,안양 신제주123-45,010-6711-5440,사진촬영
11274,윤은우,22,포항 강서구123-45,010-9393-2562,등산
11275,한지원,67,고양 진해구123-45,010-9021-4108,음악감상
11276,정도윤,46,김해 송파구123-45,010-6361-7015,보드게임
11277,서유진,51,청주 강남구123-45,010-1002-6857,여행
11278,이건우,60,김해 북구123-45,010-5031-5731,영화감상
11279,김태윤,54,화성 성북구123-45,010-8651-7858,수영
11280,정지원,62,부산 신제주123-45,010-5983-2199,보드게임
11281,신현우,73,제주 장유동123-45,010-8102-5479,음악감상
11282,박유진,64,창원 덕양구123-45,010-4336-5459,뜨개질
11283,이지원,44,서울 분당구123-45,010-1495-3153,자전거 타기
11284,신지안,40,창원 성북구123-45,010-6293-2825,등산
11285,조시우,62,안양 강서구123-45,010-6532-5169,사진촬영
11286,윤도윤,46,인천 해운대구123-45,010-8555-1122,사진촬영
11287,한서준,79,평택 분당구123-45,010-4952-7840,유튜브 보기
11288,김지민,28,서울 신제주123-45,010-6569-5174,게임
11289,박예은,40,용인 팔달구123-45,010-6178-7528,자전거 타기
11290,정예은,30,성남 남구123-45,010-2770-3903,유튜브 보기
11291,김유진,30,고양 덕양구123-45,010-7326-4041,음악감상
11292,조건우,26,고양 강남구123-45,010-7229-6494,사진촬영
11293,김유진,45,천안 북구123-45,010-1457-5428,운동
11294,오지민,52,대전 덕진구123-45,010-9196-8652,보드게임
11295,조유진,52,세종 분당구123-45,010-5217-7610,여행
11296,강시우,45,부산 강남구123-45,010-4751-7537,운동
11297,장태윤,71,고양 송파구123-45,010-9154-1709,드로잉
11298,한지민,47,남양주 중구123-45,010-7578-7255,드로잉
11299,서태윤,34,안산 팔달구123-45,010-2825-5140,요리
11300,윤예린,23,평택 강남구123-45,010-3913-3559,여행
11301,정지원,76,포항 분당구123-45,010-2884-2714,등산
11302,조은우,48,부산 송파구123-45,010-9026-4105,뜨개질
11303,윤지안,44,대전 중구123-45,010-6182-7959,일기 쓰기
11304,김예린,54,안양 덕양구123-45,010-7393-2319,영화감상
11305,김시우,76,수원 남구123-45,010-3094-6757,음악감상
11306,강하윤,75,성남 유성구123-45,010-8485-2026,요리
11307,정서연,34,울산 수성구123-45,010-1921-3899,드로잉
11308,조도윤,55,천안 팔달구123-45,010-4937-1010,여행
11309,임하은,21,대구 서구123-45,010-7602-5956,뜨개질
11310,조예은,20,제주 덕진구123-45,010-8499-6649,뜨개질
11311,한유진,35,대전 북구123-45,010-2968-2296,수영
11312,이하윤,57,포항 남구123-45,010-3584-5400,뜨개질
11313,서서준,34,창원 흥덕구123-45,010-1983-6328,카페 투어
11314,신수빈,63,서울 동구123-45,010-1909-9808,영화감상
11315,장예은,33,인천 분당구123-45,010-2156-4453,음악감상
11316,강태윤,46,김해 송파구123-45,010-5742-1689,등산
11317,서지안,26,포항 팔달구123-45,010-2485-4465,여행
11318,서민수,75,대전 장유동123-45,010-3921-3605,요리
11319,최지후,30,울산 중구123-45,010-1310-9411,자전거 타기
11320,윤유진,48,청주 분당구123-45,010-9187-6581,자전거 타기
11321,장예은,42,고양 강남구123-45,010-6652-1158,드로잉
11322,윤유진,30,포항 해운대구123-45,010-7808-2345,독서
11323,서하은,67,수원 일산동구123-45,010-2692-4250,운동
11324,오수빈,21,세종 성북구123-45,010-5223-4283,독서
11325,한예린,26,남양주 해운대구123-45,010-8092-9705,요리
11326,신은우,70,남양주 수성구123-45,010-7979-5140,운동
11327,윤지민,60,고양 해운대구123-45,010-5328-4714,자전거 타기
11328,한소율,23,대구 일산동구123-45,010-1754-3741,게임
11329,장시우,62,청주 분당구123-45,010-4781-5136,웹서핑
11330,한건우,44,제주 중구123-45,010-4601-3766,게임
11331,강민수,20,세종 남구123-45,010-3608-4891,웹서핑
11332,정예린,58,대전 일산동구123-45,010-7820-8401,보드게임
11333,한하은,29,천안 해운대구123-45,010-5527-1988,일기 쓰기
11334,장시우,60,전주 북구123-45,010-4745-1806,요리
11335,박지원,25,광주 서구123-45,010-5990-6996,등산
11336,이현우,40,김해 성동구123-45,010-2221-7912,독서
11337,오하윤,28,창원 흥덕구123-45,010-2970-3533,유튜브 보기
11338,박수빈,57,수원 분당구123-45,010-5781-7046,일기 쓰기
11339,신하윤,57,창원 성동구123-45,010-4065-9591,운동
11340,이도윤,72,남양주 장유동123-45,010-4125-6961,유튜브 보기
11341,최민수,40,대전 유성구123-45,010-3815-5011,유튜브 보기
11342,신소율,72,창원 남구123-45,010-6908-3772,게임
11343,신태윤,53,부산 장유동123-45,010-4185-9666,영화감상
11344,윤지후,45,부산 성동구123-45,010-1069-7974,음악감상
11345,장은우,31,남양주 유성구123-45,010-3668-1933,음악감상
11346,조소율,26,인천 해운대구123-45,010-2694-3545,독서
11347,정예은,45,부산 서북구123-45,010-1605-4486,게임
11348,임지민,36,전주 남구123-45,010-3651-5341,게임
11349,강예은,57,세종 강서구123-45,010-7130-2317,게임
11350,윤예은,37,인천 팔달구123-45,010-7538-4125,카페 투어
11351,한서연,61,세종 강남구123-45,010-8879-4515,독서
11352,오은우,29,안산 일산동구123-45,010-3769-5959,음악감상
11353,신예린,32,안산 중구123-45,010-7706-6145,뜨개질
11354,최하윤,21,포항 강남구123-45,010-8138-6775,독서
11355,신예은,36,청주 장유동123-45,010-1158-8256,드로잉
11356,윤지원,27,수원 해운대구123-45,010-3453-5460,운동
11357,박지안,50,평택 북구123-45,010-3962-2138,영화감상
11358,윤은우,64,서울 장유동123-45,010-1326-1497,보드게임
11359,최소율,55,울산 덕진구123-45,010-6194-6182,영화감상
11360,정지민,56,화성 덕진구123-45,010-9801-8748,뜨개질
11361,최지안,33,안산 성동구123-45,010-5300-9519,웹서핑
11362,오예린,60,남양주 팔달구123-45,010-1228-2329,웹서핑
11363,조지후,27,수원 성동구123-45,010-6036-1270,독서
11364,윤지원,22,안양 강서구123-45,010-1507-3695,뜨개질
11365,임지안,55,화성 동구123-45,010-4950-6018,영화감상
11366,오지민,75,울산 일산동구123-45,010-2573-6976,요리
11367,윤은우,74,제주 진해구123-45,010-5098-3230,보드게임
11368,이건우,58,평택 팔달구123-45,010-4101-6140,뜨개질
11369,정지후,48,안양 흥덕구123-45,010-9514-9561,독서
11370,오은우,35,용인 장유동123-45,010-4457-6950,수영
11371,이현우,68,대전 수성구123-45,010-6397-1510,게임
11372,오예린,52,김해 달서구123-45,010-8942-1965,사진촬영
11373,최도윤,46,청주 서구123-45,010-6887-4886,음악감상
11374,이지원,45,천안 덕진구123-45,010-8504-3730,게임
11375,오유진,63,부산 흥덕구123-45,010-3245-7064,음악감상
11376,오태윤,40,서울 유성구123-45,010-3454-8248,카페 투어
11377,장은우,56,전주 북구123-45,010-1565-2159,영화감상
11378,윤소율,72,인천 남구123-45,010-2707-8766,자전거 타기
11379,윤수빈,29,인천 분당구123-45,010-5555-1578,등산
11380,오현우,78,세종 진해구123-45,010-3196-3110,뜨개질
11381,임유진,69,성남 북구123-45,010-2412-8588,독서
11382,서현우,22,천안 중구123-45,010-3888-3544,여행
11383,신민수,43,광주 수성구123-45,010-3837-9478,일기 쓰기
11384,장예린,53,제주 송파구123-45,010-5026-4870,수영
11385,장서준,50,부산 기흥구123-45,010-6052-8583,게임
11386,김태윤,73,안양 강서구123-45,010-6240-6521,독서
11387,임유진,73,인천 중구123-45,010-8437-7922,카페 투어
11388,박수빈,62,화성 송파구123-45,010-7631-8354,보드게임
11389,정수빈,75,성남 팔달구123-45,010-3781-8054,카페 투어
11390,오태윤,58,포항 중구123-45,010-9716-1121,음악감상
11391,오지민,47,창원 수성구123-45,010-7761-7110,보드게임
11392,윤지안,41,제주 팔달구123-45,010-5067-2888,뜨개질
11393,임건우,44,울산 분당구123-45,010-1655-4187,독서
11394,이하은,53,울산 동구123-45,010-3171-7040,웹서핑
11395,신도윤,25,광주 강서구123-45,010-6819-6676,독서
11396,최민수,50,세종 남구123-45,010-2223-2537,뜨개질
11397,정현우,64,안양 장유동123-45,010-3634-1596,운동
11398,정서준,58,성남 팔달구123-45,010-1756-2477,요리
11399,정소율,26,전주 해운대구123-45,010-5985-9755,게임
11400,한소율,65,서울 동구123-45,010-3281-4333,등산
11401,정지안,24,청주 송파구123-45,010-3974-4474,게임
11402,정건우,76,대구 송파구123-45,010-3761-2602,영화감상
11403,강수빈,40,울산 성동구123-45,010-8165-7522,요리
11404,임예은,57,고양 달서구123-45,010-4562-5580,여행
11405,윤예은,57,전주 동구123-45,010-7763-9676,보드게임
11406,이시우,21,울산 덕진구123-45,010-4233-8085,뜨개질
11407,임태윤,65,남양주 일산동구123-45,010-2630-7586,사진촬영
11408,신민수,52,평택 팔달구123-45,010-1682-7085,운동
11409,최건우,29,안산 성동구123-45,010-6458-2100,일기 쓰기
11410,김유진,47,세종 북구123-45,010-5124-2567,보드게임
11411,윤지민,62,성남 분당구123-45,010-7484-5595,웹서핑
11412,정서연,60,안양 강남구123-45,010-3626-4858,사진촬영
11413,한도윤,52,성남 성동구123-45,010-3041-3608,카페 투어
11414,이소율,47,안산 강서구123-45,010-4450-5959,게임
11415,서서준,70,천안 중구123-45,010-3431-1397,카페 투어
11416,임도윤,70,울산 덕양구123-45,010-9672-4177,음악감상
11417,김소율,28,안산 덕진구123-45,010-4170-6801,뜨개질
11418,정지후,29,대전 수성구123-45,010-5291-8911,음악감상
11419,오태윤,75,화성 해운대구123-45,010-3239-7343,뜨개질
11420,정도윤,21,서울 유성구123-45,010-2238-8059,게임
11421,최지후,55,세종 북구123-45,010-4259-4551,유튜브 보기
11422,이지안,52,성남 신제주123-45,010-6095-8805,등산
11423,이지민,51,울산 북구123-45,010-3508-5827,자전거 타기
11424,임지안,63,인천 송파구123-45,010-4802-8256,영화감상
11425,조예린,59,대전 강서구123-45,010-2094-5466,보드게임
11426,강은우,38,광주 기흥구123-45,010-1374-9763,일기 쓰기
11427,김서준,75,광주 유성구123-45,010-5206-2135,게임
11428,김서준,38,울산 중구123-45,010-9910-9023,일기 쓰기
11429,조현우,66,대전 해운대구123-45,010-7289-1122,유튜브 보기
11430,조수빈,25,평택 동구123-45,010-2240-1407,영화감상
11431,조현우,27,고양 성북구123-45,010-8597-3668,뜨개질
11432,조지원,67,고양 송파구123-45,010-5473-6586,독서
11433,윤은우,40,창원 서북구123-45,010-1062-4598,독서
11434,김하은,34,청주 해운대구123-45,010-3637-7097,일기 쓰기
11435,서지민,47,용인 성북구123-45,010-9313-7953,보드게임
11436,장예은,66,남양주 기흥구123-45,010-2466-6439,자전거 타기
11437,조수빈,43,대전 송파구123-45,010-8924-5479,보드게임
11438,최현우,69,용인 유성구123-45,010-2341-8699,카페 투어
11439,신소율,30,청주 강남구123-45,010-8051-6328,드로잉
11440,박시우,43,고양 달서구123-45,010-1467-2815,게임
11441,임하은,70,광주 서구123-45,010-6755-9085,카페 투어
11442,한서준,25,화성 성동구123-45,010-9193-7044,웹서핑
11443,한하윤,46,안양 성북구123-45,010-9873-5863,사진촬영
11444,조은우,74,천안 팔달구123-45,010-4883-5682,일기 쓰기
11445,윤수빈,40,남양주 북구123-45,010-5034-3704,일기 쓰기
11446,박지원,52,전주 중구123-45,010-5935-6467,여행
11447,임지후,21,대구 진해구123-45,010-4372-2368,요리
11448,강도윤,42,고양 덕양구123-45,010-7954-7976,일기 쓰기
11449,최서준,58,김해 팔달구123-45,010-7771-1664,영화감상
11450,조소율,76,고양 팔달구123-45,010-1305-2577,일기 쓰기
11451,장은우,56,울산 진해구123-45,010-6045-1617,독서
11452,장유진,40,울산 유성구123-45,010-7752-2904,요리
11453,신지안,68,포항 성북구123-45,010-4645-1492,뜨개질
11454,최현우,62,부산 장유동123-45,010-7709-7414,카페 투어
11455,조지민,75,창원 덕양구123-45,010-4914-6427,게임
11456,신서연,60,인천 진해구123-45,010-5717-1947,사진촬영
11457,박수빈,34,창원 강남구123-45,010-3329-5221,수영
11458,박하은,38,전주 송파구123-45,010-9853-8826,유튜브 보기
11459,조예은,73,수원 해운대구123-45,010-1141-9045,자전거 타기
11460,윤은우,54,고양 유성구123-45,010-5817-9249,요리
11461,정지민,75,용인 송파구123-45,010-9397-6155,보드게임
11462,서하은,44,울산 덕진구123-45,010-3271-2092,보드게임
11463,김도윤,32,세종 일산동구123-45,010-6413-4529,카페 투어
11464,정지후,38,세종 분당구123-45,010-7388-7994,뜨개질
11465,서지원,52,창원 유성구123-45,010-6490-5030,일기 쓰기
11466,이유진,28,용인 성동구123-45,010-3333-9765,게임
11467,임예린,38,남양주 서북구123-45,010-3321-1133,자전거 타기
11468,서지후,71,남양주 덕양구123-45,010-5135-2870,카페 투어
11469,이수빈,58,포항 해운대구123-45,010-1312-5390,유튜브 보기
11470,조태윤,25,청주 진해구123-45,010-2774-3902,게임
11471,오지원,36,서울 수성구123-45,010-3987-1618,등산
11472,한도윤,30,용인 장유동123-45,010-5288-5301,등산
11473,최소율,75,부산 서구123-45,010-1703-9210,여행
11474,이예린,76,평택 서북구123-45,010-2626-2525,카페 투어
11475,정민수,42,대구 강서구123-45,010-3666-3248,자전거 타기
11476,강소율,67,성남 남구123-45,010-6216-7142,카페 투어
11477,박지원,39,남양주 장유동123-45,010-5800-6508,뜨개질
11478,최서준,53,청주 수성구123-45,010-8289-9162,등산
11479,한도윤,40,성남 기흥구123-45,010-3374-1719,카페 투어
11480,이건우,38,부산 강남구123-45,010-8816-5594,게임
11481,한수빈,20,용인 성북구123-45,010-1337-9498,웹서핑
11482,임민수,60,평택 서북구123-45,010-3227-7079,자전거 타기
11483,강하은,33,고양 해운대구123-45,010-4567-7070,음악감상
11484,조서연,75,창원 서북구123-45,010-2886-2753,등산
11485,오수빈,68,청주 해운대구123-45,010-8116-6205,카페 투어
11486,윤수빈,61,안양 기흥구123-45,010-2272-1042,게임
11487,신수빈,23,전주 수성구123-45,010-8693-4007,요리
11488,조은우,66,수원 장유동123-45,010-7756-9291,자전거 타기
11489,한현우,45,세종 서구123-45,010-2071-7549,카페 투어
11490,이예은,55,안산 달서구123-45,010-4784-2557,보드게임
11491,오현우,52,김해 일산동구123-45,010-9336-7736,수영
11492,이도윤,54,수원 진해구123-45,010-2120-1544,유튜브 보기
11493,조수빈,41,광주 북구123-45,010-6668-2793,자전거 타기
11494,임하은,71,화성 동구123-45,010-8027-2862,게임
11495,이은우,49,평택 남구123-45,010-1912-6738,드로잉
11496,강현우,36,서울 송파구123-45,010-2508-3655,등산
11497,박서준,68,청주 장유동123-45,010-4738-9867,웹서핑
11498,윤태윤,21,울산 신제주123-45,010-2793-5701,웹서핑
11499,임예은,29,평택 북구123-45,010-1670-2693,요리
11500,정시우,36,고양 북구123-45,010-9279-4737,웹서핑
11501,강하윤,72,울산 강남구123-45,010-7945-1969,운동
11502,조예린,25,고양 덕양구123-45,010-2242-6788,유튜브 보기
11503,최수빈,22,수원 성북구123-45,010-1920-3320,유튜브 보기
11504,김수빈,22,고양 일산동구123-45,010-6625-7102,게임
11505,서지민,60,대구 유성구123-45,010-2784-6572,영화감상
11506,임예은,35,대구 서북구123-45,010-9135-2105,독서
11507,최건우,74,청주 남구123-45,010-3575-8309,자전거 타기
11508,박지안,57,인천 성동구123-45,010-7570-6870,드로잉
11509,임시우,67,창원 송파구123-45,010-1353-4580,사진촬영
11510,한예린,22,울산 북구123-45,010-1758-3374,뜨개질
11511,조지안,22,제주 강서구123-45,010-2916-6082,등산
11512,임하은,75,안양 덕양구123-45,010-5737-1129,자전거 타기
11513,서소율,66,김해 수성구123-45,010-2811-4168,카페 투어
11514,한하은,40,제주 일산동구123-45,010-4537-5281,음악감상
11515,이태윤,74,서울 성북구123-45,010-4517-6568,요리
11516,윤유진,74,전주 덕양구123-45,010-2352-2702,여행
11517,신시우,73,청주 서북구123-45,010-1686-8018,게임
11518,최예린,39,안양 강서구123-45,010-4494-2787,뜨개질
11519,정유진,22,포항 유성구123-45,010-2556-2663,사진촬영
11520,박시우,79,수원 북구123-45,010-1167-4151,뜨개질
11521,강예은,48,성남 강서구123-45,010-4034-7544,여행
11522,윤하윤,52,남양주 성북구123-45,010-3415-6587,독서
11523,한예린,62,천안 장유동123-45,010-2039-5534,등산
11524,박지안,54,용인 흥덕구123-45,010-3836-1538,여행
11525,오서준,38,대구 서구123-45,010-8047-4131,웹서핑
11526,강하은,70,대구 중구123-45,010-6754-1347,등산
11527,정서준,33,고양 덕진구123-45,010-9808-6087,자전거 타기
11528,신태윤,26,남양주 덕진구123-45,010-5544-6664,웹서핑
11529,임지원,52,광주 달서구123-45,010-4750-5203,보드게임
11530,강하윤,31,광주 덕진구123-45,010-4497-8001,유튜브 보기
11531,임도윤,37,인천 남구123-45,010-4302-1960,수영
11532,임예은,37,수원 분당구123-45,010-2611-4601,드로잉
11533,서지원,35,창원 신제주123-45,010-4997-7616,자전거 타기
11534,신지안,25,용인 신제주123-45,010-5763-9222,게임
11535,조건우,72,광주 분당구123-45,010-5024-6530,사진촬영
11536,정예린,41,안양 북구123-45,010-5421-5852,요리
11537,정지후,49,세종 신제주123-45,010-6709-5265,게임
11538,김은우,45,남양주 남구123-45,010-7432-6650,카페 투어
11539,박도윤,47,인천 북구123-45,010-5616-9677,자전거 타기
11540,윤서연,51,창원 분당구123-45,010-2423-3194,웹서핑
11541,임하은,70,서울 덕양구123-45,010-6407-2015,영화감상
11542,조하은,79,안양 동구123-45,010-1056-7965,사진촬영
11543,정서준,45,서울 중구123-45,010-5477-8017,영화감상
11544,정하은,55,청주 덕진구123-45,010-1199-4444,드로잉
11545,오하윤,76,인천 송파구123-45,010-2441-2003,독서
11546,박건우,39,포항 덕양구123-45,010-1947-1279,영화감상
11547,신예은,76,용인 팔달구123-45,010-5143-1669,게임
11548,오은우,53,서울 서구123-45,010-2863-1080,음악감상
11549,최서연,29,부산 분당구123-45,010-6533-7795,등산
11550,박예린,29,세종 강남구123-45,010-2089-7743,음악감상
11551,강지민,38,대전 덕양구123-45,010-6982-6491,유튜브 보기
11552,장수빈,64,대전 분당구123-45,010-9661-2854,영화감상
11553,장지민,51,김해 기흥구123-45,010-2697-3535,일기 쓰기
11554,한예은,44,용인 진해구123-45,010-2458-4478,게임
11555,정지원,68,남양주 강남구123-45,010-6194-6537,요리
11556,조서준,78,성남 수성구123-45,010-5139-1792,수영
11557,김지후,32,안산 성동구123-45,010-9551-5265,음악감상
11558,이서연,41,안산 남구123-45,010-5166-4876,등산
11559,이민수,62,안양 남구123-45,010-8812-3440,보드게임
11560,한지민,77,세종 송파구123-45,010-4208-3116,드로잉
11561,박지민,64,수원 해운대구123-45,010-2542-7367,요리
11562,서유진,64,제주 성북구123-45,010-1925-2761,독서
11563,서지원,76,고양 성북구123-45,010-4698-6264,카페 투어
11564,조예은,30,청주 서북구123-45,010-5611-6556,카페 투어
11565,박지원,29,세종 남구123-45,010-3949-9122,카페 투어
11566,윤지원,41,창원 해운대구123-45,010-1743-9533,카페 투어
11567,임소율,21,안양 성동구123-45,010-9317-3808,영화감상
11568,서건우,28,평택 유성구123-45,010-4158-3110,음악감상
11569,정지원,42,서울 팔달구123-45,010-4422-9386,음악감상
11570,한은우,48,남양주 덕진구123-45,010-8997-5487,영화감상
11571,김은우,71,대전 달서구123-45,010-7197-5682,뜨개질
11572,한예린,65,창원 해운대구123-45,010-2256-5979,음악감상
11573,장지후,22,광주 진해구123-45,010-2904-8679,카페 투어
11574,장시우,68,화성 북구123-45,010-2893-3265,게임
11575,신지후,56,대전 동구123-45,010-5235-8388,수영
11576,최서준,39,세종 팔달구123-45,010-4145-4866,유튜브 보기
11577,김민수,74,부산 남구123-45,010-5939-1329,음악감상
11578,이예린,75,청주 유성구123-45,010-6937-2401,게임
11579,한지안,61,인천 장유동123-45,010-6389-8007,자전거 타기
11580,강현우,28,울산 장유동123-45,010-6897-1981,자전거 타기
11581,이수빈,22,대구 진해구123-45,010-3903-9631,유튜브 보기
11582,정건우,39,화성 진해구123-45,010-6535-5240,음악감상
11583,서서준,70,세종 덕진구123-45,010-9685-4819,유튜브 보기
11584,강유진,38,남양주 서북구123-45,010-2952-6266,운동
11585,이지안,70,안양 유성구123-45,010-3772-8619,카페 투어
11586,장소율,41,청주 수성구123-45,010-1857-6093,카페 투어
11587,윤서준,34,평택 기흥구123-45,010-6282-2608,요리
11588,장예은,65,광주 서구123-45,010-5278-6402,뜨개질
11589,오예린,29,부산 일산동구123-45,010-5354-1291,카페 투어
11590,서지원,69,제주 분당구123-45,010-5741-2778,웹서핑
11591,박지원,31,안산 일산동구123-45,010-1403-2893,사진촬영
11592,윤건우,31,안양 성북구123-45,010-6747-9341,웹서핑
11593,장시우,76,수원 북구123-45,010-1289-2456,영화감상
11594,조은우,78,울산 흥덕구123-45,010-4021-3077,뜨개질
11595,정민수,35,성남 일산동구123-45,010-5338-1699,요리
11596,임은우,31,청주 중구123-45,010-5992-8235,게임
11597,장예린,56,김해 북구123-45,010-7282-4121,웹서핑
11598,오예은,21,부산 남구123-45,010-4200-6047,등산
11599,오태윤,59,세종 중구123-45,010-5742-1786,음악감상
11600,최서준,76,대전 북구123-45,010-8547-8739,독서
11601,한하은,63,남양주 남구123-45,010-4171-8264,수영
11602,오지후,75,부산 송파구123-45,010-7310-2712,유튜브 보기
11603,이지후,59,용인 분당구123-45,010-4335-3650,등산
11604,김지민,63,대전 기흥구123-45,010-7013-2015,요리
11605,오소율,41,용인 서북구123-45,010-2325-1667,등산
11606,이태윤,50,광주 동구123-45,010-3983-2368,일기 쓰기
11607,장서연,79,대전 장유동123-45,010-1437-5523,요리
11608,강수빈,52,울산 흥덕구123-45,010-2287-9725,유튜브 보기
11609,한지안,68,용인 덕양구123-45,010-4249-8779,웹서핑
11610,정지민,42,대전 강남구123-45,010-1451-3743,독서
11611,서건우,38,전주 강서구123-45,010-4968-5909,독서
11612,강예은,23,수원 강남구123-45,010-2167-9502,운동
11613,장예은,58,화성 강서구123-45,010-2741-8624,유튜브 보기
11614,정지안,25,김해 분당구123-45,010-5546-5140,독서
11615,서지민,30,대전 서북구123-45,010-7376-7511,뜨개질
11616,박하은,67,김해 신제주123-45,010-4751-3714,카페 투어
11617,임건우,69,용인 송파구123-45,010-9739-8890,일기 쓰기
11618,서태윤,65,성남 팔달구123-45,010-9860-6528,운동
11619,김지후,21,성남 분당구123-45,010-8013-1074,여행
11620,박태윤,49,인천 남구123-45,010-9965-7232,사진촬영
11621,강예린,47,대구 중구123-45,010-3706-5304,독서
11622,임태윤,56,제주 강서구123-45,010-8425-4915,수영
11623,신지후,68,남양주 분당구123-45,010-5527-5310,자전거 타기
11624,박지후,77,화성 강서구123-45,010-7339-2434,뜨개질
11625,임하윤,36,광주 강남구123-45,010-3473-6100,등산
11626,윤건우,28,수원 유성구123-45,010-4265-4045,드로잉
11627,임현우,58,제주 수성구123-45,010-6166-3899,자전거 타기
11628,조예은,47,서울 분당구123-45,010-6232-2198,사진촬영
11629,강서준,78,서울 장유동123-45,010-2706-3172,뜨개질
11630,이현우,50,화성 덕진구123-45,010-4076-5398,일기 쓰기
11631,최은우,29,포항 송파구123-45,010-9010-7792,영화감상
11632,신시우,63,인천 일산동구123-45,010-3068-8837,일기 쓰기
11633,윤수빈,68,전주 수성구123-45,010-5900-2761,카페 투어
11634,조은우,65,서울 진해구123-45,010-2315-2421,영화감상
11635,이소율,27,전주 강남구123-45,010-5972-4447,드로잉
11636,신민수,61,전주 성동구123-45,010-1175-3703,유튜브 보기
11637,김서연,33,제주 장유동123-45,010-7151-9539,요리
11638,임서준,55,포항 중구123-45,010-3572-9372,게임
11639,윤하윤,53,평택 중구123-45,010-5562-3518,카페 투어
11640,최지후,40,평택 수성구123-45,010-9641-7652,유튜브 보기
11641,최민수,22,김해 흥덕구123-45,010-5619-4682,일기 쓰기
11642,정지안,78,고양 덕진구123-45,010-2737-6169,드로잉
11643,김소율,23,천안 성북구123-45,010-3358-2702,카페 투어
11644,강현우,37,화성 팔달구123-45,010-5922-9739,요리
11645,정서연,43,세종 덕양구123-45,010-2296-3101,게임
11646,김민수,63,창원 진해구123-45,010-4832-9005,카페 투어
11647,한소율,45,포항 장유동123-45,010-2534-9663,보드게임
11648,강지원,56,대구 일산동구123-45,010-5306-2526,독서
11649,이유진,56,울산 서구123-45,010-8310-8445,카페 투어
11650,신수빈,66,인천 수성구123-45,010-5179-4111,카페 투어
11651,박하윤,59,울산 팔달구123-45,010-4868-6033,보드게임
11652,조지원,29,화성 남구123-45,010-6913-2611,보드게임
11653,오지후,48,서울 남구123-45,010-4549-3402,요리
11654,임시우,55,안산 장유동123-45,010-6696-6385,자전거 타기
11655,최지민,24,안양 해운대구123-45,010-2431-6483,독서
11656,박현우,52,인천 달서구123-45,010-5231-1259,뜨개질
11657,박시우,20,광주 유성구123-45,010-2573-5092,게임
11658,서현우,49,세종 북구123-45,010-5137-3993,사진촬영
11659,최수빈,42,서울 신제주123-45,010-6430-8654,여행
11660,정은우,44,수원 서북구123-45,010-6276-1541,유튜브 보기
11661,장민수,53,성남 성동구123-45,010-4935-3907,보드게임
11662,오지원,74,세종 유성구123-45,010-3853-9144,카페 투어
11663,임하윤,67,인천 흥덕구123-45,010-9371-7923,일기 쓰기
11664,조하윤,23,울산 송파구123-45,010-8200-1731,드로잉
11665,최유진,73,용인 북구123-45,010-8857-5974,음악감상
11666,김은우,44,청주 북구123-45,010-5492-8710,뜨개질
11667,김소율,44,안양 팔달구123-45,010-5589-6399,드로잉
11668,장은우,59,인천 수성구123-45,010-5220-3603,수영
11669,이서준,64,울산 남구123-45,010-5092-2927,게임
11670,한도윤,32,남양주 일산동구123-45,010-4838-1371,등산
11671,임서준,72,인천 해운대구123-45,010-8556-3237,독서
11672,조지후,29,고양 서구123-45,010-2382-9206,등산
11673,정도윤,64,안산 성동구123-45,010-9993-5364,뜨개질
11674,최지원,62,성남 장유동123-45,010-1739-2239,웹서핑
11675,이지안,41,부산 남구123-45,010-4040-5020,일기 쓰기
11676,서지후,44,서울 팔달구123-45,010-3336-1020,수영
11677,강서준,35,용인 남구123-45,010-2510-6158,영화감상
11678,정유진,49,안산 장유동123-45,010-3643-5465,수영
11679,정수빈,73,광주 북구123-45,010-6641-9603,자전거 타기
11680,최지원,66,화성 서구123-45,010-7792-9333,수영
11681,한하윤,39,남양주 기흥구123-45,010-5197-2381,카페 투어
11682,윤서연,59,김해 덕진구123-45,010-2526-2938,사진촬영
11683,조수빈,29,전주 진해구123-45,010-2559-3579,영화감상
11684,장하은,21,대전 동구123-45,010-7600-5633,유튜브 보기
11685,박지원,34,고양 해운대구123-45,010-7132-2912,보드게임
11686,서예린,38,안산 팔달구123-45,010-3036-8746,여행
11687,박하윤,21,제주 유성구123-45,010-6826-9812,수영
11688,윤도윤,22,청주 강서구123-45,010-9367-4143,요리
11689,김지안,36,서울 덕진구123-45,010-7533-9296,뜨개질
11690,강지민,39,평택 달서구123-45,010-3349-3785,자전거 타기
11691,신수빈,53,화성 기흥구123-45,010-6074-4598,유튜브 보기
11692,한서준,29,광주 동구123-45,010-8604-1360,독서
11693,오하윤,47,고양 기흥구123-45,010-7447-7886,수영
11694,임예린,50,광주 분당구123-45,010-3473-9151,요리
11695,조은우,52,인천 기흥구123-45,010-1000-9505,영화감상
11696,신서준,74,광주 강서구123-45,010-5889-6285,영화감상
11697,조은우,78,청주 진해구123-45,010-3986-7232,게임
11698,한지원,27,용인 강서구123-45,010-1321-7675,수영
11699,이민수,56,전주 덕양구123-45,010-5666-1372,카페 투어
11700,정수빈,29,청주 덕양구123-45,010-1093-2579,보드게임
11701,서서연,40,성남 덕진구123-45,010-1862-1391,영화감상
11702,이하윤,65,포항 서북구123-45,010-3795-3694,독서
11703,박지후,23,서울 덕진구123-45,010-3897-6240,자전거 타기
11704,장예린,25,남양주 서구123-45,010-9992-6253,요리
11705,강태윤,30,평택 달서구123-45,010-1851-2690,일기 쓰기
11706,윤태윤,25,세종 장유동123-45,010-6705-1816,운동
11707,조예은,30,수원 덕양구123-45,010-6958-5421,등산
11708,신하은,43,대전 서구123-45,010-5890-7978,게임
11709,서은우,68,안양 강서구123-45,010-2633-3891,뜨개질
11710,서예은,59,안산 강서구123-45,010-5153-1849,뜨개질
11711,서서준,61,전주 북구123-45,010-1640-2427,자전거 타기
11712,임예은,67,제주 덕양구123-45,010-8227-4465,드로잉
11713,강태윤,50,창원 남구123-45,010-2880-3792,여행
11714,장수빈,59,용인 분당구123-45,010-4381-7105,수영
11715,오서연,67,용인 흥덕구123-45,010-6798-6810,카페 투어
11716,김지민,49,창원 덕진구123-45,010-2971-2395,등산
11717,정서연,79,포항 장유동123-45,010-2400-7930,여행
11718,신예은,21,포항 송파구123-45,010-3155-9632,독서
11719,최건우,74,울산 성동구123-45,010-6426-2089,영화감상
11720,박지민,21,성남 송파구123-45,010-9994-6184,웹서핑
11721,신은우,49,수원 일산동구123-45,010-8601-1577,카페 투어
11722,신서연,73,서울 일산동구123-45,010-7845-1749,영화감상
11723,서은우,56,세종 덕진구123-45,010-4347-2290,게임
11724,장수빈,78,청주 덕양구123-45,010-6697-2520,여행
11725,조서연,26,인천 성북구123-45,010-6955-6973,카페 투어
11726,윤하윤,54,울산 흥덕구123-45,010-7954-3745,일기 쓰기
11727,강민수,78,세종 진해구123-45,010-6912-4403,등산
11728,조시우,53,울산 송파구123-45,010-1846-6058,뜨개질
11729,한건우,55,고양 성북구123-45,010-2767-1629,게임
11730,이서연,21,포항 일산동구123-45,010-7746-6644,유튜브 보기
11731,윤민수,36,안양 북구123-45,010-9379-5693,음악감상
11732,윤지안,30,부산 장유동123-45,010-6042-7960,유튜브 보기
11733,강예린,27,김해 진해구123-45,010-3171-2562,드로잉
11734,김예린,26,남양주 일산동구123-45,010-3621-4974,유튜브 보기
11735,조태윤,34,고양 유성구123-45,010-3067-1159,여행
11736,오지원,53,안양 일산동구123-45,010-2182-6120,등산
11737,오건우,64,안양 기흥구123-45,010-1672-3988,독서
11738,정시우,45,세종 서구123-45,010-2811-8998,드로잉
11739,박수빈,67,안산 수성구123-45,010-2360-8003,영화감상
11740,이시우,58,포항 유성구123-45,010-7064-5171,운동
11741,정건우,28,수원 장유동123-45,010-5839-6163,운동
11742,장시우,42,화성 북구123-45,010-5380-2254,카페 투어
11743,한소율,33,청주 달서구123-45,010-2242-1231,음악감상
11744,임예린,69,용인 덕양구123-45,010-9786-4249,게임
11745,강시우,29,세종 서구123-45,010-1303-7775,게임
11746,한지원,24,수원 기흥구123-45,010-1688-2708,음악감상
11747,서하은,78,용인 수성구123-45,010-2065-1820,유튜브 보기
11748,윤은우,69,포항 일산동구123-45,010-1275-9225,보드게임
11749,이건우,37,서울 서구123-45,010-1831-1320,요리
11750,정지민,72,수원 남구123-45,010-3767-7369,드로잉
11751,한예린,79,서울 신제주123-45,010-3709-4714,독서
11752,신도윤,47,안산 유성구123-45,010-3826-2477,일기 쓰기
11753,한건우,65,안양 북구123-45,010-2489-1493,운동
11754,한민수,38,인천 유성구123-45,010-5641-1981,자전거 타기
11755,장지후,51,안양 덕진구123-45,010-4423-8361,유튜브 보기
11756,윤소율,27,창원 강남구123-45,010-6265-3347,영화감상
11757,최예은,56,평택 달서구123-45,010-5940-8495,요리
11758,최지원,50,인천 강남구123-45,010-2470-6024,보드게임
11759,정예린,32,울산 신제주123-45,010-9053-5713,독서
11760,장현우,45,대전 성동구123-45,010-4319-7684,영화감상
11761,김지안,20,성남 덕양구123-45,010-1912-2262,요리
11762,임태윤,52,포항 덕진구123-45,010-6015-9713,등산
11763,한태윤,52,포항 성동구123-45,010-3744-2225,수영
11764,김건우,28,평택 장유동123-45,010-2012-2608,보드게임
11765,신현우,35,대전 달서구123-45,010-8268-8002,보드게임
11766,오현우,75,제주 기흥구123-45,010-3562-6769,자전거 타기
11767,장현우,76,남양주 진해구123-45,010-6009-7554,요리
11768,정서연,54,세종 성동구123-45,010-5200-9670,웹서핑
11769,박지원,46,대구 강서구123-45,010-6170-1123,음악감상
11770,박유진,61,청주 흥덕구123-45,010-4073-9880,자전거 타기
11771,서태윤,56,평택 기흥구123-45,010-8190-4628,게임
11772,윤지안,37,천안 서북구123-45,010-9339-2464,운동
11773,장하윤,45,부산 강서구123-45,010-2377-5536,음악감상
11774,정서연,72,대전 중구123-45,010-7498-5006,음악감상
11775,정지민,56,전주 남구123-45,010-4465-6879,수영
11776,윤서준,26,인천 흥덕구123-45,010-2717-9548,등산
11777,임수빈,60,평택 성북구123-45,010-5481-3658,카페 투어
11778,신예린,29,성남 진해구123-45,010-2695-2843,유튜브 보기
11779,정은우,68,제주 신제주123-45,010-3072-4939,등산
11780,김태윤,21,대구 분당구123-45,010-8222-5755,영화감상
11781,정민수,26,화성 덕양구123-45,010-2139-8410,운동
11782,임서준,27,안양 신제주123-45,010-1583-6055,웹서핑
11783,조서준,59,제주 장유동123-45,010-7621-4479,보드게임
11784,한예은,65,부산 수성구123-45,010-5574-6117,음악감상
11785,서수빈,49,광주 달서구123-45,010-3909-9909,음악감상
11786,장수빈,20,대구 진해구123-45,010-8913-5345,보드게임
11787,오건우,71,울산 강남구123-45,010-5551-6373,독서
11788,윤유진,72,수원 장유동123-45,010-9789-2170,등산
11789,윤유진,35,천안 달서구123-45,010-4344-4318,드로잉
11790,윤은우,38,안양 송파구123-45,010-7503-7850,독서
11791,김현우,42,성남 동구123-45,010-4134-2763,웹서핑
11792,한지민,56,제주 북구123-45,010-1020-9490,사진촬영
11793,장하윤,33,세종 서북구123-45,010-3900-9996,뜨개질
11794,신도윤,58,평택 서구123-45,010-5072-8746,수영
11795,김건우,53,대전 수성구123-45,010-6705-1530,운동
11796,윤시우,38,제주 덕진구123-45,010-9481-6084,여행
11797,김예은,34,안양 흥덕구123-45,010-4866-9574,일기 쓰기
11798,정유진,32,대전 동구123-45,010-9332-4177,수영
11799,최유진,31,전주 달서구123-45,010-6202-2521,자전거 타기
11800,조민수,58,제주 팔달구123-45,010-4221-6233,사진촬영
11801,김건우,60,청주 유성구123-45,010-3056-4653,드로잉
11802,임현우,36,남양주 성동구123-45,010-4667-2790,자전거 타기
11803,한지후,74,화성 신제주123-45,010-8928-2626,웹서핑
11804,김은우,64,세종 기흥구123-45,010-3657-1417,웹서핑
11805,신예은,21,천안 서구123-45,010-6960-2873,음악감상
11806,정도윤,54,서울 서구123-45,010-1757-1971,드로잉
11807,한수빈,36,인천 분당구123-45,010-5715-2931,사진촬영
11808,윤현우,67,서울 중구123-45,010-1731-9692,웹서핑
11809,최도윤,39,고양 강서구123-45,010-9592-1306,카페 투어
11810,조현우,21,서울 장유동123-45,010-4114-2606,여행
11811,이건우,62,창원 중구123-45,010-6532-8029,뜨개질
11812,장지안,57,김해 달서구123-45,010-2525-5778,뜨개질
11813,오하윤,64,창원 수성구123-45,010-5802-6295,일기 쓰기
11814,서유진,22,광주 남구123-45,010-4850-9784,수영
11815,김지안,24,평택 일산동구123-45,010-8409-2248,요리
11816,정지안,24,평택 서북구123-45,010-2950-6434,음악감상
11817,신건우,69,서울 달서구123-45,010-9573-3922,뜨개질
11818,오은우,26,광주 분당구123-45,010-2141-4401,음악감상
11819,오지안,62,인천 수성구123-45,010-1211-6188,일기 쓰기
11820,최지민,49,광주 동구123-45,010-8214-5621,독서
11821,최유진,45,용인 장유동123-45,010-4648-5001,일기 쓰기
11822,오현우,42,김해 해운대구123-45,010-7532-7552,게임
11823,정은우,79,평택 장유동123-45,010-3634-5417,독서
11824,박태윤,43,화성 덕진구123-45,010-9892-6571,유튜브 보기
11825,조수빈,58,창원 동구123-45,010-5445-8389,등산
11826,한지원,73,대구 기흥구123-45,010-1629-2071,드로잉
11827,최태윤,61,세종 수성구123-45,010-5975-4470,독서
11828,오소율,68,창원 성북구123-45,010-7162-1252,사진촬영
11829,윤하은,34,창원 중구123-45,010-1907-5606,드로잉
11830,오태윤,42,포항 유성구123-45,010-8641-7060,일기 쓰기
11831,김예린,34,용인 강남구123-45,010-6128-1692,유튜브 보기
11832,조하은,66,성남 유성구123-45,010-7495-3136,뜨개질
11833,윤시우,54,성남 흥덕구123-45,010-3810-3211,카페 투어
11834,최태윤,48,고양 북구123-45,010-3841-6592,보드게임
11835,신현우,67,남양주 성북구123-45,010-1287-6092,영화감상
11836,장하윤,27,대전 남구123-45,010-4731-5430,카페 투어
11837,조태윤,26,화성 동구123-45,010-4066-2270,요리
11838,서지안,56,세종 서북구123-45,010-2867-6243,카페 투어
11839,강소율,40,대전 수성구123-45,010-2010-8251,웹서핑
11840,장하은,37,서울 남구123-45,010-3542-5544,카페 투어
11841,임시우,34,안양 진해구123-45,010-7115-2277,수영
11842,장은우,26,부산 남구123-45,010-2657-9325,웹서핑
11843,서지민,60,청주 유성구123-45,010-2691-9420,카페 투어
11844,최지민,64,청주 송파구123-45,010-4664-3692,독서
11845,서하윤,45,남양주 해운대구123-45,010-9533-2305,게임
11846,최지안,74,서울 수성구123-45,010-4514-4653,게임
11847,윤지원,49,김해 해운대구123-45,010-6016-2118,게임
11848,오지원,66,포항 달서구123-45,010-1666-4291,보드게임
11849,서지민,21,창원 성동구123-45,010-3961-8858,수영
11850,오지원,79,안산 성동구123-45,010-5805-9013,수영
11851,서민수,33,광주 해운대구123-45,010-3579-2904,운동
11852,장소율,34,청주 강남구123-45,010-4018-6260,게임
11853,윤지안,28,화성 강남구123-45,010-6101-8176,자전거 타기
11854,최도윤,70,성남 덕진구123-45,010-8268-3459,등산
11855,김현우,25,전주 유성구123-45,010-4267-6235,운동
11856,정하윤,31,창원 흥덕구123-45,010-3185-3025,영화감상
11857,윤예은,59,천안 수성구123-45,010-3258-1538,드로잉
11858,정지원,44,울산 성북구123-45,010-9702-2784,수영
11859,이예은,33,전주 중구123-45,010-9800-6143,독서
11860,서지안,22,대전 달서구123-45,010-6535-6976,요리
11861,한지원,41,제주 동구123-45,010-1873-9194,유튜브 보기
11862,박소율,43,화성 강서구123-45,010-3971-4748,웹서핑
11863,조건우,49,광주 흥덕구123-45,010-2498-9860,여행
11864,장하윤,51,평택 흥덕구123-45,010-2733-7011,독서
11865,강예은,60,안양 기흥구123-45,010-5144-4126,드로잉
11866,박지후,51,평택 분당구123-45,010-7307-1614,게임
11867,윤건우,52,서울 분당구123-45,010-5745-1121,운동
11868,서수빈,54,세종 북구123-45,010-2809-1296,카페 투어
11869,임민수,22,성남 수성구123-45,010-2641-2055,사진촬영
11870,정지민,34,대구 분당구123-45,010-7542-7152,영화감상
11871,한지민,76,인천 장유동123-45,010-2293-3167,드로잉
11872,서태윤,62,천안 장유동123-45,010-4861-4431,사진촬영
11873,박수빈,61,안산 서구123-45,010-9530-4204,일기 쓰기
11874,장민수,50,제주 흥덕구123-45,010-4036-5864,카페 투어
11875,강예린,27,안양 강남구123-45,010-3726-4207,일기 쓰기
11876,정지후,52,안산 흥덕구123-45,010-5584-4290,영화감상
11877,오현우,55,제주 성동구123-45,010-1045-3071,등산
11878,장민수,69,창원 중구123-45,010-3053-6991,수영
11879,한예은,22,광주 일산동구123-45,010-8692-4951,보드게임
11880,한소율,73,김해 서구123-45,010-6737-7015,음악감상
11881,장시우,41,안양 강남구123-45,010-1785-1814,등산
11882,한하은,69,울산 성동구123-45,010-4385-5277,드로잉
11883,김서준,68,김해 덕양구123-45,010-8671-3847,유튜브 보기
11884,정지민,34,포항 기흥구123-45,010-2914-8184,자전거 타기
11885,박서연,66,청주 덕양구123-45,010-2877-3171,요리
11886,오예은,27,제주 서구123-45,010-3193-2201,유튜브 보기
11887,강은우,75,천안 분당구123-45,010-8512-2849,수영
11888,서서준,78,화성 덕양구123-45,010-4610-6179,유튜브 보기
11889,조도윤,28,화성 송파구123-45,010-5587-5076,웹서핑
11890,윤지안,38,대전 진해구123-45,010-5467-5981,뜨개질
11891,김예린,37,서울 진해구123-45,010-9125-1643,카페 투어
11892,신지원,28,울산 진해구123-45,010-4313-6817,자전거 타기
11893,신수빈,73,인천 강서구123-45,010-7242-3201,수영
11894,임시우,76,수원 달서구123-45,010-4264-4567,요리
11895,강하은,24,고양 기흥구123-45,010-4255-6655,일기 쓰기
11896,오소율,71,천안 수성구123-45,010-1415-7185,사진촬영
11897,정예은,70,성남 성동구123-45,010-3770-5724,영화감상
11898,정지민,55,전주 강남구123-45,010-2777-9952,게임
11899,박유진,54,서울 동구123-45,010-1015-6579,드로잉
11900,한도윤,56,대전 신제주123-45,010-3604-7877,사진촬영
11901,윤유진,79,용인 수성구123-45,010-1931-3091,독서
11902,김유진,56,김해 강서구123-45,010-3492-8792,뜨개질
11903,신수빈,55,천안 팔달구123-45,010-5811-6544,등산
11904,정건우,47,천안 팔달구123-45,010-4936-4683,일기 쓰기
11905,김하은,76,화성 장유동123-45,010-4549-5416,음악감상
11906,신시우,59,김해 달서구123-45,010-1731-8551,유튜브 보기
11907,최하윤,45,서울 남구123-45,010-8885-5485,수영
11908,신서연,44,화성 장유동123-45,010-7763-5204,운동
11909,조지민,32,안양 서구123-45,010-6584-1153,수영
11910,오서연,40,안양 흥덕구123-45,010-6181-8660,웹서핑
11911,오소율,26,성남 덕진구123-45,010-1612-6540,뜨개질
11912,조도윤,75,전주 장유동123-45,010-6573-9704,영화감상
11913,임민수,25,청주 덕양구123-45,010-8756-1655,여행
11914,장지후,62,청주 동구123-45,010-1057-6289,웹서핑
11915,정유진,56,용인 서북구123-45,010-7431-4115,게임
11916,정소율,67,세종 신제주123-45,010-4150-3255,수영
11917,한지원,57,제주 강서구123-45,010-6458-3081,요리
11918,장지안,47,고양 수성구123-45,010-1249-5340,게임
11919,강민수,73,고양 성동구123-45,010-4080-5819,영화감상
11920,최태윤,30,부산 팔달구123-45,010-1879-2128,여행
11921,서하은,65,안산 중구123-45,010-6608-2561,뜨개질
11922,윤하윤,29,고양 성동구123-45,010-3636-6758,자전거 타기
11923,오서준,30,전주 덕양구123-45,010-6430-7300,보드게임
11924,최은우,42,평택 유성구123-45,010-2974-4869,보드게임
11925,신태윤,32,대구 성북구123-45,010-5727-3957,카페 투어
11926,장현우,73,화성 유성구123-45,010-8770-4151,독서
11927,임유진,34,김해 신제주123-45,010-7417-8406,사진촬영
11928,서소율,24,천안 성동구123-45,010-3484-1988,등산
11929,오은우,56,광주 성동구123-45,010-2168-5638,운동
11930,조지민,23,포항 동구123-45,010-1731-8702,영화감상
11931,한민수,71,안산 장유동123-45,010-1809-9256,음악감상
11932,조소율,43,세종 북구123-45,010-3826-2270,요리
11933,최건우,39,포항 덕진구123-45,010-1881-3708,카페 투어
11934,한예은,34,대전 성북구123-45,010-2199-6260,여행
11935,오지민,47,인천 송파구123-45,010-6742-7708,운동
11936,박예은,61,부산 덕양구123-45,010-3711-3931,사진촬영
11937,장은우,35,남양주 중구123-45,010-6884-1007,일기 쓰기
11938,오하은,52,울산 동구123-45,010-1454-3482,독서
11939,신수빈,47,부산 북구123-45,010-5880-8352,사진촬영
11940,윤하은,56,청주 수성구123-45,010-4682-4762,뜨개질
11941,강서준,70,화성 신제주123-45,010-2328-9647,영화감상
11942,김서연,39,천안 수성구123-45,010-1608-7990,요리
11943,한현우,79,남양주 동구123-45,010-7791-1285,여행
11944,강예은,21,서울 성동구123-45,010-6189-4221,일기 쓰기
11945,김은우,41,서울 중구123-45,010-6124-6707,요리
11946,윤지원,32,제주 서구123-45,010-9837-4609,요리
11947,임시우,79,수원 강서구123-45,010-5572-7803,독서
11948,서수빈,36,안산 동구123-45,010-1903-7802,사진촬영
11949,정지후,67,남양주 신제주123-45,010-1322-6236,음악감상
11950,한지원,71,울산 성동구123-45,010-4918-4738,요리
11951,한지후,26,부산 동구123-45,010-5685-7009,영화감상
11952,임하윤,73,제주 북구123-45,010-9703-6506,사진촬영
11953,박지안,42,청주 강서구123-45,010-5569-7090,뜨개질
11954,서민수,76,김해 덕양구123-45,010-9225-3443,일기 쓰기
11955,임소율,26,수원 중구123-45,010-7427-9209,여행
11956,한서준,20,안산 달서구123-45,010-2463-1997,요리
11957,박시우,56,전주 성북구123-45,010-3041-9789,웹서핑
11958,최소율,58,창원 성동구123-45,010-5199-1826,카페 투어
11959,정예린,37,울산 강서구123-45,010-6159-1209,카페 투어
11960,박예린,52,창원 성동구123-45,010-2422-1283,유튜브 보기
11961,박유진,26,성남 장유동123-45,010-6050-8661,자전거 타기
11962,한민수,22,광주 흥덕구123-45,010-9881-1960,운동
11963,신예린,68,평택 흥덕구123-45,010-1607-3554,유튜브 보기
11964,오서연,30,천안 북구123-45,010-9188-9803,보드게임
11965,오지안,24,창원 일산동구123-45,010-4972-8001,게임
11966,정건우,28,청주 흥덕구123-45,010-6141-9421,음악감상
11967,임수빈,59,청주 서북구123-45,010-4333-7524,보드게임
11968,한소율,58,평택 동구123-45,010-6897-9502,보드게임
11969,오지민,74,서울 달서구123-45,010-1015-4074,보드게임
11970,이은우,60,서울 팔달구123-45,010-5685-9521,보드게임
11971,김서연,73,천안 중구123-45,010-6191-7902,운동
11972,서서준,36,세종 송파구123-45,010-2053-1293,영화감상
11973,조수빈,47,인천 남구123-45,010-8755-2416,뜨개질
11974,최지원,38,부산 장유동123-45,010-9816-9075,유튜브 보기
11975,임도윤,68,광주 진해구123-45,010-9175-2978,독서
11976,강현우,40,천안 기흥구123-45,010-8761-1125,보드게임
11977,김하은,53,서울 덕양구123-45,010-2832-3067,요리
11978,신민수,38,전주 수성구123-45,010-6901-3636,뜨개질
11979,신예린,26,김해 서구123-45,010-5572-6774,뜨개질
11980,임지민,69,안산 기흥구123-45,010-1187-4689,등산
11981,정유진,62,서울 진해구123-45,010-2182-4499,여행
11982,정예은,71,제주 북구123-45,010-1910-7725,유튜브 보기
11983,한하윤,72,천안 달서구123-45,010-6805-1515,일기 쓰기
11984,신은우,60,성남 강남구123-45,010-3564-6104,영화감상
11985,박서준,51,고양 달서구123-45,010-2414-4760,요리
11986,박지안,74,청주 신제주123-45,010-7410-5900,유튜브 보기
11987,강하윤,42,제주 진해구123-45,010-8828-8233,일기 쓰기
11988,이건우,37,서울 덕양구123-45,010-5261-2297,일기 쓰기
11989,조현우,23,대전 일산동구123-45,010-4894-9329,운동
11990,김지원,47,화성 덕양구123-45,010-2497-4921,보드게임
11991,임지원,40,포항 기흥구123-45,010-8728-7160,독서
11992,조시우,44,세종 강남구123-45,010-9708-9165,게임
11993,서소율,56,광주 덕양구123-45,010-3128-3423,여행
11994,한지원,70,안양 흥덕구123-45,010-5939-6054,뜨개질
11995,오유진,61,천안 덕양구123-45,010-6121-3263,운동
11996,최지민,25,제주 성북구123-45,010-4170-4340,자전거 타기
11997,한수빈,56,안양 강서구123-45,010-7914-2066,드로잉
11998,강건우,63,제주 중구123-45,010-6264-1833,사진촬영
11999,오소율,55,성남 분당구123-45,010-7527-7552,여행
12000,조소율,56,화성 북구123-45,010-4744-1726,독서
12001,최지안,29,제주 팔달구123-45,010-1654-3946,카페 투어
12002,김서준,33,화성 동구123-45,010-2136-1228,사진촬영
12003,최하윤,64,대전 분당구123-45,010-9762-8233,운동
12004,조소율,60,전주 강서구123-45,010-2357-1427,영화감상
12005,강소율,41,남양주 서북구123-45,010-7114-4790,요리
12006,박지후,53,고양 흥덕구123-45,010-6283-7013,보드게임
12007,김시우,69,제주 중구123-45,010-2475-6019,보드게임
12008,윤건우,42,세종 덕양구123-45,010-1304-7050,자전거 타기
12009,신지후,77,광주 진해구123-45,010-4592-7064,카페 투어
12010,장지민,43,창원 팔달구123-45,010-6265-8164,드로잉
12011,정지원,33,세종 기흥구123-45,010-9912-2590,수영
12012,최지민,62,세종 수성구123-45,010-5179-4476,여행
12013,김지안,48,전주 송파구123-45,010-2519-1966,등산
12014,박민수,55,청주 송파구123-45,010-9475-6163,일기 쓰기
12015,박예린,46,남양주 수성구123-45,010-4154-2433,게임
12016,신건우,44,창원 덕진구123-45,010-3941-1785,드로잉
12017,최은우,48,대구 달서구123-45,010-5391-5433,등산
12018,조현우,41,안양 성북구123-45,010-9671-3457,수영
12019,김민수,42,김해 수성구123-45,010-9881-2702,뜨개질
12020,한지후,43,김해 북구123-45,010-4846-4097,음악감상
12021,서지후,27,부산 강남구123-45,010-1536-4137,카페 투어
12022,임지민,48,서울 남구123-45,010-5678-5301,보드게임
12023,장민수,75,청주 분당구123-45,010-6070-6587,음악감상
12024,서시우,77,안산 진해구123-45,010-4054-5964,카페 투어
12025,이서준,42,평택 팔달구123-45,010-4882-3021,등산
12026,임은우,62,고양 남구123-45,010-1385-9616,요리
12027,신지원,59,남양주 신제주123-45,010-8831-2785,음악감상
12028,서건우,44,남양주 북구123-45,010-3485-7978,일기 쓰기
12029,박지원,33,대전 달서구123-45,010-4189-7999,드로잉
12030,박지안,25,전주 장유동123-45,010-1814-2362,카페 투어
12031,임소율,42,청주 서북구123-45,010-6574-5424,카페 투어
12032,조하윤,69,세종 신제주123-45,010-6195-8466,여행
12033,오도윤,28,평택 중구123-45,010-2281-1485,게임
12034,강도윤,38,포항 진해구123-45,010-5519-3235,영화감상
12035,최예린,34,성남 장유동123-45,010-1074-7671,요리
12036,임지후,32,고양 기흥구123-45,010-5536-6725,드로잉
12037,신시우,22,성남 신제주123-45,010-6350-8632,음악감상
12038,이예린,24,천안 성북구123-45,010-8955-2666,음악감상
12039,이서준,45,울산 동구123-45,010-8170-6200,일기 쓰기
12040,강서준,20,광주 수성구123-45,010-4996-5555,음악감상
12041,김지원,61,안양 성동구123-45,010-1652-7328,사진촬영
12042,강지후,57,세종 동구123-45,010-2105-1056,자전거 타기
12043,한서연,65,창원 흥덕구123-45,010-9536-5113,드로잉
12044,오민수,31,포항 중구123-45,010-7359-8028,수영
12045,한민수,51,김해 팔달구123-45,010-8043-5965,웹서핑
12046,박지원,31,대전 남구123-45,010-9555-1614,독서
12047,서지안,24,창원 서북구123-45,010-9211-2323,사진촬영
12048,신지민,55,성남 장유동123-45,010-1778-3415,일기 쓰기
12049,신지원,33,서울 수성구123-45,010-2212-1670,등산
12050,임민수,59,창원 달서구123-45,010-9488-5977,요리
12051,최건우,79,세종 동구123-45,010-4763-5710,드로잉
12052,서유진,69,화성 덕진구123-45,010-6931-5726,뜨개질
12053,신하윤,66,부산 수성구123-45,010-1909-4076,유튜브 보기
12054,김은우,25,포항 장유동123-45,010-3152-1292,사진촬영
12055,강지민,21,광주 북구123-45,010-6432-6122,자전거 타기
12056,조지원,45,대구 해운대구123-45,010-9172-4775,여행
12057,박유진,52,광주 송파구123-45,010-4791-5784,게임
12058,조지민,73,평택 달서구123-45,010-1931-5206,독서
12059,박시우,24,수원 강서구123-45,010-6450-6911,사진촬영
12060,정유진,51,전주 유성구123-45,010-3843-1043,웹서핑
12061,한민수,29,대구 강남구123-45,010-2739-2896,일기 쓰기
12062,장지민,59,김해 남구123-45,010-4969-6102,음악감상
12063,조지민,46,대구 진해구123-45,010-7185-2700,음악감상
12064,신민수,54,안산 동구123-45,010-7962-1050,드로잉
12065,강지후,35,평택 송파구123-45,010-2840-4020,유튜브 보기
12066,오서준,38,천안 달서구123-45,010-9314-8101,독서
12067,장태윤,60,평택 신제주123-45,010-9605-7082,여행
12068,정지원,20,서울 분당구123-45,010-5071-3283,운동
12069,박은우,44,광주 해운대구123-45,010-3173-6502,일기 쓰기
12070,서지후,43,대전 팔달구123-45,010-2310-6595,일기 쓰기
12071,오하윤,58,수원 남구123-45,010-4974-4385,운동
12072,임도윤,75,남양주 북구123-45,010-1084-6504,수영
12073,한유진,21,서울 북구123-45,010-2956-5420,영화감상
12074,윤도윤,35,성남 동구123-45,010-5901-1176,영화감상
12075,신지안,60,대전 해운대구123-45,010-3692-9441,보드게임
12076,김하윤,44,안산 성북구123-45,010-1208-1439,독서
12077,임서연,69,제주 팔달구123-45,010-6468-2591,사진촬영
12078,박은우,23,대구 일산동구123-45,010-7864-9708,등산
12079,한예린,21,수원 수성구123-45,010-3919-4585,요리
12080,서예은,43,고양 중구123-45,010-8554-3553,독서
12081,조지원,30,부산 팔달구123-45,010-1820-3335,뜨개질
12082,강민수,78,세종 성북구123-45,010-6805-2790,게임
12083,정서연,71,평택 팔달구123-45,010-7488-3355,드로잉
12084,신민수,55,세종 동구123-45,010-4996-4814,요리
12085,강서연,54,청주 장유동123-45,010-5262-7476,뜨개질
12086,오하은,55,부산 분당구123-45,010-5701-5992,운동
12087,신예은,24,김해 분당구123-45,010-3989-1557,뜨개질
12088,서건우,25,화성 성북구123-45,010-3773-9693,음악감상
12089,김수빈,58,성남 강서구123-45,010-2801-1038,유튜브 보기
12090,김현우,61,울산 강남구123-45,010-4289-5920,유튜브 보기
12091,강하은,25,포항 신제주123-45,010-7920-4272,드로잉
12092,장서연,62,청주 성북구123-45,010-4493-5632,운동
12093,정소율,54,성남 신제주123-45,010-8581-3084,일기 쓰기
12094,장서준,45,수원 강남구123-45,010-2743-2383,운동
12095,조지민,74,광주 강남구123-45,010-6071-9244,카페 투어
12096,이서연,20,안양 장유동123-45,010-9292-1573,여행
12097,한현우,66,천안 성동구123-45,010-5810-3416,유튜브 보기
12098,임지원,51,포항 동구123-45,010-1233-7692,영화감상
12099,강소율,38,울산 강남구123-45,010-5068-4793,카페 투어
12100,조하은,32,용인 일산동구123-45,010-3442-6733,여행
12101,서예은,77,고양 신제주123-45,010-9065-8264,등산
12102,조지민,51,김해 신제주123-45,010-6830-1665,운동
12103,박서연,79,제주 성동구123-45,010-4366-4670,자전거 타기
12104,강지후,77,용인 달서구123-45,010-4280-4992,음악감상
12105,최건우,33,수원 서구123-45,010-5216-5437,뜨개질
12106,신현우,60,서울 성북구123-45,010-2133-1084,자전거 타기
12107,오하윤,43,화성 서구123-45,010-4556-1668,음악감상
12108,강하은,73,안산 달서구123-45,010-7204-1038,운동
12109,조예은,76,성남 북구123-45,010-3504-4942,영화감상
12110,정하은,48,청주 서북구123-45,010-6880-1774,보드게임
12111,윤하윤,55,안양 강남구123-45,010-5528-5011,운동
12112,서태윤,22,용인 유성구123-45,010-2983-3063,영화감상
12113,정하은,55,전주 성동구123-45,010-3465-5525,뜨개질
12114,김지민,53,안산 장유동123-45,010-9870-1223,보드게임
12115,강예린,79,서울 달서구123-45,010-3233-2963,음악감상
12116,박도윤,77,청주 서구123-45,010-2218-8690,게임
12117,장서준,49,청주 서구123-45,010-5772-9432,영화감상
12118,김예린,24,세종 서북구123-45,010-1735-2263,요리
12119,서도윤,31,성남 남구123-45,010-3759-8524,보드게임
12120,박현우,34,천안 덕양구123-45,010-5107-6816,게임
12121,오민수,52,안양 일산동구123-45,010-1391-4416,일기 쓰기
12122,박민수,32,세종 성북구123-45,010-7707-6854,등산
12123,신건우,26,인천 덕양구123-45,010-9258-5430,영화감상
12124,이서준,77,화성 진해구123-45,010-5380-7841,일기 쓰기
12125,한지후,62,포항 진해구123-45,010-6892-6197,뜨개질
12126,김시우,75,청주 동구123-45,010-4082-4299,일기 쓰기
12127,신지민,22,부산 강남구123-45,010-8946-2152,사진촬영
12128,윤도윤,41,창원 중구123-45,010-6899-1901,유튜브 보기
12129,박태윤,61,안양 덕양구123-45,010-4673-1231,독서
12130,김유진,24,청주 수성구123-45,010-1756-9335,영화감상
12131,임도윤,45,화성 동구123-45,010-5407-4899,게임
12132,정유진,39,평택 송파구123-45,010-6362-3868,유튜브 보기
12133,이태윤,71,용인 달서구123-45,010-8504-9014,등산
12134,정지민,70,대구 송파구123-45,010-4457-4202,유튜브 보기
12135,최예린,48,성남 흥덕구123-45,010-3057-2151,웹서핑
12136,한민수,60,청주 분당구123-45,010-5527-8349,여행
12137,강지민,53,광주 기흥구123-45,010-7680-8241,영화감상
12138,한예은,22,안산 덕양구123-45,010-5513-1644,카페 투어
12139,임유진,22,청주 강남구123-45,010-8144-1356,사진촬영
12140,한하은,58,세종 진해구123-45,010-1524-4457,뜨개질
12141,윤은우,70,수원 서북구123-45,010-1632-8113,수영
12142,장건우,52,김해 기흥구123-45,010-9085-3141,유튜브 보기
12143,윤은우,73,청주 강서구123-45,010-4981-4466,사진촬영
12144,정유진,69,평택 분당구123-45,010-5544-6040,등산
12145,서유진,64,제주 장유동123-45,010-3858-3334,웹서핑
12146,박수빈,59,용인 일산동구123-45,010-6395-7908,드로잉
12147,최예은,59,성남 기흥구123-45,010-9246-5400,음악감상
12148,정시우,31,천안 중구123-45,010-3611-6682,자전거 타기
12149,오서연,69,포항 남구123-45,010-2685-1808,일기 쓰기
12150,오지원,69,부산 수성구123-45,010-5268-9667,카페 투어
12151,임지안,58,세종 덕양구123-45,010-5685-4119,유튜브 보기
12152,조하윤,78,창원 팔달구123-45,010-7349-9239,음악감상
12153,강민수,74,성남 분당구123-45,010-6273-8479,등산
12154,조태윤,20,안양 흥덕구123-45,010-6361-8872,일기 쓰기
12155,이은우,28,평택 북구123-45,010-4640-2247,웹서핑
12156,최건우,59,안양 강남구123-45,010-3214-2766,일기 쓰기
12157,박지안,79,세종 남구123-45,010-9150-8026,사진촬영
12158,박서연,37,인천 서북구123-45,010-5696-3716,음악감상
12159,조서준,77,용인 성북구123-45,010-9289-6752,뜨개질
12160,장지후,22,창원 송파구123-45,010-9726-9361,게임
12161,윤예은,52,세종 덕양구123-45,010-5140-4098,등산
12162,장서연,32,화성 기흥구123-45,010-1827-4894,유튜브 보기
12163,윤하은,35,인천 흥덕구123-45,010-6638-8266,요리
12164,서은우,43,대전 덕진구123-45,010-1541-4550,뜨개질
12165,강서연,32,서울 서북구123-45,010-1435-3847,여행
12166,윤서준,57,화성 남구123-45,010-3441-6072,사진촬영
12167,정수빈,48,김해 북구123-45,010-3529-9924,수영
12168,이건우,22,성남 강남구123-45,010-9843-2670,수영
12169,박예은,37,천안 강남구123-45,010-7060-3161,등산
12170,신도윤,55,성남 분당구123-45,010-9521-6952,영화감상
12171,박소율,22,대전 남구123-45,010-5401-2903,일기 쓰기
12172,정지안,74,제주 신제주123-45,010-7184-7488,일기 쓰기
12173,조수빈,77,인천 기흥구123-45,010-3333-7200,사진촬영
12174,박유진,60,대구 덕진구123-45,010-5421-5671,독서
12175,윤현우,31,서울 서구123-45,010-4757-7044,유튜브 보기
12176,강예은,21,광주 신제주123-45,010-9717-1814,일기 쓰기
12177,강예린,65,청주 북구123-45,010-8711-4091,요리
12178,오수빈,46,화성 중구123-45,010-5324-3173,보드게임
12179,오소율,36,수원 흥덕구123-45,010-4239-5760,게임
12180,조유진,61,성남 기흥구123-45,010-5888-8654,유튜브 보기
12181,서유진,76,세종 수성구123-45,010-4947-9932,사진촬영
12182,장서준,26,포항 진해구123-45,010-7246-7834,게임
12183,김소율,60,서울 분당구123-45,010-3246-7902,영화감상
12184,서하윤,63,수원 수성구123-45,010-6515-3057,음악감상
12185,한민수,56,광주 북구123-45,010-1927-5089,여행
12186,임예은,76,청주 성동구123-45,010-5267-1302,수영
12187,임하윤,53,남양주 장유동123-45,010-2314-4589,자전거 타기
12188,오민수,26,화성 덕진구123-45,010-9476-3503,등산
12189,윤소율,43,광주 북구123-45,010-8837-6203,독서
12190,정지원,59,울산 송파구123-45,010-1067-7960,요리
12191,윤서준,33,부산 팔달구123-45,010-3811-5908,드로잉
12192,김서준,40,남양주 성동구123-45,010-8021-1048,유튜브 보기
12193,이서준,39,전주 서북구123-45,010-9691-4578,웹서핑
12194,오소율,33,청주 신제주123-45,010-3926-4929,일기 쓰기
12195,서예은,25,안산 서북구123-45,010-2937-7452,웹서핑
12196,조지원,67,광주 송파구123-45,010-3692-9644,여행
12197,오건우,54,성남 서구123-45,010-5107-9093,유튜브 보기
12198,서지안,20,울산 유성구123-45,010-3724-5601,여행
12199,이지안,29,용인 분당구123-45,010-5724-5085,일기 쓰기
12200,서유진,56,안산 강서구123-45,010-2403-1050,웹서핑
12201,이현우,61,고양 해운대구123-45,010-3299-9062,수영
12202,오하은,57,광주 남구123-45,010-5101-6336,음악감상
12203,한예은,57,평택 진해구123-45,010-2037-2103,자전거 타기
12204,오현우,27,안산 송파구123-45,010-6129-7764,영화감상
12205,조현우,43,부산 기흥구123-45,010-8549-6299,등산
12206,강하은,20,포항 수성구123-45,010-4138-4462,음악감상
12207,조은우,72,제주 서구123-45,010-7338-7842,카페 투어
12208,한지안,64,성남 덕진구123-45,010-6446-3480,운동
12209,윤서연,22,대전 북구123-45,010-5736-2893,등산
12210,이서준,37,화성 강남구123-45,010-5905-3346,사진촬영
12211,김소율,68,인천 팔달구123-45,010-6156-2373,독서
12212,김지안,55,용인 강남구123-45,010-8993-3934,여행
12213,이현우,20,대구 분당구123-45,010-2804-5132,드로잉
12214,이태윤,31,김해 남구123-45,010-4380-7325,게임
12215,오은우,55,안양 유성구123-45,010-5388-2737,수영
12216,이서준,55,안산 기흥구123-45,010-5780-4600,카페 투어
12217,신민수,30,성남 동구123-45,010-3065-7343,요리
12218,박유진,51,김해 남구123-45,010-7601-9472,여행
12219,서건우,66,광주 서북구123-45,010-2224-8246,일기 쓰기
12220,윤지후,53,안양 덕양구123-45,010-8646-5149,독서
12221,임지후,48,안양 덕진구123-45,010-5895-8056,여행
12222,정하윤,45,남양주 서구123-45,010-4906-3128,카페 투어
12223,임예린,69,안산 장유동123-45,010-3994-1180,사진촬영
12224,한수빈,33,남양주 팔달구123-45,010-1727-2292,카페 투어
12225,이도윤,54,부산 해운대구123-45,010-9270-9301,뜨개질
12226,오현우,49,대전 장유동123-45,010-1533-7072,사진촬영
12227,이지원,23,제주 해운대구123-45,010-2552-3323,독서
12228,한하윤,59,제주 팔달구123-45,010-3064-2710,게임
12229,김지원,23,세종 흥덕구123-45,010-1462-1847,웹서핑
12230,임민수,43,성남 흥덕구123-45,010-2020-3655,수영
12231,강태윤,74,대구 진해구123-45,010-3124-7194,요리
12232,이도윤,51,수원 송파구123-45,010-3687-4355,드로잉
12233,장은우,73,부산 남구123-45,010-4647-9502,독서
12234,장서준,43,안산 기흥구123-45,010-9502-3892,사진촬영
12235,임지후,68,광주 해운대구123-45,010-6301-8819,유튜브 보기
12236,최지안,44,대구 신제주123-45,010-4069-3611,운동
12237,최태윤,54,청주 장유동123-45,010-7530-3738,보드게임
12238,한지원,68,수원 장유동123-45,010-5178-6840,요리
12239,조지안,78,인천 강서구123-45,010-3667-1956,수영
12240,신서준,43,남양주 유성구123-45,010-1442-2901,독서
12241,최서연,63,평택 해운대구123-45,010-6413-3834,사진촬영
12242,강유진,47,대구 기흥구123-45,010-4850-9291,여행
12243,박하은,68,김해 서북구123-45,010-2014-5102,운동
12244,김서연,20,창원 북구123-45,010-6407-2387,영화감상
12245,정예은,35,성남 장유동123-45,010-1969-3039,수영
12246,박하윤,40,서울 흥덕구123-45,010-4917-9005,요리
12247,서건우,58,천안 덕진구123-45,010-2357-7488,독서
12248,정소율,79,안산 덕양구123-45,010-4394-5731,음악감상
12249,서건우,56,청주 송파구123-45,010-3167-4570,수영
12250,정현우,75,대구 분당구123-45,010-6843-4014,수영
12251,박서준,67,수원 신제주123-45,010-3618-1852,등산
12252,박현우,36,전주 서구123-45,010-6437-6030,드로잉
12253,오태윤,40,김해 성북구123-45,010-8573-8680,보드게임
12254,강지민,72,창원 남구123-45,010-1692-5549,카페 투어
12255,이예은,29,창원 서구123-45,010-6548-8200,뜨개질
12256,강민수,27,평택 달서구123-45,010-8094-4956,여행
12257,장시우,37,수원 진해구123-45,010-6357-1828,사진촬영
12258,김시우,22,인천 남구123-45,010-6128-9651,수영
12259,오서준,54,서울 남구123-45,010-5428-8973,카페 투어
12260,장지민,43,화성 신제주123-45,010-2831-8380,웹서핑
12261,오하은,69,부산 성북구123-45,010-1982-9973,일기 쓰기
12262,박현우,74,대구 장유동123-45,010-3343-1792,게임
12263,최은우,71,천안 강남구123-45,010-7208-4883,수영
12264,정예은,73,평택 서북구123-45,010-3943-5144,독서
12265,박현우,37,천안 수성구123-45,010-2047-5346,일기 쓰기
12266,한예린,20,울산 성북구123-45,010-4666-9484,운동
12267,조태윤,27,고양 흥덕구123-45,010-3369-5914,보드게임
12268,조지안,73,울산 유성구123-45,010-3485-2358,사진촬영
12269,한서연,56,용인 진해구123-45,010-9218-9380,자전거 타기
12270,서유진,40,남양주 덕진구123-45,010-2023-4671,유튜브 보기
12271,조예은,20,안산 성북구123-45,010-1991-5714,보드게임
12272,오지후,27,인천 동구123-45,010-2955-7407,수영
12273,조하은,24,용인 진해구123-45,010-4222-7779,유튜브 보기
12274,장수빈,26,부산 남구123-45,010-7871-1336,드로잉
12275,임현우,36,안산 중구123-45,010-3987-6506,등산
12276,오예린,42,김해 수성구123-45,010-9608-2339,운동
12277,오하은,27,천안 수성구123-45,010-8155-5215,여행
12278,임예은,69,대구 일산동구123-45,010-8803-2200,유튜브 보기
12279,신하은,25,성남 장유동123-45,010-3099-5715,여행
12280,정예린,76,전주 팔달구123-45,010-8068-4778,영화감상
12281,김태윤,46,대구 분당구123-45,010-7945-6632,뜨개질
12282,조건우,43,전주 진해구123-45,010-2241-4487,카페 투어
12283,최민수,73,제주 성북구123-45,010-6441-7501,음악감상
12284,한예린,35,청주 강서구123-45,010-2791-7011,보드게임
12285,조지민,29,김해 강서구123-45,010-4584-3173,유튜브 보기
12286,윤유진,26,포항 성북구123-45,010-2907-3853,운동
12287,최은우,40,성남 분당구123-45,010-2419-7296,자전거 타기
12288,이지안,36,대구 송파구123-45,010-9065-4135,뜨개질
12289,장서준,72,용인 기흥구123-45,010-6664-4256,뜨개질
12290,한하은,35,대전 성북구123-45,010-2887-7762,뜨개질
12291,김지후,64,안양 성동구123-45,010-1811-4732,음악감상
12292,조은우,27,창원 성동구123-45,010-8010-1214,독서
12293,윤지안,26,포항 덕진구123-45,010-3377-4799,자전거 타기
12294,임태윤,69,화성 팔달구123-45,010-5103-6646,운동
12295,한지민,35,안양 서북구123-45,010-5687-2248,등산
12296,박지안,27,포항 중구123-45,010-6346-4280,드로잉
12297,오은우,21,대전 신제주123-45,010-3747-9691,요리
12298,오도윤,74,안양 장유동123-45,010-2074-6672,독서
12299,윤서연,63,평택 달서구123-45,010-1489-3950,음악감상
12300,서하윤,26,울산 강남구123-45,010-6858-1637,등산
12301,서예린,75,천안 수성구123-45,010-1326-3555,독서
12302,장현우,72,전주 남구123-45,010-9383-5281,게임
12303,이지안,26,세종 팔달구123-45,010-2256-1980,보드게임
12304,임민수,38,울산 진해구123-45,010-7696-3093,드로잉
12305,강유진,41,서울 덕양구123-45,010-8107-4057,웹서핑
12306,신지후,48,대전 해운대구123-45,010-2680-7345,요리
12307,박건우,57,성남 남구123-45,010-5556-4219,요리
12308,한현우,76,남양주 신제주123-45,010-6309-7887,사진촬영
12309,오도윤,54,대전 장유동123-45,010-9072-3523,뜨개질
12310,정하윤,66,창원 진해구123-45,010-9516-5776,웹서핑
12311,서수빈,31,안산 장유동123-45,010-6861-1514,운동
12312,조지후,76,천안 흥덕구123-45,010-4514-5836,자전거 타기
12313,조태윤,60,청주 덕진구123-45,010-5111-6090,영화감상
12314,박예은,30,포항 진해구123-45,010-5971-5989,뜨개질
12315,윤은우,46,대구 신제주123-45,010-4171-5523,보드게임
12316,강현우,30,울산 동구123-45,010-5957-6420,일기 쓰기
12317,이은우,45,전주 진해구123-45,010-2870-7862,웹서핑
12318,신지후,44,인천 진해구123-45,010-2725-8602,자전거 타기
12319,정은우,68,수원 송파구123-45,010-5622-5796,자전거 타기
12320,오지원,77,화성 수성구123-45,010-7120-7159,수영
12321,장현우,47,평택 덕진구123-45,010-9439-8447,등산
12322,한은우,43,평택 유성구123-45,010-9058-5501,독서
12323,서하은,70,광주 서구123-45,010-9646-9463,자전거 타기
12324,서예은,79,포항 기흥구123-45,010-9545-3309,영화감상
12325,김하윤,40,수원 동구123-45,010-8128-8420,등산
12326,장서연,45,전주 강서구123-45,010-3314-1775,드로잉
12327,최민수,44,세종 신제주123-45,010-4275-9850,음악감상
12328,이도윤,42,고양 성동구123-45,010-4378-5861,뜨개질
12329,김건우,41,부산 덕진구123-45,010-3923-2863,영화감상
12330,조서준,32,세종 수성구123-45,010-4206-2088,웹서핑
12331,강현우,70,세종 흥덕구123-45,010-3141-7021,요리
12332,한하은,31,대구 해운대구123-45,010-5130-8776,카페 투어
12333,정소율,49,안양 기흥구123-45,010-1103-5126,사진촬영
12334,한태윤,52,광주 일산동구123-45,010-5972-7000,독서
12335,윤시우,43,울산 해운대구123-45,010-6941-1314,여행
12336,조서준,26,청주 송파구123-45,010-6609-6286,게임
12337,김은우,78,부산 달서구123-45,010-2548-8994,유튜브 보기
12338,최은우,71,천안 강남구123-45,010-6525-1878,여행
12339,김도윤,25,안양 팔달구123-45,010-5969-8799,음악감상
12340,신지원,78,화성 서북구123-45,010-2223-5127,수영
12341,정수빈,22,창원 성북구123-45,010-7202-5291,등산
12342,윤유진,56,성남 서구123-45,010-3770-5827,보드게임
12343,윤시우,78,서울 서구123-45,010-4586-1518,일기 쓰기
12344,정예은,21,고양 서구123-45,010-5211-4003,자전거 타기
12345,김지원,62,평택 강서구123-45,010-9376-9576,웹서핑
12346,김은우,54,청주 수성구123-45,010-8281-9383,등산
12347,박수빈,55,성남 중구123-45,010-8289-9013,드로잉
12348,신예린,73,청주 달서구123-45,010-3647-8353,요리
12349,오지원,22,전주 송파구123-45,010-2680-2379,수영
12350,조지원,22,대구 남구123-45,010-6164-2658,카페 투어
12351,장지후,60,대구 해운대구123-45,010-7100-1332,여행
12352,이시우,39,포항 동구123-45,010-7971-5891,뜨개질
12353,신건우,46,남양주 중구123-45,010-8858-3730,사진촬영
12354,신현우,56,안양 흥덕구123-45,010-3353-1196,카페 투어
12355,조유진,28,서울 성동구123-45,010-4413-3493,여행
12356,서태윤,51,성남 북구123-45,010-4149-6527,뜨개질
12357,윤소율,57,울산 서구123-45,010-3948-6934,드로잉
12358,이태윤,76,용인 분당구123-45,010-6922-2812,사진촬영
12359,김건우,61,남양주 해운대구123-45,010-5451-1551,운동
12360,장수빈,72,화성 성동구123-45,010-6286-8214,독서
12361,박서준,61,김해 송파구123-45,010-7591-3727,운동
12362,장예린,29,울산 팔달구123-45,010-2006-6292,독서
12363,김하은,57,부산 북구123-45,010-8269-3761,카페 투어
12364,한지원,36,평택 성북구123-45,010-6550-4104,카페 투어
12365,정민수,72,화성 팔달구123-45,010-5259-6653,독서
12366,박유진,65,대전 유성구123-45,010-9036-7458,등산
12367,최지안,37,성남 서구123-45,010-3757-1348,등산
12368,정도윤,57,포항 북구123-45,010-7941-5620,독서
12369,김은우,75,전주 중구123-45,010-8025-5455,수영
12370,서예은,50,수원 신제주123-45,010-4582-9567,사진촬영
12371,임지후,69,평택 북구123-45,010-8402-3112,영화감상
12372,오예은,56,인천 달서구123-45,010-8828-7155,영화감상
12373,윤태윤,65,수원 기흥구123-45,010-5023-2383,카페 투어
12374,김서연,45,창원 유성구123-45,010-3043-3915,게임
12375,박현우,25,수원 송파구123-45,010-7756-1517,자전거 타기
12376,윤지원,61,창원 팔달구123-45,010-6873-3374,일기 쓰기
12377,박서연,68,청주 남구123-45,010-5222-9651,일기 쓰기
12378,최수빈,62,청주 유성구123-45,010-5883-3997,뜨개질
12379,한도윤,64,천안 해운대구123-45,010-9739-4066,여행
12380,조현우,76,전주 달서구123-45,010-7342-4675,운동
12381,한서준,50,용인 해운대구123-45,010-9727-6284,음악감상
12382,오도윤,44,천안 해운대구123-45,010-7398-2351,드로잉
12383,강예린,32,서울 장유동123-45,010-3567-4465,여행
12384,이예은,64,인천 장유동123-45,010-8329-1890,음악감상
12385,최지민,77,청주 분당구123-45,010-4168-3201,운동
12386,윤시우,37,평택 팔달구123-45,010-6252-7943,드로잉
12387,박지원,75,고양 중구123-45,010-9824-5688,웹서핑
12388,최하윤,70,고양 장유동123-45,010-3300-9197,드로잉
12389,강소율,35,세종 동구123-45,010-5547-7668,보드게임
12390,이예린,59,용인 서구123-45,010-9405-5550,영화감상
12391,윤서연,26,서울 서구123-45,010-5926-8448,등산
12392,윤지원,23,포항 동구123-45,010-6246-6434,독서
12393,신서연,21,대전 서구123-45,010-5695-7379,자전거 타기
12394,강도윤,23,수원 성북구123-45,010-6954-2148,드로잉
12395,윤소율,48,울산 신제주123-45,010-4586-7960,웹서핑
12396,윤지원,65,전주 진해구123-45,010-2062-6483,웹서핑
12397,서하윤,22,남양주 유성구123-45,010-1508-5768,여행
12398,장현우,65,성남 동구123-45,010-9521-4984,음악감상
12399,최시우,23,성남 강서구123-45,010-4186-6178,등산
12400,장현우,44,남양주 덕양구123-45,010-8406-2654,보드게임
12401,조서연,48,포항 성북구123-45,010-6481-6537,카페 투어
12402,장예린,60,창원 덕양구123-45,010-1867-1740,게임
12403,최은우,33,광주 기흥구123-45,010-6335-9252,게임
12404,박소율,26,안양 강서구123-45,010-4837-9068,운동
12405,한유진,73,인천 분당구123-45,010-5712-5358,사진촬영
12406,장수빈,50,성남 덕양구123-45,010-4049-9902,음악감상
12407,윤서준,44,남양주 일산동구123-45,010-4082-8144,요리
12408,한건우,69,청주 유성구123-45,010-6211-4812,웹서핑
12409,임시우,26,평택 팔달구123-45,010-4128-3945,드로잉
12410,임하윤,25,김해 서북구123-45,010-4489-2927,유튜브 보기
12411,정예은,74,광주 강서구123-45,010-2001-7012,음악감상
12412,오예은,46,용인 송파구123-45,010-7984-5944,요리
12413,서은우,79,안산 강남구123-45,010-2721-5673,드로잉
12414,조현우,50,안양 북구123-45,010-5677-2775,수영
12415,박예린,59,김해 성동구123-45,010-6502-1289,수영
12416,최소율,41,안양 진해구123-45,010-7444-1790,등산
12417,윤하윤,36,세종 남구123-45,010-1083-7725,독서
12418,강서준,53,인천 수성구123-45,010-8699-8606,일기 쓰기
12419,장현우,45,대전 덕양구123-45,010-1359-8606,요리
12420,한수빈,26,안양 성북구123-45,010-3711-3183,카페 투어
12421,이소율,48,대전 남구123-45,010-6407-2486,보드게임
12422,서예은,62,제주 덕양구123-45,010-7477-4387,음악감상
12423,강은우,74,포항 진해구123-45,010-2414-7637,자전거 타기
12424,임은우,21,천안 성동구123-45,010-3505-1387,웹서핑
12425,장수빈,65,남양주 덕양구123-45,010-3947-6380,유튜브 보기
12426,윤현우,36,제주 신제주123-45,010-6762-2752,수영
12427,오시우,60,제주 강서구123-45,010-9338-8252,웹서핑
12428,이서연,65,전주 남구123-45,010-6379-5242,뜨개질
12429,박서연,45,포항 중구123-45,010-4560-4030,영화감상
12430,서도윤,61,용인 기흥구123-45,010-9905-6907,뜨개질
12431,오현우,61,울산 진해구123-45,010-8171-2596,뜨개질
12432,박서준,48,포항 강남구123-45,010-4715-1483,요리
12433,임민수,21,광주 성동구123-45,010-6166-1566,수영
12434,최시우,51,청주 동구123-45,010-1556-3725,운동
12435,박시우,46,인천 북구123-45,010-8016-7549,운동
12436,조민수,64,김해 흥덕구123-45,010-4962-9192,보드게임
12437,오하윤,68,안산 성동구123-45,010-5286-2850,드로잉
12438,임은우,27,부산 기흥구123-45,010-3498-6654,독서
12439,임은우,46,전주 팔달구123-45,010-5043-1727,수영
12440,정민수,26,용인 분당구123-45,010-5705-4111,요리
12441,박시우,72,안양 기흥구123-45,010-2806-3019,카페 투어
12442,김지원,57,대구 강서구123-45,010-6579-7037,뜨개질
12443,오현우,55,제주 성북구123-45,010-8787-6481,등산
12444,임현우,53,남양주 분당구123-45,010-8054-4025,영화감상
12445,서서연,71,수원 강남구123-45,010-2144-4641,뜨개질
12446,윤유진,64,제주 일산동구123-45,010-6711-8028,웹서핑
12447,장예린,31,세종 성동구123-45,010-3616-1669,요리
12448,서지민,55,창원 진해구123-45,010-5259-3918,음악감상
12449,김태윤,59,전주 해운대구123-45,010-2082-9860,웹서핑
12450,정건우,62,김해 강서구123-45,010-9942-1513,웹서핑
12451,이은우,75,천안 성동구123-45,010-5962-9881,드로잉
12452,최예은,62,인천 유성구123-45,010-7862-8045,수영
12453,한소율,54,울산 강남구123-45,010-3238-4484,드로잉
12454,오은우,49,포항 서구123-45,010-3616-4117,보드게임
12455,한지민,51,성남 일산동구123-45,010-6394-6446,요리
12456,한현우,75,화성 중구123-45,010-3777-9400,등산
12457,박예린,29,고양 진해구123-45,010-4827-7360,여행
12458,오서준,70,대구 성동구123-45,010-9678-6432,음악감상
12459,장지후,39,천안 중구123-45,010-1238-2964,게임
12460,최건우,54,대구 강남구123-45,010-9747-4477,자전거 타기
12461,신지후,27,울산 송파구123-45,010-2128-2305,독서
12462,서수빈,69,서울 서구123-45,010-1134-5089,드로잉
12463,임예은,71,화성 서북구123-45,010-5959-3002,유튜브 보기
12464,정도윤,39,화성 해운대구123-45,010-2580-2973,여행
12465,조소율,70,천안 남구123-45,010-1255-3639,음악감상
12466,윤은우,54,인천 송파구123-45,010-2897-4154,수영
12467,박소율,62,대전 팔달구123-45,010-7622-7866,등산
12468,임태윤,66,대구 중구123-45,010-2684-8392,음악감상
12469,장시우,60,세종 달서구123-45,010-3687-2186,자전거 타기
12470,김지안,52,인천 서구123-45,010-3872-4729,독서
12471,장건우,33,인천 강남구123-45,010-1585-4362,등산
12472,윤현우,42,울산 신제주123-45,010-5299-4670,유튜브 보기
12473,정예은,42,대구 강남구123-45,010-1200-1970,요리
12474,한시우,68,화성 덕양구123-45,010-3097-8887,운동
12475,윤도윤,68,포항 송파구123-45,010-5577-4035,자전거 타기
12476,장예은,60,안산 일산동구123-45,010-4265-3014,여행
12477,박하은,28,김해 유성구123-45,010-7938-4054,수영
12478,신수빈,43,화성 유성구123-45,010-7214-9972,유튜브 보기
12479,김예린,31,김해 장유동123-45,010-6391-3933,사진촬영
12480,박하은,44,수원 남구123-45,010-7486-6601,유튜브 보기
12481,김예린,42,고양 북구123-45,010-7109-1471,뜨개질
12482,임수빈,78,인천 흥덕구123-45,010-9925-5528,사진촬영
12483,오서연,54,성남 신제주123-45,010-4882-2071,여행
12484,조지원,66,울산 신제주123-45,010-3466-6648,운동
12485,장예은,67,광주 유성구123-45,010-7521-2990,요리
12486,박서준,28,용인 성북구123-45,010-6768-2370,독서
12487,윤민수,32,고양 서구123-45,010-5577-5739,여행
12488,임태윤,38,광주 분당구123-45,010-9541-7569,등산
12489,오지안,41,김해 성북구123-45,010-1815-8648,웹서핑
12490,강예은,28,서울 달서구123-45,010-9878-5052,여행
12491,정지원,70,전주 강남구123-45,010-7230-1959,운동
12492,최서연,55,대구 서구123-45,010-8879-8284,자전거 타기
12493,임시우,54,수원 흥덕구123-45,010-2461-4688,운동
12494,서민수,45,김해 강서구123-45,010-6222-6860,음악감상
12495,정하윤,44,고양 동구123-45,010-3264-5724,독서
12496,정지안,70,수원 해운대구123-45,010-4480-2219,등산
12497,정은우,23,평택 덕진구123-45,010-5764-4621,수영
12498,오예린,60,포항 중구123-45,010-5834-7819,게임
12499,최수빈,38,안산 동구123-45,010-4399-8530,요리
12500,서예은,48,세종 달서구123-45,010-3713-4996,운동
12501,한하윤,64,화성 기흥구123-45,010-3396-1694,카페 투어
12502,신지후,21,김해 해운대구123-45,010-5113-8224,뜨개질
12503,오지안,28,안산 해운대구123-45,010-1955-2145,음악감상
12504,박하은,30,전주 덕진구123-45,010-1008-8048,독서
12505,윤은우,20,광주 흥덕구123-45,010-7558-1660,일기 쓰기
12506,신소율,68,세종 남구123-45,010-2291-9341,게임
12507,한소율,77,대구 달서구123-45,010-7084-3768,뜨개질
12508,박현우,23,천안 덕진구123-45,010-8095-1239,드로잉
12509,강지후,33,대전 중구123-45,010-1352-2239,카페 투어
12510,이지후,61,성남 장유동123-45,010-9664-1168,일기 쓰기
12511,한은우,75,포항 팔달구123-45,010-5770-3177,운동
12512,강태윤,42,남양주 신제주123-45,010-4372-1705,수영
12513,서민수,61,수원 기흥구123-45,010-9644-4655,드로잉
12514,임지원,59,서울 달서구123-45,010-2128-4211,일기 쓰기
12515,한서준,64,대구 일산동구123-45,010-3829-4042,수영
12516,한현우,62,대전 강남구123-45,010-5233-3086,게임
12517,임은우,37,천안 수성구123-45,010-1201-2099,카페 투어
12518,최지민,75,안산 송파구123-45,010-7179-6476,웹서핑
12519,한도윤,25,안산 팔달구123-45,010-5677-3844,요리
12520,박유진,28,천안 덕진구123-45,010-2741-8989,드로잉
12521,정지후,65,남양주 서북구123-45,010-3854-8573,자전거 타기
12522,조건우,45,안산 남구123-45,010-6610-5940,영화감상
12523,박태윤,33,안산 강서구123-45,010-8562-6799,운동
12524,정서연,76,화성 수성구123-45,010-3719-8527,일기 쓰기
12525,임지민,20,포항 중구123-45,010-5501-9507,영화감상
12526,한서연,65,제주 덕양구123-45,010-1347-7314,요리
12527,정시우,66,부산 동구123-45,010-5796-3322,일기 쓰기
12528,이예린,54,제주 일산동구123-45,010-3897-9781,게임
12529,박은우,76,인천 남구123-45,010-1637-2838,영화감상
12530,장건우,43,제주 강서구123-45,010-9615-3352,사진촬영
12531,김지안,50,화성 수성구123-45,010-4060-4639,게임
12532,조유진,25,수원 덕양구123-45,010-1530-3100,드로잉
12533,최서연,35,평택 수성구123-45,010-1126-8006,드로잉
12534,한지원,70,안산 분당구123-45,010-3239-5772,카페 투어
12535,김수빈,47,수원 서구123-45,010-2864-2404,수영
12536,임유진,59,김해 서구123-45,010-5010-9343,독서
12537,서서준,66,평택 덕양구123-45,010-9592-6186,유튜브 보기
12538,최수빈,72,청주 동구123-45,010-9873-3495,음악감상
12539,정하은,39,고양 동구123-45,010-6786-6546,사진촬영
12540,강유진,70,용인 강서구123-45,010-4025-8565,드로잉
12541,박건우,41,울산 흥덕구123-45,010-9331-3292,게임
12542,임예린,59,김해 중구123-45,010-1775-9481,뜨개질
12543,박예린,58,김해 중구123-45,010-1000-3497,사진촬영
12544,박태윤,47,남양주 수성구123-45,010-4863-2325,드로잉
12545,조지원,64,용인 분당구123-45,010-3167-8738,웹서핑
12546,박지민,72,대구 성동구123-45,010-7031-7426,사진촬영
12547,강시우,46,전주 덕양구123-45,010-8516-5121,여행
12548,신유진,58,창원 서구123-45,010-6644-1456,영화감상
12549,박은우,46,용인 유성구123-45,010-1524-2677,운동
12550,서수빈,34,수원 분당구123-45,010-4795-2529,운동
12551,이예은,45,성남 성북구123-45,010-5941-4857,드로잉
12552,이태윤,70,용인 일산동구123-45,010-3856-8758,유튜브 보기
12553,이하은,57,남양주 북구123-45,010-4426-4765,요리
12554,신소율,71,성남 동구123-45,010-5586-7423,카페 투어
12555,윤하윤,21,안양 성북구123-45,010-5178-9346,여행
12556,강지원,65,화성 신제주123-45,010-2516-6767,등산
12557,이지안,47,부산 북구123-45,010-4730-2858,여행
12558,박수빈,25,수원 덕진구123-45,010-6987-7317,뜨개질
12559,박지안,32,천안 유성구123-45,010-1269-8196,보드게임
12560,오지원,65,고양 해운대구123-45,010-9774-8522,요리
12561,정서연,65,창원 팔달구123-45,010-9354-2387,카페 투어
12562,서도윤,70,평택 서북구123-45,010-5184-3849,일기 쓰기
12563,서하은,47,안양 동구123-45,010-9085-9287,영화감상
12564,강지안,75,대전 장유동123-45,010-1847-3569,수영
12565,정지민,51,김해 장유동123-45,010-2587-4682,독서
12566,최소율,27,김해 성동구123-45,010-1424-2163,보드게임
12567,임지후,45,고양 진해구123-45,010-1026-6003,요리
12568,박서준,31,부산 팔달구123-45,010-1784-3650,뜨개질
12569,박서준,24,청주 강남구123-45,010-4014-8109,수영
12570,박지안,35,광주 서구123-45,010-4555-7677,자전거 타기
12571,장시우,20,천안 덕진구123-45,010-1396-1696,자전거 타기
12572,조지원,45,대전 장유동123-45,010-4231-5318,자전거 타기
12573,조하은,70,성남 남구123-45,010-7353-5541,독서
12574,윤지원,69,청주 진해구123-45,010-4025-3005,유튜브 보기
12575,강예은,42,울산 북구123-45,010-1027-3221,웹서핑
12576,김시우,24,성남 송파구123-45,010-5670-6789,여행
12577,오은우,75,대구 강남구123-45,010-5622-8817,요리
12578,강태윤,28,창원 서구123-45,010-6578-1269,보드게임
12579,신민수,32,울산 덕양구123-45,010-6655-6171,뜨개질
12580,오예린,70,제주 덕양구123-45,010-4412-5854,등산
12581,조시우,44,안양 수성구123-45,010-5203-6283,운동
12582,조현우,34,수원 분당구123-45,010-7862-6859,등산
12583,김수빈,50,대전 중구123-45,010-9544-9642,음악감상
12584,조시우,53,광주 일산동구123-45,010-9600-5203,뜨개질
12585,신지후,77,고양 서북구123-45,010-6010-2017,보드게임
12586,서예린,61,광주 장유동123-45,010-9286-7135,일기 쓰기
12587,최민수,32,성남 성동구123-45,010-5326-7930,운동
12588,서건우,54,성남 송파구123-45,010-5212-3866,사진촬영
12589,조태윤,45,창원 분당구123-45,010-5858-3605,등산
12590,김하은,61,남양주 덕진구123-45,010-7624-5195,자전거 타기
12591,김은우,78,천안 강서구123-45,010-6930-7138,보드게임
12592,조지안,45,포항 해운대구123-45,010-6591-2540,일기 쓰기
12593,임하윤,66,김해 장유동123-45,010-7627-1597,카페 투어
12594,오도윤,44,성남 유성구123-45,010-4021-1869,뜨개질
12595,이서연,59,울산 중구123-45,010-1418-8572,여행
12596,정서연,25,울산 팔달구123-45,010-1377-7961,일기 쓰기
12597,오지원,66,남양주 팔달구123-45,010-1261-4817,카페 투어
12598,한도윤,29,용인 동구123-45,010-2150-4031,일기 쓰기
12599,강도윤,32,전주 서북구123-45,010-2152-8038,음악감상
12600,박시우,60,청주 덕진구123-45,010-2810-9832,웹서핑
12601,이서준,22,평택 서구123-45,010-2304-5059,자전거 타기
12602,박태윤,27,부산 강남구123-45,010-1049-7983,음악감상
12603,최소율,37,청주 장유동123-45,010-5626-8081,운동
12604,오서준,76,용인 기흥구123-45,010-4730-4595,자전거 타기
12605,최은우,66,인천 일산동구123-45,010-6900-9849,드로잉
12606,신민수,47,안산 동구123-45,010-7360-7070,영화감상
12607,김지후,58,수원 달서구123-45,010-5098-8981,카페 투어
12608,신지후,50,평택 신제주123-45,010-6041-6960,드로잉
12609,윤소율,42,천안 흥덕구123-45,010-7257-5757,운동
12610,신수빈,41,김해 덕진구123-45,010-9017-7835,등산
12611,장수빈,39,안산 덕양구123-45,010-6494-2290,등산
12612,정도윤,54,평택 동구123-45,010-1015-8840,사진촬영
12613,한서연,53,평택 장유동123-45,010-3183-1549,자전거 타기
12614,강하윤,21,안양 진해구123-45,010-1558-8096,게임
12615,최지안,55,광주 일산동구123-45,010-3504-1759,사진촬영
12616,박지안,51,고양 송파구123-45,010-4452-8187,영화감상
12617,김서연,37,김해 성동구123-45,010-5318-3730,일기 쓰기
12618,김서연,38,용인 팔달구123-45,010-8654-3403,운동
12619,김수빈,31,인천 성북구123-45,010-3183-3413,사진촬영
12620,오도윤,43,김해 성북구123-45,010-2056-3921,여행
12621,조지원,76,평택 서북구123-45,010-2366-1075,독서
12622,장도윤,62,화성 수성구123-45,010-8969-5045,뜨개질
12623,서하윤,31,창원 서구123-45,010-7954-6781,보드게임
12624,이시우,76,평택 팔달구123-45,010-5828-4930,등산
12625,조서준,35,화성 강남구123-45,010-2168-1330,음악감상
12626,조지원,27,화성 강남구123-45,010-2838-4046,자전거 타기
12627,윤서연,79,광주 장유동123-45,010-1539-6588,영화감상
12628,조지후,71,인천 서구123-45,010-2598-4909,사진촬영
12629,김유진,38,안양 장유동123-45,010-2858-3509,카페 투어
12630,이지안,38,김해 흥덕구123-45,010-7895-9702,일기 쓰기
12631,최하은,31,포항 장유동123-45,010-8721-6837,드로잉
12632,조예린,64,광주 성북구123-45,010-4799-2451,웹서핑
12633,김서준,32,천안 성동구123-45,010-1174-7597,독서
12634,윤예린,79,성남 북구123-45,010-1835-5277,여행
12635,최지원,54,제주 일산동구123-45,010-7188-9263,사진촬영
12636,윤지원,59,남양주 진해구123-45,010-5464-1492,여행
12637,조건우,55,포항 수성구123-45,010-4682-2314,자전거 타기
12638,오현우,53,전주 팔달구123-45,010-5258-7770,독서
12639,박은우,54,울산 유성구123-45,010-4156-4337,수영
12640,이유진,71,세종 일산동구123-45,010-2687-4400,보드게임
12641,서지안,41,청주 팔달구123-45,010-8016-6884,사진촬영
12642,오현우,30,포항 강남구123-45,010-5292-7454,게임
12643,강도윤,65,인천 중구123-45,010-2209-4036,사진촬영
12644,이지원,77,서울 해운대구123-45,010-5398-8047,여행
12645,신태윤,75,안산 일산동구123-45,010-3710-8035,여행
12646,이도윤,20,청주 송파구123-45,010-8898-7801,게임
12647,박지원,68,울산 흥덕구123-45,010-8995-9072,일기 쓰기
12648,오건우,30,용인 흥덕구123-45,010-3124-3808,자전거 타기
12649,조수빈,57,천안 동구123-45,010-2294-2462,등산
12650,임하은,72,천안 덕양구123-45,010-6170-3555,사진촬영
12651,한유진,34,수원 덕양구123-45,010-3763-8893,자전거 타기
12652,최도윤,48,대전 중구123-45,010-1993-5260,게임
12653,박지후,42,김해 서구123-45,010-8967-8366,보드게임
12654,한지민,50,인천 달서구123-45,010-4501-5196,요리
12655,서예린,37,수원 해운대구123-45,010-3591-5451,음악감상
12656,최태윤,63,창원 성북구123-45,010-7428-1787,여행
12657,오서준,48,포항 성동구123-45,010-4457-5683,영화감상
12658,장건우,41,대전 서구123-45,010-4115-8707,여행
12659,김지후,79,제주 진해구123-45,010-6160-1665,사진촬영
12660,강하윤,57,용인 덕양구123-45,010-5455-4973,카페 투어
12661,최하은,33,서울 북구123-45,010-9859-1621,드로잉
12662,장예린,71,안양 유성구123-45,010-6373-5274,독서
12663,정소율,42,인천 덕진구123-45,010-5215-6496,보드게임
12664,김은우,44,세종 덕양구123-45,010-4465-6138,웹서핑
12665,서소율,46,인천 강서구123-45,010-6335-7588,여행
12666,이수빈,70,전주 서구123-45,010-9393-6887,보드게임
12667,정예은,20,화성 달서구123-45,010-5330-6104,게임
12668,박지민,70,안산 달서구123-45,010-8914-5873,유튜브 보기
12669,이현우,43,창원 진해구123-45,010-9644-8263,일기 쓰기
12670,조수빈,51,대전 일산동구123-45,010-9201-5971,요리
12671,박시우,45,창원 해운대구123-45,010-9683-8153,여행
12672,오하윤,45,세종 덕양구123-45,010-4554-5740,보드게임
12673,장예은,36,포항 남구123-45,010-1379-7295,유튜브 보기
12674,강은우,46,부산 성동구123-45,010-1115-4221,게임
12675,윤하윤,67,세종 덕양구123-45,010-2048-9043,뜨개질
12676,김하윤,53,안산 송파구123-45,010-7809-1801,일기 쓰기
12677,최도윤,72,김해 동구123-45,010-6730-2836,운동
12678,김서연,47,창원 진해구123-45,010-2825-1071,자전거 타기
12679,윤지후,60,대전 유성구123-45,010-7267-8677,드로잉
12680,장소율,56,서울 송파구123-45,010-8096-2625,게임
12681,최태윤,49,남양주 유성구123-45,010-5186-2310,수영
12682,최서준,57,청주 수성구123-45,010-7546-8455,뜨개질
12683,한예은,50,김해 덕진구123-45,010-7011-4697,유튜브 보기
12684,신시우,32,천안 서구123-45,010-7501-8747,요리
12685,정유진,21,안산 서북구123-45,010-4371-5805,여행
12686,최현우,42,안양 남구123-45,010-3166-6510,여행
12687,강민수,51,안양 강남구123-45,010-5320-1477,드로잉
12688,한소율,67,용인 팔달구123-45,010-4873-9441,보드게임
12689,서예린,53,광주 서구123-45,010-2205-9753,일기 쓰기
12690,한서연,44,김해 유성구123-45,010-4564-5180,웹서핑
12691,오예은,76,남양주 일산동구123-45,010-8762-3666,드로잉
12692,정서연,51,서울 일산동구123-45,010-5964-3249,영화감상
12693,최시우,69,세종 기흥구123-45,010-9977-6481,여행
12694,신도윤,68,성남 서구123-45,010-3294-3841,운동
12695,윤예린,36,청주 덕양구123-45,010-3808-7879,여행
12696,이건우,25,전주 달서구123-45,010-4287-4453,운동
12697,최하은,36,대전 덕진구123-45,010-2269-9126,드로잉
12698,장민수,78,포항 일산동구123-45,010-5667-7909,웹서핑
12699,정지민,61,대구 분당구123-45,010-3228-2702,등산
12700,정지원,64,남양주 남구123-45,010-6024-1299,운동
12701,최소율,48,안양 서북구123-45,010-3035-4792,유튜브 보기
12702,신지후,57,창원 강서구123-45,010-6899-8999,게임
12703,신예린,41,천안 신제주123-45,010-9389-9757,영화감상
12704,윤하윤,54,안산 팔달구123-45,010-1889-9307,뜨개질
12705,김유진,27,울산 유성구123-45,010-7825-2087,영화감상
12706,장하윤,63,전주 중구123-45,010-4734-8000,유튜브 보기
12707,윤지후,77,수원 성동구123-45,010-2724-9869,수영
12708,서서준,41,성남 성동구123-45,010-8193-8967,운동
12709,장민수,70,용인 덕양구123-45,010-2489-1586,등산
12710,윤서연,50,서울 남구123-45,010-7053-6768,운동
12711,장지민,33,수원 흥덕구123-45,010-7263-7902,웹서핑
12712,신서연,78,대구 덕양구123-45,010-7079-2269,일기 쓰기
12713,정수빈,73,부산 진해구123-45,010-1706-7371,유튜브 보기
12714,정예린,63,제주 서구123-45,010-3030-7431,등산
12715,최시우,41,세종 중구123-45,010-6407-3920,카페 투어
12716,이지후,73,김해 송파구123-45,010-6293-3711,사진촬영
12717,장유진,27,성남 일산동구123-45,010-9060-9024,게임
12718,신태윤,38,성남 북구123-45,010-7442-4085,웹서핑
12719,서예은,73,안양 중구123-45,010-7316-1491,유튜브 보기
12720,한은우,50,김해 남구123-45,010-9642-4987,사진촬영
12721,정건우,74,대전 송파구123-45,010-6894-6098,음악감상
12722,이하윤,43,김해 덕진구123-45,010-6665-3329,음악감상
12723,임소율,68,제주 해운대구123-45,010-2823-7686,드로잉
12724,오지후,69,고양 분당구123-45,010-1534-9602,사진촬영
12725,김민수,48,인천 북구123-45,010-8922-4185,자전거 타기
12726,박소율,53,안양 흥덕구123-45,010-4372-9501,뜨개질
12727,장지원,23,고양 남구123-45,010-9518-3546,유튜브 보기
12728,한서연,73,평택 서구123-45,010-6745-1491,웹서핑
12729,장현우,70,용인 흥덕구123-45,010-3687-7308,일기 쓰기
12730,조지원,65,광주 덕양구123-45,010-2137-3439,요리
12731,신태윤,30,부산 장유동123-45,010-5899-6383,독서
12732,박지민,51,인천 서북구123-45,010-5043-6632,영화감상
12733,임서연,24,남양주 서구123-45,010-5333-1765,드로잉
12734,조지후,28,서울 달서구123-45,010-4066-2952,운동
12735,임예은,73,제주 남구123-45,010-5756-4245,자전거 타기
12736,조도윤,39,청주 수성구123-45,010-9404-4431,일기 쓰기
12737,윤현우,46,고양 일산동구123-45,010-9300-4354,보드게임
12738,박예은,27,수원 남구123-45,010-3861-2351,카페 투어
12739,강하윤,36,안양 신제주123-45,010-9947-4148,일기 쓰기
12740,윤은우,57,남양주 장유동123-45,010-9028-4105,영화감상
12741,오민수,67,수원 유성구123-45,010-8932-9076,자전거 타기
12742,강은우,53,천안 수성구123-45,010-6060-5222,요리
12743,오하은,62,포항 성북구123-45,010-8230-7611,게임
12744,임예린,69,포항 장유동123-45,010-5787-1070,수영
12745,신지후,25,김해 수성구123-45,010-3334-3739,일기 쓰기
12746,강서연,61,남양주 수성구123-45,010-4798-1347,웹서핑
12747,임지원,76,수원 진해구123-45,010-1895-1660,카페 투어
12748,장지후,50,부산 신제주123-45,010-4081-3246,요리
12749,박현우,70,대전 해운대구123-45,010-1744-1583,운동
12750,이유진,62,안산 흥덕구123-45,010-5043-5247,드로잉
12751,강현우,74,서울 강서구123-45,010-8829-7053,드로잉
12752,박태윤,21,용인 성북구123-45,010-9447-7288,일기 쓰기
12753,서하윤,59,성남 남구123-45,010-9467-1351,자전거 타기
12754,신하은,61,안양 흥덕구123-45,010-1362-7250,유튜브 보기
12755,장지민,20,화성 해운대구123-45,010-6288-6287,게임
12756,한지민,59,울산 신제주123-45,010-2947-1126,유튜브 보기
12757,최예린,40,대구 성동구123-45,010-3408-2060,독서
12758,조서연,42,성남 강서구123-45,010-8853-8348,수영
12759,신하윤,70,대구 덕진구123-45,010-4288-3361,수영
12760,김하은,33,김해 강남구123-45,010-6014-3886,뜨개질
12761,한현우,44,천안 흥덕구123-45,010-7301-9463,드로잉
12762,조지원,41,광주 신제주123-45,010-1283-6573,등산
12763,임예린,47,광주 동구123-45,010-4285-9013,영화감상
12764,김서연,54,남양주 강남구123-45,010-2681-2201,자전거 타기
12765,김하은,41,고양 수성구123-45,010-1716-6510,일기 쓰기
12766,신서연,30,안산 신제주123-45,010-3180-9924,드로잉
12767,임지후,21,남양주 유성구123-45,010-7727-4713,등산
12768,강지원,33,창원 중구123-45,010-9043-9975,유튜브 보기
12769,최도윤,33,창원 성북구123-45,010-5051-3425,일기 쓰기
12770,신지안,68,화성 남구123-45,010-7440-2906,웹서핑
12771,조서준,78,광주 성북구123-45,010-8198-2438,음악감상
12772,정도윤,65,광주 덕양구123-45,010-3795-6079,수영
12773,장민수,21,대구 성동구123-45,010-1540-4938,보드게임
12774,이은우,64,대전 북구123-45,010-5560-9527,사진촬영
12775,서도윤,43,성남 성북구123-45,010-1114-6132,요리
12776,서하윤,27,창원 분당구123-45,010-6699-6355,카페 투어
12777,이민수,49,천안 분당구123-45,010-1014-4511,드로잉
12778,오서준,50,서울 팔달구123-45,010-3098-6531,자전거 타기
12779,한태윤,51,천안 덕양구123-45,010-1723-2011,사진촬영
12780,정지후,55,천안 강남구123-45,010-9114-2449,일기 쓰기
12781,김서연,44,용인 장유동123-45,010-6136-5577,독서
12782,임민수,78,서울 덕진구123-45,010-4215-1862,카페 투어
12783,김예린,64,제주 해운대구123-45,010-3338-1027,등산
12784,한유진,65,성남 신제주123-45,010-9999-5674,드로잉
12785,신수빈,24,안산 남구123-45,010-9172-2840,카페 투어
12786,한민수,48,안양 장유동123-45,010-9135-6271,카페 투어
12787,박하은,68,서울 성동구123-45,010-6869-6099,게임
12788,조민수,52,세종 진해구123-45,010-7612-6382,일기 쓰기
12789,한지민,59,울산 중구123-45,010-1681-6740,드로잉
12790,김민수,51,청주 동구123-45,010-4451-7711,카페 투어
12791,서지민,29,울산 성동구123-45,010-8597-2420,뜨개질
12792,신하윤,26,천안 해운대구123-45,010-1344-7429,등산
12793,조현우,34,용인 서구123-45,010-3359-1685,카페 투어
12794,박시우,21,부산 장유동123-45,010-3049-6639,독서
12795,최민수,77,용인 진해구123-45,010-4099-5687,독서
12796,이서준,29,평택 성북구123-45,010-4651-6870,등산
12797,정유진,69,평택 덕진구123-45,010-9430-8354,자전거 타기
12798,신지안,20,성남 해운대구123-45,010-4187-1244,보드게임
12799,조시우,20,제주 동구123-45,010-5549-6257,드로잉
12800,한시우,42,부산 기흥구123-45,010-9053-3034,카페 투어
12801,임소율,72,용인 수성구123-45,010-7254-9165,음악감상
12802,임지후,37,제주 흥덕구123-45,010-5719-7993,여행
12803,최지원,48,수원 성동구123-45,010-3189-8837,운동
12804,서지안,73,포항 진해구123-45,010-1438-4218,운동
12805,조지안,22,포항 중구123-45,010-4023-5500,뜨개질
12806,정은우,39,고양 팔달구123-45,010-8031-5781,자전거 타기
12807,최시우,59,수원 성북구123-45,010-6394-7562,영화감상
12808,이서연,30,전주 동구123-45,010-6527-6755,카페 투어
12809,서예은,41,대전 서북구123-45,010-6225-4784,일기 쓰기
12810,최예은,48,제주 진해구123-45,010-3642-3311,게임
12811,서하은,43,세종 해운대구123-45,010-5835-9071,수영
12812,강시우,28,대전 남구123-45,010-3334-5416,일기 쓰기
12813,서예린,35,울산 성동구123-45,010-3485-3872,영화감상
12814,오도윤,26,고양 흥덕구123-45,010-4904-1256,유튜브 보기
12815,서수빈,50,인천 일산동구123-45,010-3018-8741,뜨개질
12816,정예린,68,청주 성동구123-45,010-8012-4240,수영
12817,오수빈,45,서울 서구123-45,010-5953-5662,영화감상
12818,장지안,79,서울 성북구123-45,010-5464-4488,운동
12819,조현우,49,울산 북구123-45,010-3814-5452,게임
12820,윤서연,50,안양 분당구123-45,010-2546-5002,자전거 타기
12821,오지원,63,천안 기흥구123-45,010-3686-1784,영화감상
12822,조은우,29,성남 강서구123-45,010-9108-2687,영화감상
12823,임은우,79,제주 중구123-45,010-1159-4820,자전거 타기
12824,강현우,22,안양 장유동123-45,010-4214-9751,일기 쓰기
12825,강도윤,56,남양주 남구123-45,010-4037-6071,운동
12826,정수빈,72,성남 해운대구123-45,010-9915-4500,뜨개질
12827,강서연,66,세종 진해구123-45,010-7821-6964,보드게임
12828,조건우,44,청주 유성구123-45,010-4433-9967,독서
12829,정예은,50,화성 남구123-45,010-7188-8163,자전거 타기
12830,최하은,22,천안 성북구123-45,010-3101-4777,웹서핑
12831,신예은,28,천안 덕진구123-45,010-8168-3973,사진촬영
12832,한수빈,75,대전 유성구123-45,010-6148-8938,웹서핑
12833,장지안,51,대구 성북구123-45,010-2925-1900,게임
12834,정소율,53,천안 서구123-45,010-7642-6940,등산
12835,서민수,74,김해 서구123-45,010-6400-6208,운동
12836,최서준,37,울산 덕양구123-45,010-1206-5152,웹서핑
12837,서소율,64,부산 강서구123-45,010-9863-5857,일기 쓰기
12838,조소율,55,부산 성동구123-45,010-1187-7078,여행
12839,이수빈,60,인천 강남구123-45,010-8549-6995,드로잉
12840,김서준,48,세종 서북구123-45,010-1982-3832,카페 투어
12841,최현우,69,부산 팔달구123-45,010-3449-2884,사진촬영
12842,김태윤,78,김해 진해구123-45,010-3142-7319,보드게임
12843,최하은,66,안양 서구123-45,010-4480-3166,일기 쓰기
12844,조예린,53,부산 송파구123-45,010-1454-1475,유튜브 보기
12845,윤예린,49,안양 동구123-45,010-5965-3795,게임
12846,오서준,50,전주 유성구123-45,010-3820-1759,운동
12847,정태윤,64,용인 유성구123-45,010-3887-7291,여행
12848,오지안,48,인천 성북구123-45,010-2733-1313,웹서핑
12849,오예린,78,김해 동구123-45,010-8058-4911,여행
12850,신하윤,57,세종 성동구123-45,010-5062-2765,뜨개질
12851,신지원,37,서울 팔달구123-45,010-2835-2672,독서
12852,장은우,76,천안 동구123-45,010-5691-4314,독서
12853,정수빈,66,고양 덕양구123-45,010-2904-9288,수영
12854,한현우,58,대전 달서구123-45,010-7306-3138,유튜브 보기
12855,임서연,58,광주 흥덕구123-45,010-2453-8887,여행
12856,조서준,23,제주 달서구123-45,010-5568-3414,영화감상
12857,한도윤,58,용인 성북구123-45,010-8583-5486,영화감상
12858,신하은,48,화성 수성구123-45,010-6361-7486,독서
12859,장지민,31,전주 중구123-45,010-8931-1478,여행
12860,이민수,55,평택 서북구123-45,010-1972-3356,요리
12861,정하은,66,세종 팔달구123-45,010-6471-1032,뜨개질
12862,임서준,44,광주 신제주123-45,010-3100-6617,사진촬영
12863,오예린,68,전주 기흥구123-45,010-5831-1958,독서
12864,박유진,37,대전 덕진구123-45,010-6039-4782,음악감상
12865,한건우,54,남양주 서구123-45,010-1008-3727,수영
12866,강건우,74,포항 해운대구123-45,010-3458-9611,요리
12867,김예린,53,남양주 서구123-45,010-5543-7646,웹서핑
12868,박예은,33,고양 송파구123-45,010-3041-4674,카페 투어
12869,서지민,57,화성 덕양구123-45,010-1002-1107,자전거 타기
12870,장소율,66,대전 유성구123-45,010-8738-8516,자전거 타기
12871,한하윤,61,성남 서구123-45,010-7525-5296,사진촬영
12872,윤서연,74,천안 남구123-45,010-4546-1681,보드게임
12873,윤시우,21,부산 동구123-45,010-1629-8676,수영
12874,이지안,27,수원 흥덕구123-45,010-4078-7883,여행
12875,오지민,77,대전 기흥구123-45,010-6600-3162,독서
12876,신은우,26,부산 강남구123-45,010-2722-6259,뜨개질
12877,오수빈,36,제주 덕진구123-45,010-3826-9442,뜨개질
12878,임민수,47,세종 덕진구123-45,010-3445-1001,여행
12879,최서준,45,세종 달서구123-45,010-5888-6541,수영
12880,조수빈,79,천안 북구123-45,010-3106-3527,자전거 타기
12881,한태윤,79,전주 강남구123-45,010-6431-7916,음악감상
12882,이민수,44,인천 강남구123-45,010-4639-2662,음악감상
12883,한서연,41,제주 진해구123-45,010-9644-4393,등산
12884,조유진,78,대구 수성구123-45,010-4760-2647,영화감상
12885,강민수,78,창원 장유동123-45,010-1813-3116,독서
12886,조유진,27,안산 흥덕구123-45,010-1523-7394,유튜브 보기
12887,장민수,49,남양주 수성구123-45,010-3422-6486,뜨개질
12888,이지민,59,제주 중구123-45,010-4654-4049,카페 투어
12889,윤건우,64,대전 남구123-45,010-4709-1488,유튜브 보기
12890,윤지원,68,세종 강서구123-45,010-7099-1692,자전거 타기
12891,윤하윤,56,고양 흥덕구123-45,010-7373-8787,유튜브 보기
12892,김예린,78,광주 수성구123-45,010-5514-6598,수영
12893,김소율,67,용인 중구123-45,010-7221-9057,요리
12894,신시우,42,세종 달서구123-45,010-6662-5094,일기 쓰기
12895,최지후,28,청주 송파구123-45,010-7481-4306,뜨개질
12896,강민수,54,성남 강서구123-45,010-2206-9429,요리
12897,김예린,21,광주 신제주123-45,010-7215-6511,게임
12898,임소율,63,청주 성동구123-45,010-2109-5334,일기 쓰기
12899,윤서연,59,천안 수성구123-45,010-9562-5713,게임
12900,정태윤,77,서울 기흥구123-45,010-3656-9416,여행
12901,오수빈,63,서울 장유동123-45,010-9457-4345,뜨개질
12902,최지민,29,대전 기흥구123-45,010-6166-8421,웹서핑
12903,이서연,70,남양주 성동구123-45,010-5801-4025,수영
12904,윤시우,21,울산 강남구123-45,010-1930-1166,음악감상
12905,서지원,49,남양주 남구123-45,010-3245-2489,요리
12906,임유진,41,안산 송파구123-45,010-3162-3331,보드게임
12907,최수빈,25,성남 분당구123-45,010-8908-4154,음악감상
12908,조은우,23,남양주 분당구123-45,010-7083-6558,일기 쓰기
12909,이민수,26,천안 성북구123-45,010-2778-6909,운동
12910,윤예은,23,천안 덕양구123-45,010-6257-6311,웹서핑
12911,오태윤,71,포항 수성구123-45,010-2500-8051,보드게임
12912,조시우,58,청주 강서구123-45,010-2610-3441,드로잉
12913,서민수,56,세종 남구123-45,010-6784-6542,여행
12914,최현우,62,인천 신제주123-45,010-9908-1811,독서
12915,이예은,77,김해 달서구123-45,010-2954-3174,요리
12916,이하은,72,용인 서북구123-45,010-8001-6631,일기 쓰기
12917,최예은,61,청주 성북구123-45,010-3591-2828,사진촬영
12918,한지원,72,남양주 일산동구123-45,010-6473-1549,사진촬영
12919,조지민,60,대구 달서구123-45,010-6548-4945,일기 쓰기
12920,정예은,63,성남 강서구123-45,010-4647-9983,자전거 타기
12921,장태윤,22,안산 기흥구123-45,010-3895-3942,여행
12922,박시우,35,광주 중구123-45,010-8841-5982,음악감상
12923,이은우,30,부산 장유동123-45,010-5627-8525,자전거 타기
12924,김하은,77,대구 유성구123-45,010-6004-2555,수영
12925,서지후,67,청주 일산동구123-45,010-2920-3566,음악감상
12926,신지후,32,세종 일산동구123-45,010-1501-4302,요리
12927,윤예은,43,화성 신제주123-45,010-6600-3578,일기 쓰기
12928,조하윤,32,대구 동구123-45,010-3592-3209,여행
12929,최소율,44,포항 덕양구123-45,010-6026-8578,카페 투어
12930,윤도윤,27,화성 중구123-45,010-6076-3973,요리
12931,임수빈,41,성남 흥덕구123-45,010-5474-7039,여행
12932,임현우,56,인천 흥덕구123-45,010-2300-8706,뜨개질
12933,강지후,52,천안 서구123-45,010-2405-4899,뜨개질
12934,한현우,72,대구 성북구123-45,010-4949-7658,유튜브 보기
12935,정은우,51,안양 덕양구123-45,010-9088-7278,운동
12936,장현우,67,안산 성북구123-45,010-8846-6382,수영
12937,최지민,41,천안 강서구123-45,010-1777-6417,일기 쓰기
12938,김시우,59,김해 북구123-45,010-2874-3527,여행
12939,강예린,52,안양 성동구123-45,010-1652-7701,음악감상
12940,이지후,51,남양주 덕진구123-45,010-8015-5773,일기 쓰기
12941,이태윤,21,창원 해운대구123-45,010-5302-9292,영화감상
12942,최서준,63,울산 일산동구123-45,010-3202-7018,유튜브 보기
12943,조유진,45,성남 해운대구123-45,010-2669-3685,일기 쓰기
12944,임하은,62,울산 흥덕구123-45,010-1191-5151,카페 투어
12945,장하윤,33,청주 팔달구123-45,010-8365-4883,게임
12946,강유진,69,화성 일산동구123-45,010-2117-1772,여행
12947,임예은,50,포항 덕양구123-45,010-3243-3110,드로잉
12948,박도윤,74,서울 성북구123-45,010-6359-8827,웹서핑
12949,정하은,33,광주 장유동123-45,010-4252-6055,일기 쓰기
12950,신유진,29,용인 유성구123-45,010-9866-1933,음악감상
12951,한지후,46,대구 서북구123-45,010-5310-2592,등산
12952,오지후,76,대구 분당구123-45,010-4797-1546,일기 쓰기
12953,정건우,76,남양주 달서구123-45,010-6084-7944,뜨개질
12954,서서준,27,안양 강서구123-45,010-8299-3916,일기 쓰기
12955,김유진,27,광주 수성구123-45,010-9406-2250,여행
12956,김예은,51,청주 덕양구123-45,010-5923-1092,유튜브 보기
12957,이하은,32,고양 강남구123-45,010-5046-6654,카페 투어
12958,윤서연,30,대구 덕양구123-45,010-4863-5107,요리
12959,윤예린,71,안양 흥덕구123-45,010-3131-3174,게임
12960,임건우,37,세종 남구123-45,010-9447-2449,요리
12961,윤건우,71,포항 수성구123-45,010-8921-8257,자전거 타기
12962,김서준,52,청주 장유동123-45,010-3071-3856,영화감상
12963,정예은,31,대구 달서구123-45,010-5453-9954,수영
12964,김하은,56,평택 강서구123-45,010-4683-6640,게임
12965,이예린,34,포항 남구123-45,010-9324-3633,자전거 타기
12966,조하윤,39,대구 덕양구123-45,010-8265-4556,사진촬영
12967,조지민,79,울산 서구123-45,010-1868-3687,카페 투어
12968,이도윤,65,남양주 성동구123-45,010-6541-9891,여행
12969,신도윤,65,고양 해운대구123-45,010-2937-3325,운동
12970,장하은,44,청주 강서구123-45,010-3158-3567,드로잉
12971,한시우,47,부산 수성구123-45,010-8544-2437,운동
12972,정예린,68,창원 강남구123-45,010-2231-8696,일기 쓰기
12973,최태윤,35,전주 유성구123-45,010-2343-2686,음악감상
12974,임현우,47,용인 해운대구123-45,010-2526-3984,보드게임
12975,조도윤,35,대구 남구123-45,010-5641-3307,수영
12976,윤수빈,45,안양 팔달구123-45,010-3864-9520,등산
12977,최수빈,26,화성 팔달구123-45,010-2118-1268,수영
12978,정서준,20,전주 진해구123-45,010-8210-3409,등산
12979,강서준,26,대구 기흥구123-45,010-7224-5067,카페 투어
12980,오유진,48,부산 강남구123-45,010-2312-4331,드로잉
12981,윤예은,52,세종 송파구123-45,010-3741-2127,사진촬영
12982,강예린,34,남양주 분당구123-45,010-5184-6176,여행
12983,윤도윤,25,제주 북구123-45,010-5419-6059,자전거 타기
12984,김은우,28,남양주 강서구123-45,010-7583-6601,수영
12985,신은우,54,용인 남구123-45,010-4758-8591,카페 투어
12986,오소율,42,고양 남구123-45,010-4721-2126,카페 투어
12987,박서연,56,안산 수성구123-45,010-3188-8828,독서
12988,장지안,26,평택 흥덕구123-45,010-7749-3769,요리
12989,임소율,28,부산 성북구123-45,010-1312-4419,운동
12990,조하은,45,김해 일산동구123-45,010-7694-9067,자전거 타기
12991,윤은우,59,울산 해운대구123-45,010-2089-7886,일기 쓰기
12992,임시우,78,포항 장유동123-45,010-1714-4781,카페 투어
12993,신시우,58,대구 분당구123-45,010-6843-3181,자전거 타기
12994,서건우,76,남양주 덕양구123-45,010-4574-9079,요리
12995,오하은,22,울산 서북구123-45,010-2980-3784,게임
12996,이유진,32,청주 중구123-45,010-7518-7315,카페 투어
12997,김지후,75,청주 덕양구123-45,010-8928-7875,자전거 타기
12998,서하은,66,울산 기흥구123-45,010-3128-3209,보드게임
12999,강민수,44,남양주 북구123-45,010-4620-7044,웹서핑
13000,김지민,76,대구 송파구123-45,010-3961-9324,수영
13001,박지민,25,김해 서구123-45,010-9205-3773,일기 쓰기
13002,윤소율,74,안산 진해구123-45,010-3262-1779,요리
13003,오지원,34,평택 분당구123-45,010-2528-4688,수영
13004,서소율,29,창원 기흥구123-45,010-1211-3959,요리
13005,최예린,34,고양 덕진구123-45,010-5379-3421,여행
13006,이시우,67,안양 서구123-45,010-4175-4539,웹서핑
13007,신소율,56,전주 달서구123-45,010-8130-2709,웹서핑
13008,서지원,76,제주 강남구123-45,010-4805-5878,게임
13009,윤지후,43,용인 덕진구123-45,010-8522-8794,독서
13010,최소율,42,대구 기흥구123-45,010-3667-5050,일기 쓰기
13011,박서준,22,서울 남구123-45,010-8377-4139,음악감상
13012,조지안,54,천안 송파구123-45,010-1573-3007,보드게임
13013,한유진,32,제주 기흥구123-45,010-4539-4139,뜨개질
13014,이하윤,43,안산 덕진구123-45,010-7138-6840,여행
13015,김민수,72,수원 기흥구123-45,010-9357-4674,음악감상
13016,임서연,72,광주 성북구123-45,010-3949-5475,영화감상
13017,서예은,24,천안 유성구123-45,010-2396-4209,요리
13018,신하은,54,대구 성동구123-45,010-7051-2172,카페 투어
13019,서예린,29,울산 중구123-45,010-7454-8585,여행
13020,임은우,69,청주 분당구123-45,010-2427-5682,보드게임
13021,최예린,65,울산 해운대구123-45,010-6431-6724,사진촬영
13022,신현우,39,안양 수성구123-45,010-3473-4815,뜨개질
13023,오은우,31,인천 성북구123-45,010-6652-6346,자전거 타기
13024,최예은,68,용인 수성구123-45,010-6641-2764,사진촬영
13025,한수빈,21,김해 서북구123-45,010-8042-3908,음악감상
13026,신지민,65,안산 수성구123-45,010-1529-5738,운동
13027,오유진,52,울산 강서구123-45,010-6303-7395,유튜브 보기
13028,최은우,52,인천 북구123-45,010-7517-5825,유튜브 보기
13029,이은우,21,화성 기흥구123-45,010-9463-3720,등산
13030,이서연,33,전주 수성구123-45,010-7484-4483,카페 투어
13031,신태윤,21,서울 중구123-45,010-8287-5981,뜨개질
13032,윤지안,62,청주 분당구123-45,010-6817-6240,영화감상
13033,조예은,49,남양주 남구123-45,010-2525-5394,사진촬영
13034,오은우,35,남양주 유성구123-45,010-3130-2259,뜨개질
13035,임민수,22,서울 북구123-45,010-9852-9552,웹서핑
13036,박소율,78,청주 남구123-45,010-1668-2123,요리
13037,서수빈,32,제주 일산동구123-45,010-2123-3360,등산
13038,오수빈,71,김해 덕진구123-45,010-4859-9545,카페 투어
13039,윤태윤,74,울산 흥덕구123-45,010-1079-5291,사진촬영
13040,정하윤,52,남양주 해운대구123-45,010-3262-7320,사진촬영
13041,최도윤,40,안양 덕양구123-45,010-6291-4555,독서
13042,신소율,33,고양 남구123-45,010-3200-7559,음악감상
13043,임소율,46,성남 성북구123-45,010-3414-1888,수영
13044,박도윤,55,울산 중구123-45,010-6622-3183,음악감상
13045,오건우,39,성남 일산동구123-45,010-3356-1419,음악감상
13046,김시우,72,울산 진해구123-45,010-3439-4787,뜨개질
13047,이유진,75,대전 서구123-45,010-8067-2533,웹서핑
13048,임태윤,37,수원 덕양구123-45,010-8606-8034,일기 쓰기
13049,강예린,78,용인 강서구123-45,010-4710-7895,자전거 타기
13050,서건우,70,전주 진해구123-45,010-3002-4918,사진촬영
13051,조지안,67,화성 서구123-45,010-4148-2387,수영
13052,임하윤,24,성남 성동구123-45,010-7205-7696,카페 투어
13053,임건우,45,울산 기흥구123-45,010-4881-6129,여행
13054,정수빈,29,안산 송파구123-45,010-1143-2912,웹서핑
13055,오은우,54,대전 유성구123-45,010-7067-9114,수영
13056,이서준,73,청주 팔달구123-45,010-6171-9496,영화감상
13057,김현우,28,청주 중구123-45,010-3461-5535,음악감상
13058,신현우,34,남양주 해운대구123-45,010-2184-6929,카페 투어
13059,정서연,54,안산 강남구123-45,010-9598-6882,유튜브 보기
13060,정태윤,72,울산 송파구123-45,010-1393-9499,운동
13061,윤서연,66,용인 신제주123-45,010-5106-1034,뜨개질
13062,서태윤,32,대구 장유동123-45,010-9043-9936,영화감상
13063,박은우,34,제주 강서구123-45,010-6351-4594,수영
13064,윤시우,41,부산 서북구123-45,010-5357-1505,유튜브 보기
13065,오지안,41,울산 팔달구123-45,010-3377-9746,카페 투어
13066,박도윤,73,광주 남구123-45,010-5242-9103,독서
13067,윤현우,25,김해 덕양구123-45,010-3461-3123,운동
13068,오소율,35,안양 서북구123-45,010-9312-9818,자전거 타기
13069,박수빈,31,평택 성동구123-45,010-9824-9831,등산
13070,임민수,75,평택 강남구123-45,010-3828-2564,음악감상
13071,신서준,28,김해 장유동123-45,010-7503-3613,요리
13072,정유진,55,수원 서북구123-45,010-8178-5709,일기 쓰기
13073,서현우,33,김해 성동구123-45,010-6904-1648,드로잉
13074,서수빈,68,남양주 기흥구123-45,010-3521-6032,유튜브 보기
13075,한하윤,63,창원 유성구123-45,010-1279-8176,유튜브 보기
13076,이은우,69,안산 덕양구123-45,010-8404-8956,드로잉
13077,오유진,31,성남 성동구123-45,010-5906-3831,보드게임
13078,임지원,70,광주 일산동구123-45,010-5569-7346,유튜브 보기
13079,김예은,57,화성 송파구123-45,010-4028-6964,수영
13080,박하윤,57,세종 해운대구123-45,010-2804-3605,보드게임
13081,오은우,36,대전 기흥구123-45,010-8412-5746,유튜브 보기
13082,이예은,37,포항 유성구123-45,010-9820-5460,유튜브 보기
13083,이건우,64,부산 남구123-45,010-7982-6561,사진촬영
13084,최시우,27,청주 신제주123-45,010-4028-8137,자전거 타기
13085,최지민,46,인천 진해구123-45,010-2376-3498,음악감상
13086,장은우,75,전주 성동구123-45,010-8954-7452,자전거 타기
13087,한예은,34,안산 기흥구123-45,010-3277-8054,뜨개질
13088,정소율,50,창원 성동구123-45,010-2786-7840,독서
13089,서시우,35,안산 서구123-45,010-7812-8926,보드게임
13090,최시우,58,성남 강서구123-45,010-3251-7748,독서
13091,김민수,60,안산 일산동구123-45,010-3113-9572,뜨개질
13092,이지안,48,남양주 동구123-45,010-6392-1201,게임
13093,정태윤,32,남양주 덕진구123-45,010-9874-1376,보드게임
13094,윤서연,64,성남 수성구123-45,010-7055-2434,드로잉
13095,조서준,22,부산 송파구123-45,010-4523-4443,등산
13096,박하윤,79,성남 남구123-45,010-2757-8214,드로잉
13097,한시우,69,평택 북구123-45,010-8473-8694,독서
13098,서현우,75,세종 성동구123-45,010-6310-8406,등산
13099,장수빈,52,화성 장유동123-45,010-9601-1731,일기 쓰기
13100,오서준,44,수원 북구123-45,010-8624-1605,음악감상
13101,박현우,61,창원 해운대구123-45,010-1424-8930,음악감상
13102,조예린,28,제주 분당구123-45,010-6792-8226,드로잉
13103,조태윤,62,김해 신제주123-45,010-3580-1772,드로잉
13104,장지원,35,화성 수성구123-45,010-4035-2607,음악감상
13105,김하윤,38,성남 강남구123-45,010-7073-4170,유튜브 보기
13106,한수빈,50,남양주 팔달구123-45,010-3878-2029,게임
13107,장지안,27,용인 성동구123-45,010-6988-5869,뜨개질
13108,서서준,43,광주 진해구123-45,010-6165-6420,보드게임
13109,정민수,74,천안 동구123-45,010-5667-6470,운동
13110,서유진,59,화성 중구123-45,010-7006-6382,드로잉
13111,임지원,36,성남 진해구123-45,010-2954-4063,독서
13112,이하은,30,안산 신제주123-45,010-1254-5284,게임
13113,서수빈,42,용인 수성구123-45,010-1214-1856,수영
13114,신유진,49,광주 동구123-45,010-6218-5358,웹서핑
13115,한지민,45,창원 강서구123-45,010-9204-1434,자전거 타기
13116,박하윤,78,평택 기흥구123-45,010-4374-7870,유튜브 보기
13117,조예은,74,인천 중구123-45,010-4626-2927,웹서핑
13118,강은우,29,울산 중구123-45,010-5616-1301,드로잉
13119,서은우,38,남양주 해운대구123-45,010-3532-7262,드로잉
13120,서하윤,68,부산 덕양구123-45,010-2197-1891,등산
13121,윤서준,74,화성 덕진구123-45,010-2343-3410,음악감상
13122,정민수,27,광주 동구123-45,010-1442-6523,보드게임
13123,최예린,79,포항 덕양구123-45,010-1560-7331,게임
13124,오지민,56,수원 송파구123-45,010-1227-3027,보드게임
13125,이건우,69,평택 흥덕구123-45,010-8941-2378,자전거 타기
13126,최예은,39,울산 분당구123-45,010-1462-4071,등산
13127,강현우,79,창원 덕양구123-45,010-8514-6392,게임
13128,신태윤,73,창원 기흥구123-45,010-4032-6694,운동
13129,신하은,29,대구 서북구123-45,010-2292-9567,여행
13130,오유진,64,남양주 기흥구123-45,010-8814-4266,유튜브 보기
13131,서서준,75,세종 송파구123-45,010-1217-6238,독서
13132,신지민,61,수원 동구123-45,010-5317-5348,드로잉
13133,서서연,72,인천 해운대구123-45,010-9637-4752,게임
13134,신소율,72,김해 수성구123-45,010-1465-6861,자전거 타기
13135,오수빈,63,남양주 서북구123-45,010-9789-3862,사진촬영
13136,김현우,66,창원 강서구123-45,010-5544-2109,독서
13137,장유진,71,세종 기흥구123-45,010-9278-1447,독서
13138,신서준,41,서울 해운대구123-45,010-4215-5413,유튜브 보기
13139,오건우,75,고양 중구123-45,010-2486-5525,뜨개질
13140,한하은,61,김해 분당구123-45,010-8850-8672,여행
13141,윤예은,74,대전 기흥구123-45,010-8352-1898,운동
13142,정건우,48,안양 분당구123-45,010-7696-3453,게임
13143,한민수,79,인천 해운대구123-45,010-4091-3694,게임
13144,한지안,30,대구 흥덕구123-45,010-3900-2398,카페 투어
13145,강소율,52,대전 덕양구123-45,010-9364-6090,등산
13146,장하은,45,광주 덕진구123-45,010-1140-2244,사진촬영
13147,박현우,70,안양 성동구123-45,010-4526-2640,음악감상
13148,강예린,29,안산 북구123-45,010-4956-8455,뜨개질
13149,박서연,35,서울 일산동구123-45,010-5112-2743,요리
13150,한서연,79,부산 진해구123-45,010-5843-6553,사진촬영
13151,장은우,74,평택 달서구123-45,010-7775-1834,웹서핑
13152,한건우,21,남양주 신제주123-45,010-1116-2211,일기 쓰기
13153,최민수,77,천안 동구123-45,010-1766-2081,수영
13154,박지후,24,대구 일산동구123-45,010-2469-4117,유튜브 보기
13155,서지원,65,수원 서구123-45,010-1652-1717,여행
13156,김지후,52,세종 진해구123-45,010-3842-7538,유튜브 보기
13157,정건우,67,청주 기흥구123-45,010-1557-5600,사진촬영
13158,김시우,78,제주 장유동123-45,010-6978-9944,웹서핑
13159,임건우,24,용인 남구123-45,010-8574-5537,뜨개질
13160,김유진,48,고양 달서구123-45,010-9128-6811,등산
13161,윤은우,49,울산 강서구123-45,010-5316-4227,뜨개질
13162,오은우,42,창원 강남구123-45,010-9466-4010,영화감상
13163,신예린,35,천안 장유동123-45,010-7789-5974,웹서핑
13164,서지민,34,광주 수성구123-45,010-5101-1375,등산
13165,김지후,70,평택 수성구123-45,010-9941-7163,운동
13166,윤현우,36,전주 강남구123-45,010-2557-2563,보드게임
13167,조건우,57,천안 진해구123-45,010-1609-4980,게임
13168,신은우,45,포항 신제주123-45,010-2953-1846,여행
13169,윤시우,20,창원 성북구123-45,010-4463-9112,뜨개질
13170,임지후,71,창원 성북구123-45,010-1244-8050,카페 투어
13171,조서연,35,용인 신제주123-45,010-2483-2242,수영
13172,임서연,71,평택 서북구123-45,010-6708-1808,뜨개질
13173,정지안,45,수원 북구123-45,010-7442-5746,수영
13174,신하은,53,전주 강서구123-45,010-1117-5193,여행
13175,임유진,22,서울 중구123-45,010-1617-9953,일기 쓰기
13176,조수빈,66,화성 송파구123-45,010-9989-1581,보드게임
13177,조수빈,74,인천 분당구123-45,010-5806-2009,일기 쓰기
13178,강민수,48,고양 강남구123-45,010-6066-9214,요리
13179,박시우,52,안산 유성구123-45,010-2893-8505,유튜브 보기
13180,정지원,68,부산 해운대구123-45,010-8254-7524,일기 쓰기
13181,박지민,55,수원 장유동123-45,010-9547-3812,뜨개질
13182,박현우,61,수원 북구123-45,010-3113-3538,일기 쓰기
13183,박예은,53,광주 해운대구123-45,010-3717-8098,드로잉
13184,한태윤,55,대전 덕진구123-45,010-7791-6431,드로잉
13185,오서연,68,수원 장유동123-45,010-6025-5804,자전거 타기
13186,조민수,56,용인 진해구123-45,010-8812-7860,음악감상
13187,박지민,27,안양 남구123-45,010-5867-8364,자전거 타기
13188,오지원,43,평택 성북구123-45,010-7718-3364,여행
13189,임하은,48,대구 해운대구123-45,010-5664-2905,게임
13190,이시우,25,용인 성동구123-45,010-4849-9382,일기 쓰기
13191,서예은,61,평택 팔달구123-45,010-4645-5974,드로잉
13192,오하윤,70,제주 송파구123-45,010-5756-6892,유튜브 보기
13193,서도윤,41,화성 달서구123-45,010-2720-3235,자전거 타기
13194,김현우,40,제주 유성구123-45,010-4978-8502,여행
13195,신예린,66,전주 강서구123-45,010-8029-1802,여행
13196,박서준,47,안양 흥덕구123-45,010-1457-8550,웹서핑
13197,강은우,21,광주 서북구123-45,010-4817-8722,독서
13198,신시우,64,세종 신제주123-45,010-6782-2661,사진촬영
13199,윤소율,51,고양 흥덕구123-45,010-2754-9222,게임
13200,이지원,41,김해 서북구123-45,010-8437-3380,유튜브 보기
13201,신태윤,29,천안 덕양구123-45,010-4108-4958,유튜브 보기
13202,서지후,22,안양 신제주123-45,010-6445-2499,음악감상
13203,서예은,44,평택 수성구123-45,010-3692-5883,게임
13204,서예린,29,제주 강남구123-45,010-8681-2156,요리
13205,조예린,57,창원 일산동구123-45,010-2879-7342,카페 투어
13206,김은우,38,청주 유성구123-45,010-1983-9928,음악감상
13207,박시우,60,부산 북구123-45,010-9547-6400,웹서핑
13208,신지민,43,대전 수성구123-45,010-1467-1160,영화감상
13209,서유진,64,대전 진해구123-45,010-5252-8475,등산
13210,최태윤,68,대구 송파구123-45,010-5476-9828,독서
13211,이서준,57,전주 서구123-45,010-3551-5127,음악감상
13212,장수빈,22,용인 강서구123-45,010-1981-6638,보드게임
13213,장시우,32,대전 해운대구123-45,010-2409-4461,게임
13214,박민수,43,용인 동구123-45,010-6372-5350,등산
13215,강예린,45,대구 중구123-45,010-8608-3150,운동
13216,임시우,56,대구 수성구123-45,010-4165-7110,여행
13217,박은우,71,포항 진해구123-45,010-5368-7140,카페 투어
13218,이예린,21,부산 일산동구123-45,010-8183-9615,자전거 타기
13219,신지후,49,광주 서북구123-45,010-5150-7598,사진촬영
13220,김하은,63,김해 신제주123-45,010-6333-6834,자전거 타기
13221,장하은,66,인천 남구123-45,010-2511-1623,수영
13222,정유진,76,인천 성동구123-45,010-4021-6479,게임
13223,서소율,77,천안 달서구123-45,010-8209-6031,여행
13224,최예은,28,서울 진해구123-45,010-2164-2032,뜨개질
13225,이유진,73,대구 기흥구123-45,010-8520-4224,뜨개질
13226,김소율,65,김해 장유동123-45,010-6830-3838,자전거 타기
13227,서지원,73,안산 흥덕구123-45,010-7649-4281,뜨개질
13228,강유진,47,서울 신제주123-45,010-9097-7202,일기 쓰기
13229,조서준,59,인천 동구123-45,010-3210-1293,보드게임
13230,이수빈,44,광주 북구123-45,010-4386-8020,영화감상
13231,윤도윤,69,수원 덕양구123-45,010-6703-2684,보드게임
13232,오현우,24,창원 장유동123-45,010-3246-1806,카페 투어
13233,임지원,54,전주 성북구123-45,010-1693-4615,유튜브 보기
13234,한예린,37,안산 해운대구123-45,010-4298-7624,요리
13235,강지후,56,광주 장유동123-45,010-5361-2543,일기 쓰기
13236,박지민,71,서울 덕진구123-45,010-2482-1581,보드게임
13237,장수빈,72,용인 강서구123-45,010-2913-1782,등산
13238,조민수,63,세종 성북구123-45,010-3772-6988,유튜브 보기
13239,박도윤,39,천안 성동구123-45,010-4056-2899,영화감상
13240,박은우,27,수원 신제주123-45,010-4581-8462,보드게임
13241,강지민,46,안산 신제주123-45,010-6950-5817,요리
13242,조시우,67,울산 서구123-45,010-5082-4950,음악감상
13243,최태윤,42,대전 해운대구123-45,010-3213-8832,사진촬영
13244,신서연,37,김해 덕양구123-45,010-9847-6659,등산
13245,한태윤,40,천안 강남구123-45,010-1644-8786,영화감상
13246,김수빈,50,성남 팔달구123-45,010-5866-7087,독서
13247,한지후,57,청주 동구123-45,010-1158-5854,여행
13248,오예은,41,대구 강서구123-45,010-4952-1882,독서
13249,강현우,26,성남 유성구123-45,010-8739-6951,음악감상
13250,한수빈,54,성남 진해구123-45,010-3062-1942,드로잉
13251,신민수,28,창원 북구123-45,010-7749-3517,웹서핑
13252,김서준,43,안양 강남구123-45,010-5400-4044,드로잉
13253,한현우,39,부산 동구123-45,010-1043-2617,사진촬영
13254,조유진,51,포항 달서구123-45,010-3740-2101,자전거 타기
13255,조현우,38,인천 흥덕구123-45,010-6977-6572,사진촬영
13256,정현우,75,울산 수성구123-45,010-1527-5329,등산
13257,신건우,33,대구 동구123-45,010-4660-5520,등산
13258,조은우,67,수원 서북구123-45,010-8502-6346,자전거 타기
13259,한서연,64,천안 신제주123-45,010-5897-2045,독서
13260,장유진,52,수원 덕양구123-45,010-3502-1425,보드게임
13261,오지안,74,대전 유성구123-45,010-4366-1204,음악감상
13262,임지안,52,천안 유성구123-45,010-4315-7966,게임
13263,임지민,58,청주 동구123-45,010-4399-7462,일기 쓰기
13264,신은우,48,평택 동구123-45,010-2091-6987,사진촬영
13265,박민수,35,용인 해운대구123-45,010-2930-3180,사진촬영
13266,장예린,63,제주 동구123-45,010-9515-3753,여행
13267,윤수빈,28,성남 장유동123-45,010-4202-8552,등산
13268,신민수,33,천안 수성구123-45,010-5359-7409,뜨개질
13269,정도윤,32,용인 일산동구123-45,010-4254-2162,유튜브 보기
13270,정서준,32,남양주 일산동구123-45,010-3198-6235,운동
13271,오현우,78,전주 달서구123-45,010-5626-9314,요리
13272,오시우,35,창원 해운대구123-45,010-1275-9585,독서
13273,임민수,20,대전 덕진구123-45,010-1843-3900,일기 쓰기
13274,장수빈,47,포항 진해구123-45,010-1596-7676,자전거 타기
13275,서예은,75,부산 중구123-45,010-7591-2486,등산
13276,조서준,68,용인 송파구123-45,010-7333-2684,웹서핑
13277,강현우,37,성남 동구123-45,010-6498-2883,사진촬영
13278,김지민,36,남양주 수성구123-45,010-1541-3843,음악감상
13279,정예린,53,성남 성북구123-45,010-8313-5538,게임
13280,신소율,27,포항 수성구123-45,010-9399-1306,일기 쓰기
13281,장도윤,77,부산 흥덕구123-45,010-6386-9334,수영
13282,김지원,50,수원 중구123-45,010-8161-9473,영화감상
13283,장예린,30,고양 송파구123-45,010-1376-3448,유튜브 보기
13284,이지후,75,안산 강남구123-45,010-7399-2322,사진촬영
13285,윤유진,29,성남 장유동123-45,010-3738-4215,요리
13286,박지민,42,포항 강남구123-45,010-7184-3574,요리
13287,정지원,71,전주 덕진구123-45,010-3428-5926,여행
13288,윤도윤,29,세종 유성구123-45,010-3095-2878,운동
13289,박수빈,57,화성 팔달구123-45,010-2620-2220,수영
13290,강건우,68,안산 분당구123-45,010-9938-2122,영화감상
13291,정하윤,64,성남 서북구123-45,010-2718-2420,일기 쓰기
13292,오지민,77,안양 남구123-45,010-8382-4316,운동
13293,조지안,28,안양 덕진구123-45,010-2463-6087,영화감상
13294,이예린,44,대구 서구123-45,010-5815-3365,뜨개질
13295,서도윤,36,광주 서구123-45,010-7324-3884,보드게임
13296,정태윤,31,창원 해운대구123-45,010-1684-2485,여행
13297,장수빈,64,청주 장유동123-45,010-4530-2214,독서
13298,조시우,58,전주 기흥구123-45,010-4040-9750,웹서핑
13299,서수빈,36,안양 팔달구123-45,010-9159-1004,유튜브 보기
13300,김예린,42,화성 신제주123-45,010-5025-5737,사진촬영
13301,오유진,27,울산 유성구123-45,010-3615-6809,영화감상
13302,이지원,21,세종 성북구123-45,010-5971-2766,등산
13303,장유진,73,용인 일산동구123-45,010-4504-9206,보드게임
13304,박예은,32,용인 장유동123-45,010-3029-5392,운동
13305,강지안,70,안산 중구123-45,010-1413-1050,운동
13306,한하윤,39,안양 성동구123-45,010-3266-4102,여행
13307,서소율,61,수원 성북구123-45,010-4397-2416,여행
13308,이지원,63,고양 해운대구123-45,010-5920-2041,등산
13309,김지후,37,대구 해운대구123-45,010-4684-8847,독서
13310,강예은,70,대전 성북구123-45,010-1643-2947,웹서핑
13311,장은우,40,용인 성동구123-45,010-2320-6298,영화감상
13312,윤민수,28,세종 서북구123-45,010-8450-9477,뜨개질
13313,신은우,52,청주 성동구123-45,010-7252-3618,독서
13314,조지민,79,대구 유성구123-45,010-2192-6768,요리
13315,박건우,20,남양주 신제주123-45,010-3975-8254,독서
13316,장시우,47,화성 서북구123-45,010-3275-8301,영화감상
13317,정지민,58,서울 흥덕구123-45,010-7310-1513,자전거 타기
13318,윤지안,66,안산 달서구123-45,010-4599-9228,뜨개질
13319,신예린,72,남양주 팔달구123-45,010-6508-8187,웹서핑
13320,한지민,28,청주 송파구123-45,010-9347-7775,웹서핑
13321,임시우,49,전주 팔달구123-45,010-8112-7421,요리
13322,한하은,78,고양 흥덕구123-45,010-4618-4262,운동
13323,오하윤,71,인천 강서구123-45,010-3822-3736,등산
13324,이지민,78,안산 일산동구123-45,010-2450-1971,등산
13325,신지원,43,화성 덕진구123-45,010-2515-2733,사진촬영
13326,임소율,36,광주 북구123-45,010-3064-4775,음악감상
13327,정소율,70,창원 일산동구123-45,010-3189-5046,요리
13328,박유진,26,용인 해운대구123-45,010-7736-3931,뜨개질
13329,서은우,29,고양 남구123-45,010-3207-2579,독서
13330,오예은,45,평택 송파구123-45,010-1889-5943,음악감상
13331,한현우,37,인천 남구123-45,010-1480-1997,웹서핑
13332,이서준,72,안산 성북구123-45,010-1422-6429,여행
13333,서서연,59,전주 수성구123-45,010-6709-7589,사진촬영
13334,장수빈,39,천안 강서구123-45,010-2341-3910,카페 투어
13335,임예린,55,안양 분당구123-45,010-3865-6669,영화감상
13336,임서연,76,안산 기흥구123-45,010-6554-3210,요리
13337,박민수,32,천안 강남구123-45,010-2371-1364,음악감상
13338,이건우,50,안양 덕진구123-45,010-4268-1556,음악감상
13339,윤지원,74,안산 해운대구123-45,010-1879-3717,웹서핑
13340,강지민,46,용인 강남구123-45,010-8782-8826,음악감상
13341,임태윤,50,포항 강남구123-45,010-5147-3776,자전거 타기
13342,박서연,48,수원 달서구123-45,010-6118-5264,드로잉
13343,한은우,44,부산 서구123-45,010-1122-6463,자전거 타기
13344,최현우,61,광주 강남구123-45,010-4584-9261,영화감상
13345,최서준,43,인천 달서구123-45,010-4819-2897,유튜브 보기
13346,신태윤,51,제주 장유동123-45,010-5635-3691,게임
13347,신유진,66,대전 분당구123-45,010-2562-7265,일기 쓰기
13348,한태윤,35,광주 북구123-45,010-4506-5539,카페 투어
13349,오소율,76,부산 강서구123-45,010-5237-7607,카페 투어
13350,정하은,61,안양 서구123-45,010-1699-7693,뜨개질
13351,장지민,64,수원 서북구123-45,010-6464-8452,등산
13352,한현우,34,울산 장유동123-45,010-5459-6115,운동
13353,임현우,77,평택 강남구123-45,010-8848-1449,일기 쓰기
13354,조서준,60,청주 강서구123-45,010-7254-7862,뜨개질
13355,최소율,50,수원 신제주123-45,010-8458-3623,게임
13356,임현우,71,포항 서북구123-45,010-6186-7486,게임
13357,신은우,29,남양주 달서구123-45,010-4467-1008,요리
13358,임현우,45,고양 서구123-45,010-4308-9830,수영
13359,정지원,72,서울 팔달구123-45,010-9241-2812,뜨개질
13360,정은우,66,고양 성북구123-45,010-1497-9653,카페 투어
13361,오도윤,66,평택 기흥구123-45,010-7208-8372,뜨개질
13362,한지원,23,대구 성동구123-45,010-6238-5428,독서
13363,이지안,37,대전 강서구123-45,010-8110-6625,웹서핑
13364,신하윤,62,용인 동구123-45,010-2799-2045,자전거 타기
13365,조시우,38,부산 강서구123-45,010-7014-2829,드로잉
13366,이지후,48,포항 강서구123-45,010-4482-4761,영화감상
13367,강지원,26,고양 동구123-45,010-2959-2568,독서
13368,임서연,73,전주 팔달구123-45,010-5332-7137,요리
13369,윤지안,42,인천 성북구123-45,010-7197-5707,뜨개질
13370,이예은,30,김해 성북구123-45,010-3850-4133,음악감상
13371,임지후,63,안산 장유동123-45,010-3213-1487,독서
13372,한서연,25,김해 달서구123-45,010-2936-5904,수영
13373,조지안,38,세종 강서구123-45,010-7133-3997,음악감상
13374,김도윤,54,세종 유성구123-45,010-2676-5888,카페 투어
13375,박지후,72,인천 신제주123-45,010-7201-6895,카페 투어
13376,강태윤,75,광주 달서구123-45,010-3515-4753,뜨개질
13377,최지원,42,전주 해운대구123-45,010-4798-8036,웹서핑
13378,한소율,28,김해 해운대구123-45,010-6202-4338,요리
13379,정예린,57,평택 성북구123-45,010-9314-1343,여행
13380,윤하윤,63,제주 해운대구123-45,010-4573-7133,운동
13381,서수빈,45,제주 달서구123-45,010-6464-8592,웹서핑
13382,임태윤,52,수원 성동구123-45,010-9962-9531,음악감상
13383,윤현우,49,세종 성동구123-45,010-3239-1817,일기 쓰기
13384,임예은,64,용인 달서구123-45,010-5446-5228,뜨개질
13385,김예은,37,평택 분당구123-45,010-7308-3169,유튜브 보기
13386,최건우,21,용인 진해구123-45,010-2326-8018,사진촬영
13387,박수빈,77,평택 중구123-45,010-7570-6875,일기 쓰기
13388,정하윤,72,세종 신제주123-45,010-7303-6958,음악감상
13389,윤유진,56,포항 흥덕구123-45,010-1800-1775,음악감상
13390,조예은,77,평택 서북구123-45,010-6261-7856,사진촬영
13391,한수빈,41,안산 송파구123-45,010-7426-4510,웹서핑
13392,장서연,29,안양 흥덕구123-45,010-9910-8978,요리
13393,이서연,71,세종 중구123-45,010-7477-5689,운동
13394,서태윤,26,남양주 남구123-45,010-1567-9069,요리
13395,윤태윤,61,인천 유성구123-45,010-1295-4218,영화감상
13396,김서연,28,창원 흥덕구123-45,010-9100-2450,등산
13397,장현우,26,고양 서구123-45,010-1244-2393,일기 쓰기
13398,강지안,57,대전 성북구123-45,010-2644-9417,카페 투어
13399,임현우,61,고양 유성구123-45,010-1729-9999,영화감상
13400,정하윤,45,천안 성북구123-45,010-5074-3268,사진촬영
13401,강서연,48,대전 신제주123-45,010-3603-6637,여행
13402,서예은,62,성남 일산동구123-45,010-1956-3699,보드게임
13403,이지안,44,울산 서구123-45,010-7648-5588,음악감상
13404,서수빈,76,인천 성북구123-45,010-6326-3833,운동
13405,조소율,71,광주 유성구123-45,010-7356-1374,드로잉
13406,한하윤,36,성남 달서구123-45,010-8567-3149,운동
13407,박도윤,20,부산 유성구123-45,010-5036-2691,뜨개질
13408,강지원,32,창원 유성구123-45,010-1954-6513,일기 쓰기
13409,강지후,21,천안 덕진구123-45,010-3901-8364,등산
13410,서태윤,25,포항 수성구123-45,010-6373-7037,요리
13411,김현우,23,평택 유성구123-45,010-8709-1050,자전거 타기
13412,장서준,71,화성 동구123-45,010-3421-8179,수영
13413,조예린,27,창원 성동구123-45,010-1240-2798,유튜브 보기
13414,김태윤,55,창원 성동구123-45,010-2334-6604,수영
13415,박도윤,50,부산 송파구123-45,010-5083-1378,사진촬영
13416,김지안,59,남양주 덕양구123-45,010-3486-9209,독서
13417,윤하윤,65,전주 달서구123-45,010-5971-1910,영화감상
13418,김하윤,39,대전 덕양구123-45,010-4546-8826,유튜브 보기
13419,장예린,49,포항 성동구123-45,010-3638-2123,유튜브 보기
13420,서하은,29,용인 성북구123-45,010-2511-7713,수영
13421,강유진,70,울산 서북구123-45,010-3456-3362,자전거 타기
13422,장서준,37,포항 중구123-45,010-5634-2951,보드게임
13423,서서연,55,안산 유성구123-45,010-3454-5236,뜨개질
13424,서서준,68,대구 서북구123-45,010-8455-2772,여행
13425,이지안,52,창원 해운대구123-45,010-6494-1859,웹서핑
13426,임도윤,60,남양주 강서구123-45,010-8356-9426,게임
13427,김지원,58,울산 덕양구123-45,010-2212-4639,영화감상
13428,임지후,46,고양 분당구123-45,010-1574-2738,드로잉
13429,정시우,37,남양주 해운대구123-45,010-9877-4609,게임
13430,신수빈,22,세종 성동구123-45,010-2537-9740,독서
13431,한유진,56,울산 신제주123-45,010-8422-9290,요리
13432,신하은,45,김해 진해구123-45,010-2492-4698,웹서핑
13433,한건우,74,안산 달서구123-45,010-6301-5019,독서
13434,오서준,41,전주 동구123-45,010-6834-7581,사진촬영
13435,김건우,34,남양주 송파구123-45,010-2894-8582,웹서핑
13436,신태윤,35,부산 북구123-45,010-6665-9246,독서
13437,윤서연,51,대전 기흥구123-45,010-2526-9003,요리
13438,박유진,62,부산 흥덕구123-45,010-5733-1141,운동
13439,김도윤,76,안산 중구123-45,010-9338-1179,등산
13440,김예은,62,김해 성북구123-45,010-8149-3172,사진촬영
13441,강소율,48,수원 중구123-45,010-1376-7975,운동
13442,정소율,57,서울 강서구123-45,010-6092-3652,일기 쓰기
13443,조유진,25,화성 덕진구123-45,010-3228-4016,뜨개질
13444,오예은,74,김해 서북구123-45,010-9296-9541,카페 투어
13445,신예린,44,울산 성동구123-45,010-4275-5856,여행
13446,임건우,78,청주 기흥구123-45,010-8294-6241,자전거 타기
13447,최예린,75,창원 신제주123-45,010-6171-2231,여행
13448,이서연,49,성남 성동구123-45,010-4594-9921,웹서핑
13449,이지후,57,전주 서북구123-45,010-8015-1766,드로잉
13450,한소율,69,안양 수성구123-45,010-1626-8614,등산
13451,한예린,32,창원 성동구123-45,010-2374-2462,영화감상
13452,박현우,26,안산 유성구123-45,010-9059-4848,웹서핑
13453,한현우,45,서울 기흥구123-45,010-8685-4097,등산
13454,한현우,53,서울 달서구123-45,010-4906-2441,보드게임
13455,김서준,77,제주 송파구123-45,010-5575-9086,웹서핑
13456,신은우,64,청주 일산동구123-45,010-2844-7362,웹서핑
13457,한서준,33,천안 북구123-45,010-4203-6744,유튜브 보기
13458,조서연,75,김해 흥덕구123-45,010-5317-7363,유튜브 보기
13459,조은우,42,안양 기흥구123-45,010-6877-2983,여행
13460,윤서준,20,전주 진해구123-45,010-1395-7006,카페 투어
13461,조서준,37,청주 동구123-45,010-2626-4572,유튜브 보기
13462,정서연,27,전주 중구123-45,010-6643-7292,독서
13463,신시우,34,제주 일산동구123-45,010-4984-4537,게임
13464,강현우,46,수원 성동구123-45,010-9065-6525,요리
13465,윤도윤,68,대전 북구123-45,010-8771-4950,카페 투어
13466,오하은,37,제주 덕진구123-45,010-6196-1875,웹서핑
13467,강서준,47,창원 북구123-45,010-9432-2331,웹서핑
13468,신유진,37,용인 수성구123-45,010-3199-5703,영화감상
13469,이하윤,40,고양 북구123-45,010-7356-7211,뜨개질
13470,장서준,37,청주 강남구123-45,010-2424-9730,일기 쓰기
13471,임태윤,31,수원 북구123-45,010-2053-3223,사진촬영
13472,김유진,59,대전 일산동구123-45,010-4043-5292,여행
13473,한하윤,71,제주 남구123-45,010-6167-1966,드로잉
13474,오현우,30,전주 팔달구123-45,010-7839-4743,독서
13475,최태윤,27,화성 송파구123-45,010-7583-8571,독서
13476,신태윤,46,서울 팔달구123-45,010-9911-9548,유튜브 보기
13477,김시우,62,세종 덕양구123-45,010-3283-1326,등산
13478,강시우,25,안양 서북구123-45,010-3321-9307,요리
13479,장서준,35,안산 남구123-45,010-2518-2704,등산
13480,박서준,35,인천 유성구123-45,010-2946-5694,일기 쓰기
13481,서서연,29,성남 덕진구123-45,010-9455-6834,게임
13482,윤예은,66,제주 서구123-45,010-5046-8246,웹서핑
13483,조서연,51,화성 유성구123-45,010-9490-6222,일기 쓰기
13484,김하윤,62,포항 팔달구123-45,010-3124-8227,드로잉
13485,박태윤,31,세종 성북구123-45,010-5197-1611,독서
13486,장예은,21,남양주 성북구123-45,010-9791-7191,요리
13487,장지원,55,포항 송파구123-45,010-7964-2156,영화감상
13488,윤하윤,39,용인 해운대구123-45,010-7788-5611,음악감상
13489,한예은,30,울산 일산동구123-45,010-5620-6441,웹서핑
13490,정태윤,34,서울 북구123-45,010-3930-6976,게임
13491,오예은,38,울산 팔달구123-45,010-6234-6580,유튜브 보기
13492,김현우,78,세종 성동구123-45,010-4580-4582,웹서핑
13493,박태윤,32,창원 기흥구123-45,010-3204-6380,운동
13494,윤소율,72,서울 강서구123-45,010-5904-2935,사진촬영
13495,김도윤,57,광주 분당구123-45,010-8662-3068,자전거 타기
13496,이지민,62,안양 북구123-45,010-3507-7076,운동
13497,정도윤,46,안산 일산동구123-45,010-7725-4756,독서
13498,김도윤,73,안산 달서구123-45,010-8986-2909,독서
13499,신하윤,40,서울 유성구123-45,010-9206-3165,영화감상
13500,최지후,40,창원 팔달구123-45,010-4873-3068,수영
13501,정지민,68,평택 덕진구123-45,010-6327-9096,수영
13502,서은우,35,인천 분당구123-45,010-1814-3474,뜨개질
13503,최태윤,67,평택 서북구123-45,010-6196-7151,운동
13504,정서준,48,화성 해운대구123-45,010-4350-4736,뜨개질
13505,윤서연,62,대구 덕진구123-45,010-5986-3434,요리
13506,임지후,71,서울 성동구123-45,010-5094-7942,수영
13507,서지안,46,용인 성동구123-45,010-9486-9810,사진촬영
13508,서민수,38,용인 신제주123-45,010-5210-6526,뜨개질
13509,윤서연,79,남양주 송파구123-45,010-9742-2304,등산
13510,이예은,24,서울 기흥구123-45,010-2129-5128,독서
13511,윤지안,44,평택 유성구123-45,010-3070-3661,운동
13512,김하은,50,고양 달서구123-45,010-1022-9623,일기 쓰기
13513,최수빈,49,평택 성북구123-45,010-1235-8979,뜨개질
13514,조서연,40,남양주 강남구123-45,010-2518-6050,카페 투어
13515,윤도윤,54,세종 북구123-45,010-6235-2729,유튜브 보기
13516,임하윤,51,포항 송파구123-45,010-1952-1410,수영
13517,서예린,70,고양 송파구123-45,010-1937-6466,보드게임
13518,서지민,77,제주 달서구123-45,010-4767-6530,게임
13519,한소율,64,대구 기흥구123-45,010-6636-9774,영화감상
13520,윤서준,71,천안 신제주123-45,010-7769-4849,뜨개질
13521,서예린,43,안산 수성구123-45,010-4921-2511,요리
13522,박건우,64,안양 남구123-45,010-4139-6593,웹서핑
13523,한수빈,46,청주 진해구123-45,010-5995-7292,사진촬영
13524,윤지원,48,청주 분당구123-45,010-2073-8562,등산
13525,조소율,48,세종 성북구123-45,010-8321-5128,카페 투어
13526,한예은,61,화성 장유동123-45,010-2802-9767,게임
13527,조현우,36,남양주 분당구123-45,010-4631-2515,드로잉
13528,오소율,43,안산 팔달구123-45,010-9529-7215,웹서핑
13529,강지원,24,울산 신제주123-45,010-5643-5302,음악감상
13530,강시우,28,안양 강남구123-45,010-5452-8315,운동
13531,임시우,21,인천 수성구123-45,010-1464-2947,드로잉
13532,신지안,51,평택 수성구123-45,010-5167-5438,게임
13533,장지원,77,울산 기흥구123-45,010-1917-9753,수영
13534,정태윤,73,포항 장유동123-45,010-3153-7007,등산
13535,이서연,27,서울 흥덕구123-45,010-6942-8059,뜨개질
13536,임현우,30,대구 팔달구123-45,010-8317-5599,사진촬영
13537,이유진,29,고양 달서구123-45,010-9081-1705,요리
13538,정하윤,67,천안 서구123-45,010-3569-2577,운동
13539,장시우,28,안산 달서구123-45,010-2417-6060,영화감상
13540,신유진,22,성남 해운대구123-45,010-3442-7108,일기 쓰기
13541,장서연,53,울산 일산동구123-45,010-5597-3885,게임
13542,김예린,39,김해 강남구123-45,010-1428-1034,요리
13543,서하윤,73,광주 북구123-45,010-4538-3430,자전거 타기
13544,윤예은,32,성남 강남구123-45,010-1301-2035,보드게임
13545,이도윤,21,울산 송파구123-45,010-3835-9759,자전거 타기
13546,서현우,21,수원 성동구123-45,010-5522-6122,일기 쓰기
13547,한현우,58,광주 진해구123-45,010-1551-7617,수영
13548,윤하은,68,용인 일산동구123-45,010-2256-9030,일기 쓰기
13549,서예린,32,수원 진해구123-45,010-7154-4757,보드게임
13550,김현우,65,청주 수성구123-45,010-7780-1320,일기 쓰기
13551,강건우,62,성남 흥덕구123-45,010-4769-5804,보드게임
13552,임예은,46,안양 유성구123-45,010-5266-9171,요리
13553,윤태윤,44,청주 기흥구123-45,010-1354-4816,운동
13554,윤건우,71,안양 팔달구123-45,010-5192-7078,보드게임
13555,서서준,39,세종 일산동구123-45,010-8640-6681,운동
13556,이예린,74,천안 흥덕구123-45,010-8587-1811,자전거 타기
13557,서건우,23,용인 달서구123-45,010-8227-8144,자전거 타기
13558,조현우,70,창원 서구123-45,010-3047-8114,수영
13559,한시우,31,고양 분당구123-45,010-6909-1206,보드게임
13560,한은우,63,화성 남구123-45,010-2611-5269,웹서핑
13561,윤예린,78,광주 팔달구123-45,010-2468-4917,독서
13562,임지민,56,부산 강서구123-45,010-4538-1653,등산
13563,임지민,75,평택 팔달구123-45,010-4150-5772,카페 투어
13564,강시우,26,창원 서구123-45,010-4026-2139,등산
13565,정현우,37,포항 덕양구123-45,010-3071-4278,요리
13566,한도윤,39,전주 장유동123-45,010-8919-3887,영화감상
13567,임태윤,47,평택 중구123-45,010-3541-1043,음악감상
13568,오지안,27,성남 팔달구123-45,010-6888-2979,영화감상
13569,조하윤,40,안양 강남구123-45,010-6396-6644,운동
13570,정예은,52,포항 북구123-45,010-5744-1744,드로잉
13571,오태윤,50,포항 동구123-45,010-1089-7187,여행
13572,오예은,74,남양주 북구123-45,010-4549-3854,카페 투어
13573,이지원,66,안양 남구123-45,010-8097-6935,일기 쓰기
13574,신지민,79,천안 유성구123-45,010-3700-3655,여행
13575,조건우,70,안산 서구123-45,010-9401-6107,독서
13576,강현우,59,창원 덕양구123-45,010-9497-7564,수영
13577,장유진,73,전주 일산동구123-45,010-8199-1039,등산
13578,김유진,63,제주 일산동구123-45,010-1770-9326,일기 쓰기
13579,김서준,77,남양주 흥덕구123-45,010-1151-4444,게임
13580,조하은,53,안산 성동구123-45,010-6516-2413,요리
13581,서소율,71,평택 동구123-45,010-8558-6348,사진촬영
13582,정시우,45,천안 강서구123-45,010-9076-2123,독서
13583,서유진,72,울산 강서구123-45,010-1610-6575,영화감상
13584,조지안,41,전주 덕진구123-45,010-9223-4672,게임
13585,신하윤,41,부산 분당구123-45,010-3863-5221,드로잉
13586,신하은,54,포항 성동구123-45,010-1265-6759,여행
13587,임지민,75,천안 서북구123-45,010-7650-2377,수영
13588,서지민,51,성남 신제주123-45,010-5368-9655,여행
13589,윤예린,51,성남 성북구123-45,010-2864-7292,뜨개질
13590,한예은,48,전주 덕양구123-45,010-5889-7841,수영
13591,윤도윤,57,평택 송파구123-45,010-9671-6469,독서
13592,최지후,79,화성 동구123-45,010-3232-5336,웹서핑
13593,김예은,44,화성 강남구123-45,010-6450-7695,게임
13594,최서준,35,김해 일산동구123-45,010-5492-1787,음악감상
13595,한도윤,36,전주 장유동123-45,010-4976-4202,여행
13596,박민수,49,평택 덕양구123-45,010-6464-6268,독서
13597,박수빈,70,안산 성동구123-45,010-3270-8999,운동
13598,서하윤,69,김해 해운대구123-45,010-4290-3979,뜨개질
13599,이서연,66,포항 강서구123-45,010-4936-8199,보드게임
13600,이도윤,57,제주 신제주123-45,010-2543-4203,독서
13601,장태윤,51,안산 달서구123-45,010-9410-7580,드로잉
13602,오민수,24,대전 남구123-45,010-2563-3771,보드게임
13603,한지민,76,서울 덕양구123-45,010-2212-8285,일기 쓰기
13604,강서연,74,청주 일산동구123-45,010-7780-6628,뜨개질
13605,서서연,76,울산 동구123-45,010-8184-9781,웹서핑
13606,한수빈,30,대전 북구123-45,010-8887-2321,카페 투어
13607,윤예은,50,전주 달서구123-45,010-5373-3556,여행
13608,이태윤,33,부산 동구123-45,010-4321-9769,일기 쓰기
13609,임지후,41,성남 남구123-45,010-4575-4915,게임
13610,윤태윤,77,김해 일산동구123-45,010-5974-8222,일기 쓰기
13611,윤지민,68,안산 동구123-45,010-4283-3076,웹서핑
13612,서현우,22,세종 덕양구123-45,010-5677-6888,드로잉
13613,이하은,73,김해 남구123-45,010-2863-3799,뜨개질
13614,강서준,42,성남 동구123-45,010-8601-6569,영화감상
13615,강건우,26,울산 성동구123-45,010-2870-3949,자전거 타기
13616,강서준,73,남양주 북구123-45,010-4119-4450,사진촬영
13617,윤수빈,50,성남 남구123-45,010-5927-5287,뜨개질
13618,오하윤,44,세종 송파구123-45,010-6374-9732,운동
13619,최지안,51,포항 덕양구123-45,010-2967-4942,보드게임
13620,윤서연,57,안산 팔달구123-45,010-4593-3423,요리
13621,신현우,70,울산 해운대구123-45,010-3713-6667,영화감상
13622,이건우,77,서울 기흥구123-45,010-5502-7277,독서
13623,윤현우,28,제주 덕양구123-45,010-3164-4400,일기 쓰기
13624,장지후,48,부산 중구123-45,010-2338-8279,요리
13625,정시우,50,청주 서북구123-45,010-8532-8733,운동
13626,정민수,59,울산 서구123-45,010-8258-7045,게임
13627,서예은,33,대전 달서구123-45,010-3191-4867,뜨개질
13628,한지후,76,서울 성북구123-45,010-6658-9689,일기 쓰기
13629,김시우,70,광주 중구123-45,010-4992-3548,음악감상
13630,박서준,59,수원 강서구123-45,010-3280-5612,일기 쓰기
13631,오태윤,58,김해 분당구123-45,010-4606-9855,음악감상
13632,신예은,74,포항 장유동123-45,010-9993-4366,수영
13633,장예은,26,전주 서북구123-45,010-5837-5375,웹서핑
13634,최시우,61,화성 북구123-45,010-5506-6290,뜨개질
13635,장예은,55,광주 송파구123-45,010-5035-1916,게임
13636,이도윤,46,포항 성북구123-45,010-4079-4759,영화감상
13637,박현우,21,안산 송파구123-45,010-5108-1751,독서
13638,최소율,45,부산 동구123-45,010-7239-1126,영화감상
13639,서소율,31,천안 동구123-45,010-3932-6337,사진촬영
13640,정유진,31,울산 남구123-45,010-3021-9513,음악감상
13641,이하은,69,대구 일산동구123-45,010-7675-1716,뜨개질
13642,한하은,78,창원 강서구123-45,010-2614-3673,보드게임
13643,오예은,39,안양 진해구123-45,010-1891-7608,카페 투어
13644,장하은,67,포항 덕양구123-45,010-2217-5319,등산
13645,이지안,56,안양 일산동구123-45,010-1547-3741,유튜브 보기
13646,서태윤,62,안산 성동구123-45,010-5601-3988,게임
13647,서수빈,23,평택 강남구123-45,010-2031-8487,드로잉
13648,박지원,36,포항 덕진구123-45,010-1436-3600,일기 쓰기
13649,장예은,27,제주 북구123-45,010-1028-5876,일기 쓰기
13650,장지안,51,용인 강남구123-45,010-2463-2093,음악감상
13651,장하윤,51,대전 신제주123-45,010-6072-3007,여행
13652,정지후,39,창원 신제주123-45,010-5511-7747,뜨개질
13653,박은우,46,대전 진해구123-45,010-7487-4599,영화감상
13654,한수빈,46,포항 유성구123-45,010-1136-1516,사진촬영
13655,강서준,55,서울 유성구123-45,010-2102-4863,여행
13656,최건우,36,부산 서북구123-45,010-2408-6657,요리
13657,윤예린,60,전주 덕진구123-45,010-2194-3127,게임
13658,정태윤,67,제주 강남구123-45,010-6316-3523,보드게임
13659,임하은,22,서울 장유동123-45,010-4505-6097,게임
13660,이하은,47,성남 기흥구123-45,010-3857-1730,보드게임
13661,박하은,63,창원 강남구123-45,010-4951-1716,카페 투어
13662,서유진,33,안산 팔달구123-45,010-5835-3880,영화감상
13663,이건우,30,포항 서구123-45,010-5033-6875,영화감상
13664,윤시우,27,안양 강남구123-45,010-4720-4334,드로잉
13665,박민수,33,남양주 성북구123-45,010-1388-1590,웹서핑
13666,한민수,66,안양 기흥구123-45,010-8053-5093,음악감상
13667,신현우,53,안양 해운대구123-45,010-3734-3710,독서
13668,윤민수,66,화성 송파구123-45,010-4927-2341,일기 쓰기
13669,조하은,55,천안 수성구123-45,010-2043-1709,게임
13670,박하윤,64,부산 강남구123-45,010-4466-7400,사진촬영
13671,신민수,28,창원 성북구123-45,010-1792-6314,등산
13672,강하은,54,창원 덕진구123-45,010-8772-5126,수영
13673,박예린,37,울산 강서구123-45,010-5211-4536,수영
13674,김수빈,68,안산 달서구123-45,010-6402-8777,수영
13675,신예린,23,김해 덕진구123-45,010-5455-7367,드로잉
13676,한태윤,68,성남 북구123-45,010-1849-1802,영화감상
13677,윤태윤,26,평택 강서구123-45,010-1323-4504,일기 쓰기
13678,서은우,70,수원 송파구123-45,010-3254-7474,드로잉
13679,임지원,65,고양 성동구123-45,010-2268-8821,요리
13680,한하은,75,남양주 동구123-45,010-1117-6217,유튜브 보기
13681,정은우,40,서울 송파구123-45,010-7109-2085,여행
13682,정현우,30,대구 성동구123-45,010-1012-5938,등산
13683,신태윤,32,수원 분당구123-45,010-1445-1363,음악감상
13684,김소율,73,고양 분당구123-45,010-1600-6187,음악감상
13685,신서준,45,부산 달서구123-45,010-7664-5183,등산
13686,윤지원,31,부산 덕양구123-45,010-7501-3656,웹서핑
13687,임시우,50,청주 서북구123-45,010-3195-2954,사진촬영
13688,신건우,68,안양 덕양구123-45,010-9154-1336,영화감상
13689,김지민,30,광주 서북구123-45,010-2148-3974,유튜브 보기
13690,조시우,74,안산 성동구123-45,010-2146-1085,보드게임
13691,임태윤,20,제주 강남구123-45,010-5631-6218,카페 투어
13692,윤시우,46,창원 장유동123-45,010-7003-7719,요리
13693,조소율,55,고양 성동구123-45,010-3089-6905,등산
13694,한예린,51,평택 강남구123-45,010-8665-8649,유튜브 보기
13695,최도윤,58,부산 서구123-45,010-6159-3355,수영
13696,정서준,53,청주 기흥구123-45,010-4667-5666,여행
13697,임건우,36,서울 일산동구123-45,010-4311-2857,뜨개질
13698,강지원,46,울산 남구123-45,010-1148-6811,등산
13699,조유진,35,수원 달서구123-45,010-3325-2997,유튜브 보기
13700,박소율,29,부산 남구123-45,010-7034-3471,뜨개질
13701,한민수,64,대구 성동구123-45,010-4006-4751,카페 투어
13702,조하은,51,천안 성북구123-45,010-6282-7237,드로잉
13703,강건우,49,전주 유성구123-45,010-1432-1815,영화감상
13704,최예린,72,남양주 동구123-45,010-2824-6471,카페 투어
13705,최지안,29,화성 성북구123-45,010-8662-5240,사진촬영
13706,윤지후,78,김해 팔달구123-45,010-5050-3861,사진촬영
13707,한도윤,70,안산 팔달구123-45,010-2687-6451,유튜브 보기
13708,윤건우,41,대구 북구123-45,010-3821-3666,일기 쓰기
13709,임예린,69,천안 수성구123-45,010-7904-1183,수영
13710,한수빈,22,평택 달서구123-45,010-6574-6356,보드게임
13711,조수빈,47,남양주 강서구123-45,010-8596-3279,사진촬영
13712,장서준,71,수원 일산동구123-45,010-5642-4863,수영
13713,장태윤,53,천안 흥덕구123-45,010-5418-1243,일기 쓰기
13714,이현우,48,울산 서구123-45,010-7733-7362,게임
13715,이지원,60,화성 진해구123-45,010-7030-3412,사진촬영
13716,이지안,55,대전 분당구123-45,010-5037-8607,운동
13717,김건우,33,서울 달서구123-45,010-9957-3515,등산
13718,정지안,56,제주 신제주123-45,010-9079-5559,일기 쓰기
13719,김서연,20,남양주 덕양구123-45,010-3157-9233,자전거 타기
13720,강지안,41,인천 중구123-45,010-7056-5411,여행
13721,한소율,20,화성 진해구123-45,010-7642-6368,카페 투어
13722,윤유진,46,안양 진해구123-45,010-4692-1291,음악감상
13723,김유진,41,인천 남구123-45,010-3281-6096,운동
13724,조현우,37,대구 흥덕구123-45,010-9577-7289,웹서핑
13725,윤지후,64,천안 성북구123-45,010-7655-5906,등산
13726,박건우,78,전주 기흥구123-45,010-5252-9245,수영
13727,이서연,29,제주 분당구123-45,010-7234-6623,웹서핑
13728,서지민,46,창원 신제주123-45,010-9082-5993,요리
13729,조지후,35,세종 북구123-45,010-5550-7505,운동
13730,최유진,27,안산 신제주123-45,010-2039-9774,수영
13731,서태윤,77,부산 장유동123-45,010-6984-3871,등산
13732,오예린,65,세종 송파구123-45,010-3881-9013,운동
13733,임하은,58,안양 장유동123-45,010-5174-5972,웹서핑
13734,한현우,22,전주 달서구123-45,010-6165-1502,뜨개질
13735,임예린,57,김해 덕진구123-45,010-2795-8472,웹서핑
13736,김지안,26,제주 흥덕구123-45,010-8888-6108,영화감상
13737,임은우,61,성남 달서구123-45,010-5742-2157,여행
13738,오도윤,47,안양 분당구123-45,010-1038-7789,사진촬영
13739,한도윤,41,창원 수성구123-45,010-5068-5722,음악감상
13740,신태윤,69,울산 송파구123-45,010-2310-6005,유튜브 보기
13741,신유진,79,안산 성북구123-45,010-5768-6874,웹서핑
13742,정건우,38,포항 남구123-45,010-9739-1499,수영
13743,조건우,53,남양주 북구123-45,010-2961-8189,웹서핑
13744,장서연,38,전주 기흥구123-45,010-8490-2937,드로잉
13745,오민수,74,울산 서구123-45,010-4899-7444,자전거 타기
13746,신민수,71,울산 덕양구123-45,010-1338-1463,드로잉
13747,강예린,32,창원 성북구123-45,010-4075-1712,요리
13748,정지원,61,전주 일산동구123-45,010-2838-1104,유튜브 보기
13749,오유진,76,안양 중구123-45,010-2079-3691,카페 투어
13750,오시우,61,김해 덕양구123-45,010-5812-3019,보드게임
13751,최하은,35,대구 강남구123-45,010-1235-6564,요리
13752,이민수,21,제주 덕진구123-45,010-1825-4977,영화감상
13753,오지민,62,청주 덕진구123-45,010-3852-8638,사진촬영
13754,서민수,58,고양 남구123-45,010-1666-1773,일기 쓰기
13755,장민수,42,대구 서북구123-45,010-8935-9826,영화감상
13756,조예린,79,수원 성북구123-45,010-5059-1998,독서
13757,신지안,44,울산 중구123-45,010-6362-5351,수영
13758,서지원,68,대전 송파구123-45,010-1306-9766,자전거 타기
13759,신건우,37,수원 진해구123-45,010-8201-2775,요리
13760,한하은,31,부산 해운대구123-45,010-5676-6877,카페 투어
13761,이지민,54,성남 중구123-45,010-7585-4860,독서
13762,조도윤,68,대전 송파구123-45,010-1670-5845,카페 투어
13763,이하은,76,남양주 신제주123-45,010-8191-1430,자전거 타기
13764,박도윤,77,대구 덕진구123-45,010-1181-2527,여행
13765,서유진,67,김해 강남구123-45,010-4793-3702,게임
13766,윤지원,45,성남 수성구123-45,010-4061-6524,독서
13767,김소율,62,서울 달서구123-45,010-5131-4078,여행
13768,이태윤,69,안양 일산동구123-45,010-5676-1668,게임
13769,장태윤,21,성남 서북구123-45,010-5394-2613,요리
13770,강하윤,61,인천 서구123-45,010-5846-6657,사진촬영
13771,신민수,48,고양 기흥구123-45,010-3540-6742,요리
13772,임태윤,42,화성 덕진구123-45,010-5562-3916,드로잉
13773,이수빈,74,울산 팔달구123-45,010-9629-1905,등산
13774,정은우,30,수원 일산동구123-45,010-2995-9229,사진촬영
13775,임소율,30,부산 해운대구123-45,010-5842-6415,유튜브 보기
13776,신하은,70,부산 덕양구123-45,010-6375-5230,게임
13777,이유진,67,용인 성동구123-45,010-2264-3553,여행
13778,강서준,53,고양 달서구123-45,010-2307-4568,요리
13779,박예은,24,제주 흥덕구123-45,010-1524-9361,등산
13780,서지후,47,안산 서북구123-45,010-3948-3236,자전거 타기
13781,김건우,72,안산 팔달구123-45,010-7740-4039,게임
13782,서민수,70,포항 일산동구123-45,010-9182-8434,카페 투어
13783,한서준,66,용인 서구123-45,010-6372-4812,자전거 타기
13784,박하윤,26,울산 팔달구123-45,010-4943-1596,자전거 타기
13785,박소율,44,화성 덕양구123-45,010-8026-2649,영화감상
13786,강서연,49,부산 기흥구123-45,010-7084-4091,요리
13787,한예린,39,천안 흥덕구123-45,010-1305-3503,영화감상
13788,서하은,70,성남 기흥구123-45,010-2394-1711,음악감상
13789,신수빈,21,성남 흥덕구123-45,010-1688-3568,보드게임
13790,최하윤,30,수원 덕양구123-45,010-8309-5306,드로잉
13791,이서연,21,울산 남구123-45,010-2539-4907,유튜브 보기
13792,박태윤,77,남양주 달서구123-45,010-3395-9181,드로잉
13793,박민수,49,부산 흥덕구123-45,010-1360-4787,등산
13794,한수빈,72,안산 유성구123-45,010-2521-5584,등산
13795,신예은,38,남양주 남구123-45,010-6195-8769,자전거 타기
13796,장하은,73,김해 기흥구123-45,010-4644-8645,음악감상
13797,임서준,33,안산 동구123-45,010-8576-2036,보드게임
13798,김건우,76,성남 신제주123-45,010-2448-5165,음악감상
13799,최현우,27,안산 송파구123-45,010-2615-4263,뜨개질
13800,정지민,79,화성 중구123-45,010-4667-3713,보드게임
13801,신서준,53,전주 남구123-45,010-3634-4241,카페 투어
13802,서시우,75,남양주 수성구123-45,010-1418-2025,요리
13803,윤하은,64,화성 진해구123-45,010-6352-1373,뜨개질
13804,이지원,35,성남 성동구123-45,010-1290-7263,보드게임
13805,서현우,52,청주 수성구123-45,010-7197-5140,여행
13806,박지민,58,남양주 덕양구123-45,010-1056-3412,음악감상
13807,오건우,48,부산 일산동구123-45,010-4950-2053,카페 투어
13808,윤예은,37,세종 흥덕구123-45,010-5008-9376,운동
13809,신유진,40,광주 남구123-45,010-2529-9131,일기 쓰기
13810,한지민,56,부산 동구123-45,010-7352-8541,보드게임
13811,임지민,45,김해 동구123-45,010-1858-3453,카페 투어
13812,최유진,29,안양 분당구123-45,010-5077-3636,보드게임
13813,강지후,35,포항 분당구123-45,010-8190-2190,뜨개질
13814,조지민,40,고양 강남구123-45,010-3667-5366,자전거 타기
13815,오지후,53,창원 덕양구123-45,010-6282-5535,음악감상
13816,박소율,78,평택 남구123-45,010-7353-7667,영화감상
13817,박서준,42,안양 장유동123-45,010-7876-4727,독서
13818,조서연,53,화성 일산동구123-45,010-6122-9109,사진촬영
13819,임소율,41,천안 강남구123-45,010-4104-6689,웹서핑
13820,한지후,33,수원 서북구123-45,010-4060-4756,여행
13821,최지후,45,안산 덕양구123-45,010-2579-4652,영화감상
13822,이유진,48,포항 신제주123-45,010-4972-8963,카페 투어
13823,신지원,57,수원 북구123-45,010-1730-8116,운동
13824,강도윤,70,화성 달서구123-45,010-1486-2233,수영
13825,정예은,28,안양 덕양구123-45,010-9891-2383,사진촬영
13826,장서연,57,안양 강남구123-45,010-7072-9855,카페 투어
13827,한건우,40,평택 유성구123-45,010-4170-6215,여행
13828,신수빈,77,청주 덕양구123-45,010-7751-1928,드로잉
13829,조지민,30,수원 강남구123-45,010-4236-5070,운동
13830,윤지원,72,화성 서구123-45,010-9576-7987,게임
13831,한건우,20,평택 분당구123-45,010-9262-4124,등산
13832,김현우,74,인천 흥덕구123-45,010-5807-4106,보드게임
13833,이지원,45,울산 강서구123-45,010-3638-5370,드로잉
13834,조태윤,36,안양 중구123-45,010-2466-3757,드로잉
13835,강소율,27,창원 수성구123-45,010-1216-8481,게임
13836,서서연,64,성남 덕진구123-45,010-9974-8606,일기 쓰기
13837,한지원,47,제주 송파구123-45,010-9953-5906,음악감상
13838,박건우,34,전주 북구123-45,010-9632-9374,일기 쓰기
13839,오수빈,78,광주 중구123-45,010-2767-2431,게임
13840,이도윤,32,고양 해운대구123-45,010-6869-7934,일기 쓰기
13841,장예린,69,김해 남구123-45,010-3102-3808,게임
13842,최유진,51,대전 덕진구123-45,010-9953-2710,웹서핑
13843,정지민,65,세종 분당구123-45,010-1787-6086,일기 쓰기
13844,박하윤,22,고양 분당구123-45,010-8706-6400,유튜브 보기
13845,이지안,51,제주 흥덕구123-45,010-3371-8706,사진촬영
13846,김도윤,37,창원 동구123-45,010-7213-3677,유튜브 보기
13847,한태윤,79,창원 성동구123-45,010-9212-3830,요리
13848,임서준,58,부산 동구123-45,010-8303-9981,카페 투어
13849,윤민수,64,전주 기흥구123-45,010-9114-9969,카페 투어
13850,김예은,68,세종 일산동구123-45,010-1260-6155,독서
13851,최서연,70,창원 덕양구123-45,010-1810-8014,카페 투어
13852,한지원,36,고양 덕진구123-45,010-3538-6229,운동
13853,최도윤,38,창원 강남구123-45,010-2513-6933,독서
13854,최지민,70,대구 달서구123-45,010-2774-1063,수영
13855,한도윤,48,울산 진해구123-45,010-5717-7496,사진촬영
13856,신예은,36,대구 팔달구123-45,010-5661-4896,등산
13857,강서준,75,인천 송파구123-45,010-9354-4974,웹서핑
13858,박지민,37,성남 기흥구123-45,010-6267-4754,요리
13859,박수빈,38,성남 신제주123-45,010-1365-6866,드로잉
13860,김지후,29,인천 송파구123-45,010-7214-4470,게임
13861,서시우,24,성남 진해구123-45,010-3251-7900,웹서핑
13862,서시우,47,울산 일산동구123-45,010-1619-6852,영화감상
13863,임지후,48,안양 덕양구123-45,010-7018-5221,음악감상
13864,신지후,76,청주 신제주123-45,010-5111-6942,영화감상
13865,한지민,21,성남 흥덕구123-45,010-4654-4326,운동
13866,조지안,22,포항 강서구123-45,010-5007-3717,일기 쓰기
13867,한유진,30,천안 서북구123-45,010-6076-2625,사진촬영
13868,장도윤,77,전주 강남구123-45,010-4559-8810,일기 쓰기
13869,강태윤,65,대전 강남구123-45,010-2378-8301,독서
13870,김지후,79,인천 달서구123-45,010-7437-4213,요리
13871,조태윤,60,청주 강서구123-45,010-8236-2645,보드게임
13872,신지안,64,창원 중구123-45,010-2902-7536,유튜브 보기
13873,서건우,50,안산 강서구123-45,010-8999-7145,게임
13874,임소율,45,광주 기흥구123-45,010-1054-9171,일기 쓰기
13875,한현우,25,김해 덕진구123-45,010-3792-3355,영화감상
13876,신서연,36,성남 서구123-45,010-2547-4088,요리
13877,장시우,58,대구 서북구123-45,010-4764-6450,일기 쓰기
13878,장서준,26,대구 신제주123-45,010-1067-4928,유튜브 보기
13879,오민수,42,천안 강남구123-45,010-6105-9561,카페 투어
13880,김예은,59,천안 송파구123-45,010-7736-6172,게임
13881,김하윤,74,청주 흥덕구123-45,010-8451-4472,여행
13882,정지민,60,안산 장유동123-45,010-3978-5093,뜨개질
13883,정은우,75,포항 수성구123-45,010-5904-5808,등산
13884,이수빈,43,포항 남구123-45,010-6540-6995,뜨개질
13885,박유진,58,창원 덕진구123-45,010-7203-2274,독서
13886,신예린,52,부산 기흥구123-45,010-1661-9471,사진촬영
13887,한도윤,56,서울 덕진구123-45,010-7979-7144,보드게임
13888,조은우,49,용인 달서구123-45,010-3631-6500,카페 투어
13889,신민수,26,세종 기흥구123-45,010-2229-7657,독서
13890,윤하윤,22,광주 성동구123-45,010-8354-6609,영화감상
13891,최태윤,57,울산 성북구123-45,010-6724-2584,등산
13892,김서연,21,전주 동구123-45,010-5514-8136,영화감상
13893,윤예은,21,세종 성동구123-45,010-2335-5621,일기 쓰기
13894,서예린,78,평택 달서구123-45,010-4827-5858,사진촬영
13895,강수빈,25,인천 달서구123-45,010-7362-8418,운동
13896,서민수,42,성남 유성구123-45,010-5755-7319,자전거 타기
13897,임은우,41,평택 북구123-45,010-3394-5206,영화감상
13898,강소율,55,남양주 성북구123-45,010-6447-3465,보드게임
13899,한예은,73,울산 장유동123-45,010-2180-5900,등산
13900,서서연,46,울산 성북구123-45,010-5523-2969,독서
13901,한은우,64,수원 성동구123-45,010-2414-7420,등산
13902,박수빈,35,청주 성북구123-45,010-2717-4255,자전거 타기
13903,조서준,77,수원 신제주123-45,010-2604-6791,영화감상
13904,신지후,27,평택 서구123-45,010-1354-9741,수영
13905,김민수,51,서울 흥덕구123-45,010-2163-2007,보드게임
13906,서지민,64,서울 덕진구123-45,010-6903-5020,요리
13907,신현우,61,서울 팔달구123-45,010-4585-8355,웹서핑
13908,조예은,26,세종 중구123-45,010-3849-6565,영화감상
13909,오하윤,74,성남 달서구123-45,010-9082-5982,일기 쓰기
13910,이은우,75,서울 진해구123-45,010-3172-6752,독서
13911,서유진,61,전주 신제주123-45,010-8443-8824,웹서핑
13912,임은우,79,광주 성북구123-45,010-4902-6799,수영
13913,장하은,28,울산 유성구123-45,010-5137-1330,유튜브 보기
13914,오현우,44,광주 신제주123-45,010-5220-4250,드로잉
13915,박소율,72,평택 신제주123-45,010-7330-4165,사진촬영
13916,오도윤,62,부산 장유동123-45,010-6547-5380,독서
13917,서시우,63,남양주 일산동구123-45,010-1130-3771,보드게임
13918,이지원,70,남양주 북구123-45,010-9879-5516,게임
13919,정건우,52,대전 수성구123-45,010-1998-5388,음악감상
13920,윤소율,58,세종 수성구123-45,010-6878-7908,요리
13921,신건우,61,화성 해운대구123-45,010-8995-5529,등산
13922,최지후,35,부산 달서구123-45,010-4277-7284,드로잉
13923,이민수,35,전주 달서구123-45,010-1495-9699,뜨개질
13924,신하은,53,남양주 달서구123-45,010-2593-2254,뜨개질
13925,강은우,39,부산 성북구123-45,010-7198-2331,보드게임
13926,조예은,61,대구 팔달구123-45,010-1142-3331,웹서핑
13927,조지안,78,전주 진해구123-45,010-7005-8811,카페 투어
13928,최태윤,33,안산 강남구123-45,010-1219-3564,웹서핑
13929,조민수,77,전주 서북구123-45,010-5570-8875,운동
13930,장시우,25,수원 덕진구123-45,010-2803-3865,수영
13931,윤예은,61,광주 팔달구123-45,010-4241-1172,여행
13932,신건우,23,성남 기흥구123-45,010-6347-7412,독서
13933,김서준,50,전주 강남구123-45,010-3543-7359,뜨개질
13934,서태윤,31,대구 서구123-45,010-4418-7134,보드게임
13935,이지원,27,창원 송파구123-45,010-3817-6733,여행
13936,김건우,58,부산 분당구123-45,010-7939-6415,뜨개질
13937,윤수빈,44,부산 분당구123-45,010-3076-1488,자전거 타기
13938,박서준,39,서울 덕진구123-45,010-6212-3353,뜨개질
13939,이태윤,78,성남 일산동구123-45,010-9878-1416,운동
13940,정지민,76,창원 강서구123-45,010-6786-3157,등산
13941,장태윤,61,남양주 성북구123-45,010-9803-4934,요리
13942,한민수,28,성남 덕양구123-45,010-7010-7475,카페 투어
13943,오지후,48,안산 서구123-45,010-3937-3179,일기 쓰기
13944,한예은,75,세종 북구123-45,010-2976-9494,여행
13945,신민수,54,광주 장유동123-45,010-8115-4640,수영
13946,임태윤,35,김해 신제주123-45,010-4234-7724,뜨개질
13947,장도윤,26,대구 팔달구123-45,010-5336-7183,여행
13948,윤수빈,41,세종 진해구123-45,010-6733-5481,여행
13949,정태윤,75,대전 수성구123-45,010-4772-9752,일기 쓰기
13950,신도윤,20,광주 덕진구123-45,010-9374-2292,일기 쓰기
13951,한지원,44,포항 강서구123-45,010-5717-3092,일기 쓰기
13952,조하은,28,포항 장유동123-45,010-6345-1679,자전거 타기
13953,조서준,32,고양 남구123-45,010-2598-2684,영화감상
13954,한민수,75,인천 해운대구123-45,010-8748-1875,드로잉
13955,한시우,57,인천 팔달구123-45,010-9390-5305,뜨개질
13956,김현우,29,수원 달서구123-45,010-6700-5688,운동
13957,이지후,32,울산 팔달구123-45,010-2321-5357,요리
13958,한소율,72,세종 흥덕구123-45,010-2046-9137,뜨개질
13959,정도윤,35,천안 강서구123-45,010-2661-1496,요리
13960,한유진,79,부산 진해구123-45,010-6214-8772,등산
13961,김예은,69,화성 기흥구123-45,010-4662-4659,카페 투어
13962,윤태윤,67,세종 동구123-45,010-3019-9013,일기 쓰기
13963,임지원,68,남양주 신제주123-45,010-5737-4767,뜨개질
13964,조지원,48,평택 덕진구123-45,010-3744-8235,자전거 타기
13965,장하은,57,김해 분당구123-45,010-2475-3214,영화감상
13966,강예린,31,인천 신제주123-45,010-6018-5408,드로잉
13967,조지민,37,안산 남구123-45,010-5353-4031,운동
13968,한소율,54,안산 달서구123-45,010-1368-4885,뜨개질
13969,신유진,21,전주 장유동123-45,010-5217-3917,카페 투어
13970,신지민,69,안산 유성구123-45,010-7925-8266,음악감상
13971,박건우,22,서울 달서구123-45,010-4151-1400,운동
13972,이도윤,74,대전 성동구123-45,010-4839-3729,드로잉
13973,최지민,37,대전 송파구123-45,010-3641-1633,여행
13974,조예은,65,창원 북구123-45,010-6059-2195,음악감상
13975,정건우,71,안양 수성구123-45,010-4066-8258,보드게임
13976,정지원,20,제주 덕진구123-45,010-1206-6816,일기 쓰기
13977,서서연,48,화성 수성구123-45,010-5097-3731,운동
13978,서예은,43,고양 북구123-45,010-9964-1610,게임
13979,조예린,55,남양주 달서구123-45,010-3098-9956,유튜브 보기
13980,장서연,72,김해 장유동123-45,010-3115-5626,게임
13981,장지안,44,대구 성북구123-45,010-3307-6313,웹서핑
13982,오민수,39,세종 기흥구123-45,010-2624-9665,요리
13983,서도윤,47,대전 북구123-45,010-9383-7584,일기 쓰기
13984,이하윤,77,청주 북구123-45,010-1280-3447,보드게임
13985,장현우,67,창원 분당구123-45,010-6053-8987,보드게임
13986,한예린,56,김해 덕진구123-45,010-3015-9942,자전거 타기
13987,오태윤,79,인천 기흥구123-45,010-3353-2500,여행
13988,이소율,76,세종 덕진구123-45,010-8779-1999,카페 투어
13989,한서연,78,서울 서구123-45,010-2417-6563,웹서핑
13990,임지민,59,제주 일산동구123-45,010-1017-3602,수영
13991,신시우,31,세종 흥덕구123-45,010-5809-2801,유튜브 보기
13992,서지안,62,평택 북구123-45,010-1990-9041,유튜브 보기
13993,조하윤,41,안산 장유동123-45,010-9614-5655,독서
13994,장하윤,76,김해 유성구123-45,010-6343-8237,일기 쓰기
13995,한서연,35,평택 강서구123-45,010-9845-2783,자전거 타기
13996,오예은,52,전주 덕진구123-45,010-6656-6302,카페 투어
13997,임하윤,23,세종 진해구123-45,010-1691-8080,음악감상
13998,박수빈,43,창원 송파구123-45,010-7463-8942,영화감상
13999,신현우,63,인천 북구123-45,010-9694-8549,등산
14000,장지후,21,부산 진해구123-45,010-2121-6014,영화감상
14001,오시우,22,제주 분당구123-45,010-2762-1158,영화감상
14002,조시우,36,인천 송파구123-45,010-2290-9087,유튜브 보기
14003,정지후,38,안산 서구123-45,010-7884-3405,운동
14004,조지후,28,전주 서북구123-45,010-6257-3377,일기 쓰기
14005,신건우,68,수원 남구123-45,010-5306-5945,여행
14006,박건우,30,성남 동구123-45,010-9265-4006,게임
14007,한현우,25,서울 진해구123-45,010-5544-4389,독서
14008,신건우,24,대구 분당구123-45,010-2071-2863,수영
14009,서태윤,34,청주 덕진구123-45,010-4331-5233,여행
14010,강지후,23,전주 달서구123-45,010-3658-4772,일기 쓰기
14011,윤민수,64,안양 강남구123-45,010-5632-1814,웹서핑
14012,강유진,34,세종 중구123-45,010-4637-6679,독서
14013,박예은,36,성남 신제주123-45,010-1749-3317,유튜브 보기
14014,윤현우,21,전주 성동구123-45,010-4343-2193,보드게임
14015,김서연,71,제주 서북구123-45,010-3942-1728,게임
14016,박도윤,58,청주 유성구123-45,010-6395-5771,사진촬영
14017,박지원,54,용인 분당구123-45,010-7768-7999,카페 투어
14018,최현우,45,대구 기흥구123-45,010-1790-2117,독서
14019,이유진,58,포항 흥덕구123-45,010-9633-5379,일기 쓰기
14020,오예린,40,성남 덕진구123-45,010-2311-1049,카페 투어
14021,박태윤,63,남양주 장유동123-45,010-4196-1045,카페 투어
14022,김유진,38,인천 일산동구123-45,010-3769-8823,게임
14023,오수빈,32,전주 진해구123-45,010-4160-4590,자전거 타기
14024,임지후,64,제주 일산동구123-45,010-6490-8466,등산
14025,신예린,69,용인 성동구123-45,010-1673-3728,수영
14026,한지후,62,서울 해운대구123-45,010-6951-5633,음악감상
14027,정지안,54,인천 달서구123-45,010-3581-5082,보드게임
14028,임예은,69,천안 유성구123-45,010-2100-8941,수영
14029,임태윤,26,평택 일산동구123-45,010-6904-8055,드로잉
14030,강건우,23,고양 팔달구123-45,010-4767-3833,게임
14031,최은우,60,제주 팔달구123-45,010-7783-6383,독서
14032,정건우,45,청주 남구123-45,010-1141-8132,요리
14033,서지원,39,광주 기흥구123-45,010-9727-9540,여행
14034,오예린,22,포항 성북구123-45,010-4019-6680,게임
14035,신은우,66,고양 남구123-45,010-3022-5757,수영
14036,한서준,30,용인 흥덕구123-45,010-5214-9429,카페 투어
14037,박예은,52,창원 덕양구123-45,010-2511-4661,뜨개질
14038,이소율,59,고양 진해구123-45,010-1106-2238,웹서핑
14039,신지민,48,부산 팔달구123-45,010-5082-4668,음악감상
14040,김하윤,61,대구 해운대구123-45,010-5517-4266,수영
14041,윤지원,72,화성 서구123-45,010-5761-4939,사진촬영
14042,이서준,50,세종 분당구123-45,010-6492-4002,수영
14043,김지원,70,창원 강서구123-45,010-7115-1620,영화감상
14044,정태윤,73,부산 남구123-45,010-4780-3737,독서
14045,한서연,25,포항 성북구123-45,010-9043-2326,일기 쓰기
14046,조소율,35,부산 서구123-45,010-8009-4510,자전거 타기
14047,강서연,79,안양 덕진구123-45,010-9873-5084,운동
14048,박태윤,40,부산 송파구123-45,010-3633-9514,보드게임
14049,박은우,25,대구 덕진구123-45,010-3759-3814,일기 쓰기
14050,오은우,57,서울 유성구123-45,010-5017-3728,카페 투어
14051,장예린,52,수원 덕양구123-45,010-1172-9037,게임
14052,박서연,48,부산 덕양구123-45,010-2006-6935,사진촬영
14053,최서연,73,제주 달서구123-45,010-1140-8363,게임
14054,이하윤,33,인천 장유동123-45,010-3780-7665,일기 쓰기
14055,강하은,53,김해 진해구123-45,010-3428-5191,유튜브 보기
14056,장하윤,42,김해 성북구123-45,010-7426-2142,등산
14057,서지원,41,제주 해운대구123-45,010-7785-9436,사진촬영
14058,윤건우,48,인천 중구123-45,010-4091-2065,웹서핑
14059,김하윤,22,김해 성동구123-45,010-4889-4226,웹서핑
14060,김시우,46,김해 덕진구123-45,010-2252-2249,드로잉
14061,신은우,28,부산 서북구123-45,010-2592-1466,뜨개질
14062,강예은,47,화성 장유동123-45,010-1108-9639,뜨개질
14063,김하윤,46,세종 분당구123-45,010-7867-4862,유튜브 보기
14064,박지민,20,대구 팔달구123-45,010-6678-6334,음악감상
14065,강하윤,44,천안 유성구123-45,010-2288-6157,영화감상
14066,박예린,37,화성 신제주123-45,010-9824-5141,요리
14067,정서준,71,인천 남구123-45,010-4275-6786,영화감상
14068,최민수,28,인천 수성구123-45,010-6727-4750,웹서핑
14069,임지안,63,인천 신제주123-45,010-3505-1181,웹서핑
14070,서지원,49,용인 덕진구123-45,010-2064-6753,운동
14071,박예린,35,울산 장유동123-45,010-8391-7423,뜨개질
14072,신지안,77,남양주 강남구123-45,010-5023-6816,자전거 타기
14073,정지원,74,광주 서북구123-45,010-2867-9482,보드게임
14074,최현우,30,안산 유성구123-45,010-5482-2700,음악감상
14075,강수빈,79,세종 중구123-45,010-6793-7701,유튜브 보기
14076,강유진,24,세종 분당구123-45,010-6022-4126,게임
14077,이민수,77,세종 북구123-45,010-9670-9971,음악감상
14078,임예은,37,수원 강남구123-45,010-1336-9174,독서
14079,김건우,79,화성 북구123-45,010-2655-6284,운동
14080,김은우,37,김해 강서구123-45,010-1244-4006,사진촬영
14081,조지민,40,천안 서북구123-45,010-2970-3065,게임
14082,강하윤,50,평택 기흥구123-45,010-2944-4103,사진촬영
14083,서현우,42,청주 서구123-45,010-4219-2804,운동
14084,신하윤,64,인천 장유동123-45,010-7113-5753,수영
14085,한건우,62,천안 북구123-45,010-4727-8148,웹서핑
14086,박하윤,53,세종 서구123-45,010-4228-1686,요리
14087,오도윤,34,서울 달서구123-45,010-2859-8700,여행
14088,윤서연,73,화성 서구123-45,010-4045-3167,운동
14089,윤지민,33,포항 성북구123-45,010-3429-5644,자전거 타기
14090,윤하윤,49,고양 덕진구123-45,010-6707-8093,등산
14091,최소율,57,대구 팔달구123-45,010-1481-1077,카페 투어
14092,강시우,51,부산 달서구123-45,010-6361-8320,등산
14093,임서준,39,안산 장유동123-45,010-6701-1409,수영
14094,박지민,64,포항 강남구123-45,010-7964-5994,음악감상
14095,김예린,36,인천 강남구123-45,010-9892-4848,유튜브 보기
14096,임은우,67,천안 유성구123-45,010-9675-4715,웹서핑
14097,한하윤,45,평택 중구123-45,010-3461-7338,보드게임
14098,장예은,36,성남 팔달구123-45,010-7417-2798,보드게임
14099,한유진,67,부산 중구123-45,010-1892-4122,영화감상
14100,서도윤,29,창원 강서구123-45,010-4972-8898,뜨개질
14101,정지후,59,안산 중구123-45,010-8230-6065,자전거 타기
14102,조하윤,74,김해 강남구123-45,010-3081-6881,뜨개질
14103,최지원,54,포항 강서구123-45,010-5721-4518,일기 쓰기
14104,서현우,29,청주 팔달구123-45,010-6301-8147,수영
14105,김태윤,40,화성 서구123-45,010-7129-8188,사진촬영
14106,김서연,21,안양 해운대구123-45,010-3804-2426,일기 쓰기
14107,윤민수,56,평택 수성구123-45,010-1379-6155,등산
14108,임건우,67,고양 강남구123-45,010-2540-8711,보드게임
14109,최예은,22,안양 일산동구123-45,010-9340-9812,영화감상
14110,오예린,51,청주 남구123-45,010-8034-2283,게임
14111,장서연,34,청주 해운대구123-45,010-9234-6888,웹서핑
14112,장유진,59,대전 송파구123-45,010-4939-8110,여행
14113,신지원,55,광주 덕양구123-45,010-4649-1545,게임
14114,서도윤,31,세종 덕진구123-45,010-4515-4106,뜨개질
14115,윤지민,20,광주 강남구123-45,010-9718-5542,등산
14116,조소율,28,대구 흥덕구123-45,010-2808-4831,여행
14117,윤현우,40,전주 해운대구123-45,010-5902-7730,카페 투어
14118,임서연,44,제주 해운대구123-45,010-1127-6520,사진촬영
14119,박은우,66,인천 덕양구123-45,010-2399-1213,사진촬영
14120,박유진,43,서울 진해구123-45,010-5293-6636,유튜브 보기
14121,오지원,69,용인 신제주123-45,010-9085-8681,뜨개질
14122,한지민,75,청주 성동구123-45,010-5047-3349,독서
14123,최지민,64,제주 성동구123-45,010-1605-8733,게임
14124,박예은,56,남양주 분당구123-45,010-5369-7483,카페 투어
14125,최소율,73,성남 해운대구123-45,010-9477-2980,영화감상
14126,한서연,44,대전 송파구123-45,010-9817-9224,영화감상
14127,박하윤,46,대구 성동구123-45,010-1569-4670,일기 쓰기
14128,신하은,39,안산 기흥구123-45,010-3612-7373,카페 투어
14129,최수빈,58,안산 장유동123-45,010-7422-1716,여행
14130,이예린,34,대구 장유동123-45,010-8278-3747,여행
14131,이하윤,63,청주 강서구123-45,010-1585-5095,웹서핑
14132,한은우,51,고양 북구123-45,010-2430-4738,보드게임
14133,오민수,54,전주 송파구123-45,010-1168-2177,게임
14134,서은우,23,인천 해운대구123-45,010-3407-3484,수영
14135,강하은,60,용인 신제주123-45,010-6014-9049,음악감상
14136,서소율,46,창원 해운대구123-45,010-6063-6586,독서
14137,오시우,54,안양 유성구123-45,010-9491-5154,카페 투어
14138,서예은,57,부산 송파구123-45,010-6474-7276,요리
14139,이예린,69,부산 덕양구123-45,010-5585-6844,자전거 타기
14140,조소율,54,포항 장유동123-45,010-8351-6820,자전거 타기
14141,조지원,54,안양 장유동123-45,010-4767-2713,운동
14142,신태윤,25,안산 해운대구123-45,010-3585-8467,수영
14143,서건우,74,전주 북구123-45,010-5088-7760,요리
14144,임소율,68,전주 동구123-45,010-2430-2153,드로잉
14145,오시우,34,포항 수성구123-45,010-2972-5884,자전거 타기
14146,신지민,23,부산 중구123-45,010-8978-7833,여행
14147,박서연,71,창원 덕양구123-45,010-2149-6581,등산
14148,강지후,32,남양주 서북구123-45,010-6340-5034,웹서핑
14149,서민수,21,광주 수성구123-45,010-3914-5436,보드게임
14150,한서연,39,광주 송파구123-45,010-3423-5725,웹서핑
14151,조서준,31,김해 분당구123-45,010-7759-4826,유튜브 보기
14152,강하윤,29,대전 남구123-45,010-4649-1876,등산
14153,정수빈,37,인천 해운대구123-45,010-3465-1409,보드게임
14154,정예린,20,안산 신제주123-45,010-4823-7393,드로잉
14155,서은우,59,부산 북구123-45,010-5206-7521,요리
14156,신지후,61,대전 분당구123-45,010-1757-6370,카페 투어
14157,신지안,20,청주 유성구123-45,010-1865-7043,사진촬영
14158,윤예은,48,울산 진해구123-45,010-3377-5427,웹서핑
14159,박지후,31,울산 강남구123-45,010-5913-8424,영화감상
14160,오서준,62,남양주 서구123-45,010-3200-3635,독서
14161,이은우,31,창원 강남구123-45,010-4419-8849,음악감상
14162,오은우,49,대전 분당구123-45,010-5887-3084,웹서핑
14163,이지안,23,대구 덕양구123-45,010-9066-8032,드로잉
14164,조소율,57,울산 동구123-45,010-1579-2134,등산
14165,김건우,58,울산 장유동123-45,010-6029-5844,요리
14166,최도윤,32,부산 기흥구123-45,010-2984-3891,여행
14167,최소율,79,광주 팔달구123-45,010-2752-1344,드로잉
14168,신소율,38,포항 흥덕구123-45,010-3556-9460,요리
14169,박시우,64,화성 기흥구123-45,010-3432-4477,유튜브 보기
14170,이수빈,69,부산 강남구123-45,010-1900-9114,요리
14171,신소율,23,천안 동구123-45,010-3891-2330,드로잉
14172,조시우,53,고양 강서구123-45,010-5397-2549,웹서핑
14173,최하윤,79,고양 장유동123-45,010-7429-1769,웹서핑
14174,윤지안,35,전주 동구123-45,010-2699-5519,독서
14175,한도윤,34,안양 송파구123-45,010-4931-7228,독서
14176,윤하은,73,대구 남구123-45,010-5196-5001,영화감상
14177,정소율,45,울산 유성구123-45,010-6187-5411,보드게임
14178,신건우,36,제주 기흥구123-45,010-7277-1380,웹서핑
14179,박하은,29,고양 기흥구123-45,010-5224-1015,수영
14180,오건우,76,청주 송파구123-45,010-5419-4688,드로잉
14181,이민수,31,남양주 서북구123-45,010-1937-7898,요리
14182,조지원,38,광주 북구123-45,010-4594-3399,보드게임
14183,한하윤,20,청주 팔달구123-45,010-3418-5635,자전거 타기
14184,윤예린,56,울산 남구123-45,010-2057-7753,드로잉
14185,윤예린,65,포항 진해구123-45,010-1281-9157,요리
14186,오서연,22,천안 분당구123-45,010-2747-3088,요리
14187,강지원,59,울산 수성구123-45,010-5762-7304,수영
14188,임예린,30,부산 동구123-45,010-7005-9773,웹서핑
14189,장태윤,30,인천 신제주123-45,010-4346-2925,사진촬영
14190,신지민,32,용인 송파구123-45,010-3358-1929,게임
14191,강민수,61,화성 해운대구123-45,010-2334-2206,보드게임
14192,임예은,34,청주 서구123-45,010-7689-9132,여행
14193,임서연,48,김해 덕양구123-45,010-9164-2602,여행
14194,한지원,36,남양주 진해구123-45,010-9188-4905,자전거 타기
14195,장현우,24,청주 중구123-45,010-3047-4796,운동
14196,김하은,63,세종 강남구123-45,010-8132-2646,독서
14197,한유진,33,부산 흥덕구123-45,010-7294-3164,운동
14198,한유진,57,용인 덕진구123-45,010-4294-6431,자전거 타기
14199,한예은,66,부산 강남구123-45,010-7414-3499,보드게임
14200,장예린,66,인천 유성구123-45,010-1958-5403,웹서핑
14201,서예린,34,안양 팔달구123-45,010-3666-1251,일기 쓰기
14202,김하은,36,울산 서북구123-45,010-9866-6268,요리
14203,정서연,36,광주 서북구123-45,010-2009-2475,카페 투어
14204,서현우,20,울산 해운대구123-45,010-8391-3227,사진촬영
14205,오지민,43,김해 성북구123-45,010-5039-5310,자전거 타기
14206,조지안,37,대전 신제주123-45,010-7858-9072,여행
14207,강건우,42,대전 성동구123-45,010-8010-6156,카페 투어
14208,신하은,39,인천 강서구123-45,010-9951-9213,독서
14209,박민수,44,고양 서구123-45,010-2005-4223,보드게임
14210,임지민,32,서울 강남구123-45,010-1892-4307,자전거 타기
14211,오지후,31,천안 유성구123-45,010-3423-1942,일기 쓰기
14212,최하은,64,세종 기흥구123-45,010-5758-7890,영화감상
14213,신서준,68,용인 진해구123-45,010-4989-7676,뜨개질
14214,정예린,65,서울 성북구123-45,010-1354-9404,카페 투어
14215,윤태윤,25,안산 북구123-45,010-9858-7736,운동
14216,한하윤,62,청주 수성구123-45,010-2532-4594,등산
14217,오하은,65,세종 진해구123-45,010-8245-5789,게임
14218,최서준,36,안양 강서구123-45,010-4531-3532,뜨개질
14219,최건우,70,세종 달서구123-45,010-5754-6412,일기 쓰기
14220,임지후,31,김해 성북구123-45,010-8826-6325,뜨개질
14221,김서연,53,대전 기흥구123-45,010-1398-6956,자전거 타기
14222,최서연,20,청주 진해구123-45,010-3238-5364,요리
14223,한지후,31,평택 성북구123-45,010-4847-4880,여행
14224,정하은,21,울산 수성구123-45,010-2254-1658,운동
14225,강하윤,65,화성 덕양구123-45,010-3600-5072,게임
14226,강태윤,70,부산 기흥구123-45,010-2661-7538,요리
14227,윤지원,64,용인 강서구123-45,010-4008-8485,자전거 타기
14228,강지원,69,청주 흥덕구123-45,010-6569-1371,일기 쓰기
14229,조태윤,57,부산 일산동구123-45,010-4908-7232,게임
14230,이태윤,62,김해 서구123-45,010-9815-8734,운동
14231,조태윤,21,대구 기흥구123-45,010-1943-1610,사진촬영
14232,윤예은,35,대구 강서구123-45,010-6284-4974,드로잉
14233,임지후,32,전주 서북구123-45,010-3672-2805,요리
14234,강민수,20,포항 북구123-45,010-6548-2834,뜨개질
14235,장은우,73,세종 서구123-45,010-5651-2377,보드게임
14236,정예은,31,서울 강남구123-45,010-1813-6484,음악감상
14237,최태윤,32,울산 강남구123-45,010-3310-8431,카페 투어
14238,임지민,40,서울 장유동123-45,010-6772-8452,자전거 타기
14239,신건우,69,안산 중구123-45,010-8500-8640,수영
14240,오건우,32,포항 해운대구123-45,010-4406-6653,카페 투어
14241,한시우,47,서울 서구123-45,010-5140-6414,보드게임
14242,김도윤,73,전주 장유동123-45,010-7535-5245,운동
14243,신태윤,33,대전 분당구123-45,010-2459-4457,일기 쓰기
14244,박서준,63,전주 강서구123-45,010-4070-6504,유튜브 보기
14245,정수빈,38,안양 분당구123-45,010-7244-8865,수영
14246,오시우,76,서울 송파구123-45,010-5182-9838,게임
14247,박은우,25,전주 서북구123-45,010-5790-9458,일기 쓰기
14248,윤서연,21,대전 덕양구123-45,010-9252-5495,사진촬영
14249,한지후,37,안산 진해구123-45,010-8837-1866,요리
14250,한은우,77,세종 덕진구123-45,010-3655-7052,게임
14251,이지안,49,안양 달서구123-45,010-8358-8939,독서
14252,장예은,20,대전 유성구123-45,010-3930-9120,유튜브 보기
14253,김시우,35,광주 강남구123-45,010-1966-1999,카페 투어
14254,임지후,20,부산 신제주123-45,010-8731-8290,드로잉
14255,서하은,25,평택 송파구123-45,010-4395-3238,음악감상
14256,김서준,48,남양주 동구123-45,010-4143-2612,일기 쓰기
14257,강지안,30,세종 해운대구123-45,010-1745-8817,독서
14258,신지원,41,서울 수성구123-45,010-6786-8614,게임
14259,신지원,56,대전 동구123-45,010-8662-8425,일기 쓰기
14260,신은우,39,남양주 남구123-45,010-5835-8171,수영
14261,박시우,68,청주 분당구123-45,010-7117-4144,유튜브 보기
14262,정지안,47,안양 달서구123-45,010-1493-3362,사진촬영
14263,김하윤,27,포항 기흥구123-45,010-1053-5542,게임
14264,박은우,71,남양주 성북구123-45,010-7478-9036,드로잉
14265,서수빈,74,광주 성북구123-45,010-9162-1003,자전거 타기
14266,이건우,36,안산 남구123-45,010-6658-6140,뜨개질
14267,이민수,38,포항 남구123-45,010-8298-6131,독서
14268,강하윤,41,울산 달서구123-45,010-6144-4881,음악감상
14269,정하윤,44,울산 기흥구123-45,010-1488-6228,드로잉
14270,오예린,74,세종 진해구123-45,010-5155-7757,유튜브 보기
14271,조서연,57,천안 강남구123-45,010-5651-7240,음악감상
14272,조은우,69,세종 수성구123-45,010-3273-1416,유튜브 보기
14273,조지민,70,인천 수성구123-45,010-9071-7081,음악감상
14274,박서준,70,서울 성북구123-45,010-8686-2524,여행
14275,서유진,44,평택 수성구123-45,010-8042-3655,여행
14276,조수빈,39,김해 성북구123-45,010-8601-2090,독서
14277,윤서준,75,평택 동구123-45,010-7951-3331,여행
14278,한지후,79,광주 중구123-45,010-3789-6259,독서
14279,오유진,22,대전 동구123-45,010-5925-2663,뜨개질
14280,임유진,51,인천 달서구123-45,010-3464-5551,유튜브 보기
14281,오현우,65,인천 성북구123-45,010-5537-4018,일기 쓰기
14282,한서연,43,남양주 신제주123-45,010-5831-5512,자전거 타기
14283,조하윤,20,울산 북구123-45,010-9590-6751,여행
14284,강은우,20,남양주 서구123-45,010-7030-1719,자전거 타기
14285,강소율,54,화성 강서구123-45,010-8531-1150,자전거 타기
14286,이소율,56,성남 분당구123-45,010-4316-5804,여행
14287,박지후,50,남양주 덕양구123-45,010-3460-9680,유튜브 보기
14288,장태윤,72,포항 분당구123-45,010-1068-7786,드로잉
14289,박유진,27,광주 강남구123-45,010-6774-2470,등산
14290,조지원,31,안양 수성구123-45,010-3507-9695,사진촬영
14291,강지후,60,안산 팔달구123-45,010-1487-8714,여행
14292,강민수,57,성남 덕진구123-45,010-8408-9143,운동
14293,조하은,40,청주 수성구123-45,010-1635-6996,등산
14294,윤은우,36,대구 덕양구123-45,010-5574-5945,운동
14295,오수빈,42,포항 강서구123-45,010-9759-7853,카페 투어
14296,정태윤,72,대전 성북구123-45,010-2251-6919,유튜브 보기
14297,강수빈,56,화성 송파구123-45,010-4616-8942,운동
14298,신은우,39,광주 동구123-45,010-6212-4818,등산
14299,임도윤,52,대구 동구123-45,010-6660-3064,음악감상
14300,장지후,60,수원 서구123-45,010-9094-8282,운동
14301,김유진,45,인천 흥덕구123-45,010-8519-2797,유튜브 보기
14302,임예은,20,대구 분당구123-45,010-5485-2081,음악감상
14303,이건우,29,용인 흥덕구123-45,010-5174-8589,카페 투어
14304,장지후,47,청주 강남구123-45,010-5799-6600,수영
14305,오하윤,69,대구 수성구123-45,010-1510-4552,자전거 타기
14306,이현우,30,남양주 중구123-45,010-5289-6007,게임
14307,서지후,26,평택 팔달구123-45,010-4653-3634,독서
14308,한지후,67,창원 덕양구123-45,010-1296-4513,자전거 타기
14309,서유진,77,안산 성동구123-45,010-3823-7401,드로잉
14310,조서준,31,청주 성북구123-45,010-6121-5300,웹서핑
14311,서하윤,31,포항 일산동구123-45,010-6977-3680,뜨개질
14312,정하은,57,안양 북구123-45,010-3112-3092,사진촬영
14313,조예은,37,세종 강서구123-45,010-7288-1574,요리
14314,조하은,69,수원 서북구123-45,010-4539-6240,게임
14315,정유진,52,안산 일산동구123-45,010-9394-1406,뜨개질
14316,강지민,33,고양 달서구123-45,010-2607-8754,일기 쓰기
14317,김하은,72,천안 분당구123-45,010-5571-2737,사진촬영
14318,조지원,68,창원 서구123-45,010-7936-7771,등산
14319,서하은,56,남양주 진해구123-45,010-1985-7766,운동
14320,정하윤,39,울산 달서구123-45,010-7740-5811,게임
14321,신시우,64,천안 달서구123-45,010-3167-2360,웹서핑
14322,정도윤,50,청주 강서구123-45,010-1072-5876,뜨개질
14323,박예은,49,남양주 장유동123-45,010-6196-1214,카페 투어
14324,장도윤,63,인천 성동구123-45,010-7769-5847,유튜브 보기
14325,서은우,39,서울 흥덕구123-45,010-3172-5115,일기 쓰기
14326,박하윤,46,안양 신제주123-45,010-7236-3277,자전거 타기
14327,박은우,21,청주 수성구123-45,010-4236-9408,독서
14328,임서연,52,수원 동구123-45,010-2085-8486,드로잉
14329,윤수빈,54,안양 강남구123-45,010-7978-6948,자전거 타기
14330,박지민,47,고양 덕진구123-45,010-2618-9428,게임
14331,이유진,69,김해 신제주123-45,010-6450-3042,여행
14332,윤하은,51,전주 북구123-45,010-7376-2783,웹서핑
14333,장도윤,49,청주 수성구123-45,010-3113-8002,일기 쓰기
14334,신서연,74,대구 강남구123-45,010-4476-4522,자전거 타기
14335,신태윤,61,천안 팔달구123-45,010-9548-2013,카페 투어
14336,장소율,40,안양 덕진구123-45,010-2930-8300,유튜브 보기
14337,조태윤,52,천안 서북구123-45,010-6169-8692,수영
14338,신지후,23,포항 흥덕구123-45,010-5592-2486,등산
14339,조지안,48,전주 기흥구123-45,010-7004-2720,드로잉
14340,서서연,27,인천 남구123-45,010-2635-3099,자전거 타기
14341,임시우,50,부산 팔달구123-45,010-9570-3939,요리
14342,김수빈,66,부산 유성구123-45,010-8192-5290,뜨개질
14343,이지원,68,울산 수성구123-45,010-2425-7605,일기 쓰기
14344,신시우,48,부산 동구123-45,010-1676-4749,수영
14345,장건우,37,세종 강서구123-45,010-7572-1863,게임
14346,최소율,42,전주 동구123-45,010-5491-7564,자전거 타기
14347,한소율,39,안양 유성구123-45,010-1250-2770,운동
14348,강지민,30,고양 신제주123-45,010-2139-4785,독서
14349,박하은,39,세종 남구123-45,010-7800-7623,요리
14350,최예린,21,고양 흥덕구123-45,010-9841-3517,운동
14351,강예린,74,부산 팔달구123-45,010-4985-1592,등산
14352,장소율,26,창원 서구123-45,010-8641-7249,웹서핑
14353,신건우,29,성남 기흥구123-45,010-2404-3581,유튜브 보기
14354,한서연,53,포항 서구123-45,010-8425-7021,게임
14355,신지민,21,안양 강남구123-45,010-4733-5487,운동
14356,조지후,20,수원 일산동구123-45,010-9630-4915,일기 쓰기
14357,윤지안,23,세종 흥덕구123-45,010-8441-5135,보드게임
14358,윤수빈,31,성남 분당구123-45,010-2493-1988,보드게임
14359,신건우,40,남양주 덕양구123-45,010-4966-5303,게임
14360,박하윤,36,수원 유성구123-45,010-3691-3064,웹서핑
14361,강지민,24,화성 동구123-45,010-9496-8118,드로잉
14362,박하은,23,부산 성북구123-45,010-6660-2834,음악감상
14363,장현우,54,안양 기흥구123-45,010-6916-7623,요리
14364,이시우,22,창원 북구123-45,010-6702-7944,독서
14365,서지안,74,서울 덕양구123-45,010-2519-5402,보드게임
14366,윤민수,72,천안 동구123-45,010-7838-4406,독서
14367,오지원,32,대구 성북구123-45,010-9719-3841,요리
14368,한서준,58,부산 덕진구123-45,010-6145-4843,보드게임
14369,강지후,43,청주 기흥구123-45,010-7528-8827,카페 투어
14370,박하은,72,대전 북구123-45,010-6307-4361,수영
14371,장서준,66,화성 진해구123-45,010-2807-1779,등산
14372,오민수,71,성남 성북구123-45,010-3563-7713,드로잉
14373,한시우,72,대구 수성구123-45,010-9674-3505,영화감상
14374,이서준,29,김해 일산동구123-45,010-4180-4555,일기 쓰기
14375,서예은,28,고양 기흥구123-45,010-6980-9534,운동
14376,정하윤,46,인천 일산동구123-45,010-1635-3081,게임
14377,조지민,73,안산 장유동123-45,010-8868-5747,뜨개질
14378,강은우,40,부산 진해구123-45,010-5399-7116,여행
14379,신지후,50,평택 중구123-45,010-3103-9170,자전거 타기
14380,이서준,71,청주 송파구123-45,010-2339-8677,웹서핑
14381,윤서연,29,화성 덕진구123-45,010-2928-5138,보드게임
14382,윤민수,49,전주 팔달구123-45,010-9973-6140,게임
14383,장민수,44,고양 유성구123-45,010-6638-1022,등산
14384,오태윤,58,울산 강서구123-45,010-3714-3963,자전거 타기
14385,이태윤,74,인천 북구123-45,010-1197-1230,뜨개질
14386,박도윤,63,포항 서구123-45,010-1046-2458,웹서핑
14387,이수빈,61,울산 서북구123-45,010-2114-4396,독서
14388,김수빈,58,김해 덕양구123-45,010-1704-4675,등산
14389,신도윤,66,용인 중구123-45,010-1923-2847,유튜브 보기
14390,서도윤,52,안양 성동구123-45,010-9291-6175,영화감상
14391,조현우,38,성남 동구123-45,010-8660-2866,요리
14392,윤현우,25,안산 일산동구123-45,010-9549-3751,사진촬영
14393,박지민,34,안양 남구123-45,010-9114-7549,게임
14394,이도윤,26,화성 북구123-45,010-6746-1364,수영
14395,박시우,75,청주 일산동구123-45,010-2234-5441,자전거 타기
14396,임민수,49,화성 송파구123-45,010-9553-3398,음악감상
14397,장지민,66,고양 남구123-45,010-6682-4863,일기 쓰기
14398,임민수,38,안양 덕진구123-45,010-9053-2598,수영
14399,조건우,36,광주 성동구123-45,010-8166-5937,운동
14400,서하은,71,부산 분당구123-45,010-3156-9327,수영
14401,한지안,50,세종 분당구123-45,010-8067-5822,카페 투어
14402,강예린,64,화성 진해구123-45,010-4146-4192,운동
14403,정태윤,45,안산 송파구123-45,010-3542-8137,일기 쓰기
14404,한수빈,27,대전 팔달구123-45,010-9094-4451,요리
14405,한지후,45,창원 남구123-45,010-4077-6963,독서
14406,정지안,40,대전 팔달구123-45,010-2331-9729,영화감상
14407,장지민,57,수원 성동구123-45,010-5124-4563,게임
14408,최태윤,68,서울 수성구123-45,010-8703-7954,보드게임
14409,윤도윤,33,인천 동구123-45,010-2120-2555,자전거 타기
14410,오건우,25,창원 흥덕구123-45,010-6743-3224,요리
14411,오시우,57,용인 달서구123-45,010-1967-3469,드로잉
14412,윤수빈,60,청주 해운대구123-45,010-3151-6524,음악감상
14413,임지후,60,수원 달서구123-45,010-5668-2609,일기 쓰기
14414,이건우,41,포항 진해구123-45,010-1814-4966,사진촬영
14415,박은우,49,청주 성동구123-45,010-6190-4384,등산
14416,윤현우,73,김해 장유동123-45,010-1207-5816,카페 투어
14417,박하은,27,서울 수성구123-45,010-2026-2636,사진촬영
14418,윤민수,22,용인 송파구123-45,010-2647-5283,보드게임
14419,김하은,57,광주 유성구123-45,010-1515-2036,독서
14420,조현우,72,대전 동구123-45,010-4469-3456,웹서핑
14421,한유진,58,성남 진해구123-45,010-7328-4883,유튜브 보기
14422,윤지민,29,대구 서구123-45,010-6340-8399,드로잉
14423,정서준,57,안산 성동구123-45,010-8797-6193,수영
14424,장수빈,41,용인 신제주123-45,010-7370-5642,웹서핑
14425,오하윤,48,화성 기흥구123-45,010-9312-9335,요리
14426,윤예은,22,포항 일산동구123-45,010-2124-9114,여행
14427,조서준,37,세종 유성구123-45,010-6420-3822,영화감상
14428,서은우,36,창원 북구123-45,010-9407-5471,게임
14429,박시우,51,남양주 기흥구123-45,010-3312-4712,요리
14430,임유진,40,세종 성북구123-45,010-4831-6427,카페 투어
14431,윤태윤,20,성남 송파구123-45,010-1600-3397,등산
14432,정도윤,72,남양주 송파구123-45,010-5443-7847,사진촬영
14433,박서연,37,전주 진해구123-45,010-7730-1238,여행
14434,오하은,25,청주 동구123-45,010-4821-2843,게임
14435,신현우,43,용인 북구123-45,010-2689-4660,자전거 타기
14436,강예은,23,용인 강남구123-45,010-4405-9641,일기 쓰기
14437,임태윤,31,고양 중구123-45,010-1028-9408,사진촬영
14438,윤하윤,63,대전 해운대구123-45,010-2591-4370,영화감상
14439,조하윤,34,성남 해운대구123-45,010-2568-5788,사진촬영
14440,임소율,55,대구 북구123-45,010-4823-5463,영화감상
14441,정지민,69,제주 기흥구123-45,010-4576-2152,웹서핑
14442,최유진,59,성남 기흥구123-45,010-9467-3216,유튜브 보기
14443,임건우,61,창원 달서구123-45,010-1019-7765,운동
14444,오서준,73,창원 기흥구123-45,010-3824-5655,자전거 타기
14445,최유진,78,제주 강서구123-45,010-6269-6668,유튜브 보기
14446,최시우,21,안양 중구123-45,010-5842-6629,웹서핑
14447,윤하윤,47,청주 분당구123-45,010-3587-6774,자전거 타기
14448,최지후,45,세종 유성구123-45,010-6831-8602,독서
14449,김지민,76,김해 덕양구123-45,010-4835-5429,웹서핑
14450,오현우,73,성남 해운대구123-45,010-6708-4824,유튜브 보기
14451,신하윤,34,포항 팔달구123-45,010-2184-2505,수영
14452,이지원,26,울산 기흥구123-45,010-5638-7888,음악감상
14453,신서연,21,화성 신제주123-45,010-3370-9571,보드게임
14454,정은우,74,천안 팔달구123-45,010-5122-6290,유튜브 보기
14455,윤지후,28,포항 서북구123-45,010-7859-7148,자전거 타기
14456,정소율,34,울산 서구123-45,010-2868-3833,등산
14457,정지안,22,대전 중구123-45,010-3570-2805,자전거 타기
14458,장은우,77,안산 해운대구123-45,010-4274-3179,영화감상
14459,오민수,66,울산 달서구123-45,010-4650-1096,독서
14460,한민수,43,화성 서구123-45,010-6209-9260,사진촬영
14461,최지안,27,화성 남구123-45,010-9659-5813,요리
14462,신예린,27,울산 팔달구123-45,010-6654-1987,사진촬영
14463,윤태윤,60,안양 덕진구123-45,010-1503-3549,독서
14464,조태윤,34,화성 해운대구123-45,010-3949-4498,여행
14465,윤은우,64,김해 서북구123-45,010-8997-1705,자전거 타기
14466,최지후,21,화성 강남구123-45,010-1812-7642,웹서핑
14467,임예은,25,세종 진해구123-45,010-9193-1906,음악감상
14468,조도윤,23,전주 남구123-45,010-9976-9379,등산
14469,서건우,60,포항 수성구123-45,010-6240-5938,수영
14470,김하윤,54,고양 수성구123-45,010-4206-1576,뜨개질
14471,장서연,35,부산 동구123-45,010-1791-8305,웹서핑
14472,박지안,37,세종 북구123-45,010-4011-6167,일기 쓰기
14473,윤은우,69,세종 유성구123-45,010-7180-2864,음악감상
14474,김지후,53,부산 서북구123-45,010-3819-7956,독서
14475,박지원,24,고양 강남구123-45,010-2739-2384,일기 쓰기
14476,한수빈,58,서울 흥덕구123-45,010-1068-6934,여행
14477,윤소율,57,고양 강서구123-45,010-7905-6643,독서
14478,최지안,57,천안 서구123-45,010-4003-3687,자전거 타기
14479,조지후,45,창원 유성구123-45,010-1308-3288,게임
14480,최태윤,32,성남 강서구123-45,010-8300-6720,영화감상
14481,서은우,65,화성 남구123-45,010-3104-5402,독서
14482,장하윤,51,울산 동구123-45,010-9942-7713,사진촬영
14483,이도윤,58,천안 진해구123-45,010-9834-4129,게임
14484,한은우,48,용인 남구123-45,010-7692-1532,음악감상
14485,장서준,25,대전 남구123-45,010-7295-3007,보드게임
14486,이현우,39,인천 동구123-45,010-8115-1410,뜨개질
14487,정서연,43,수원 진해구123-45,010-5789-4059,사진촬영
14488,최수빈,34,천안 흥덕구123-45,010-7522-5651,요리
14489,강민수,24,포항 분당구123-45,010-9831-3592,등산
14490,박지민,37,안양 성동구123-45,010-4140-2425,게임
14491,김예린,51,대구 흥덕구123-45,010-5173-3894,일기 쓰기
14492,강소율,34,수원 성동구123-45,010-2440-9861,뜨개질
14493,오소율,28,평택 덕진구123-45,010-7665-6494,영화감상
14494,최예은,29,고양 덕양구123-45,010-5464-8144,음악감상
14495,최서연,43,김해 서구123-45,010-1354-7257,뜨개질
14496,조시우,23,대구 강남구123-45,010-6924-9146,요리
14497,윤수빈,43,창원 장유동123-45,010-8580-5552,게임
14498,서지안,78,용인 흥덕구123-45,010-6600-1453,요리
14499,강현우,60,창원 서북구123-45,010-7532-9741,드로잉
14500,한현우,42,남양주 흥덕구123-45,010-1288-7762,등산
14501,윤지원,74,수원 남구123-45,010-7423-3880,보드게임
14502,이건우,21,부산 북구123-45,010-7122-2209,등산
14503,이예은,23,안양 서구123-45,010-2739-1442,자전거 타기
14504,임시우,76,김해 일산동구123-45,010-9442-7700,일기 쓰기
14505,임민수,41,용인 덕양구123-45,010-3412-8788,보드게임
14506,강건우,66,안양 일산동구123-45,010-4511-6772,뜨개질
14507,정하은,75,세종 진해구123-45,010-9607-9424,독서
14508,정지민,31,안양 서구123-45,010-9596-8689,등산
14509,조하윤,56,수원 성동구123-45,010-6594-6630,수영
14510,조도윤,45,인천 덕진구123-45,010-4543-6006,요리
14511,윤하윤,59,수원 팔달구123-45,010-5064-1254,보드게임
14512,최민수,59,서울 송파구123-45,010-8093-4961,뜨개질
14513,임지원,62,제주 성북구123-45,010-8312-9188,등산
14514,장현우,26,전주 서구123-45,010-9059-6510,음악감상
14515,강서연,26,포항 수성구123-45,010-3175-7774,일기 쓰기
14516,신유진,34,광주 강남구123-45,010-1573-6484,뜨개질
14517,조하은,24,고양 서북구123-45,010-1048-4054,유튜브 보기
14518,장예은,44,대전 중구123-45,010-6265-3621,게임
14519,이지안,41,천안 기흥구123-45,010-5066-4254,보드게임
14520,서은우,34,김해 동구123-45,010-9044-2962,운동
14521,윤하은,62,천안 분당구123-45,010-9345-4254,사진촬영
14522,신하윤,29,김해 동구123-45,010-9970-8411,등산
14523,장유진,76,김해 덕진구123-45,010-7931-4775,웹서핑
14524,오태윤,24,화성 남구123-45,010-3810-5602,자전거 타기
14525,이예린,60,안산 중구123-45,010-5579-1850,영화감상
14526,한서연,47,고양 장유동123-45,010-9511-5224,음악감상
14527,신서연,63,인천 흥덕구123-45,010-1096-3849,카페 투어
14528,이예린,64,인천 강서구123-45,010-2079-5350,음악감상
14529,윤서연,42,인천 수성구123-45,010-8958-2108,음악감상
14530,정태윤,75,천안 흥덕구123-45,010-4359-3836,여행
14531,윤지민,50,청주 팔달구123-45,010-3419-5260,뜨개질
14532,신지민,30,창원 서구123-45,010-2051-8884,수영
14533,김태윤,44,화성 강남구123-45,010-7059-7330,요리
14534,장건우,40,화성 진해구123-45,010-4817-4598,뜨개질
14535,박소율,76,안산 진해구123-45,010-4659-4063,운동
14536,강하은,74,전주 수성구123-45,010-5598-2621,여행
14537,정은우,69,인천 진해구123-45,010-4752-6021,드로잉
14538,최현우,72,평택 중구123-45,010-5023-9528,유튜브 보기
14539,최하윤,50,수원 강남구123-45,010-3567-5979,드로잉
14540,박소율,67,광주 해운대구123-45,010-4888-6017,사진촬영
14541,최지원,30,용인 덕양구123-45,010-5510-4956,자전거 타기
14542,윤은우,69,청주 송파구123-45,010-7408-8680,독서
14543,조은우,45,안양 남구123-45,010-8337-7304,자전거 타기
14544,한예린,75,평택 북구123-45,010-6154-9959,게임
14545,윤지원,23,안양 장유동123-45,010-8173-6113,운동
14546,임하윤,20,부산 중구123-45,010-6540-2079,요리
14547,한예은,74,천안 강남구123-45,010-2688-2766,등산
14548,이하윤,60,김해 흥덕구123-45,010-7762-5608,드로잉
14549,장시우,44,창원 서북구123-45,010-5110-5274,웹서핑
14550,임서연,53,용인 유성구123-45,010-7818-8021,음악감상
14551,장유진,48,울산 서구123-45,010-2404-5365,사진촬영
14552,신예은,67,수원 동구123-45,010-4146-8861,일기 쓰기
14553,정건우,48,세종 서구123-45,010-2055-8888,영화감상
14554,서태윤,68,김해 북구123-45,010-6940-4001,유튜브 보기
14555,장건우,38,청주 강남구123-45,010-3173-7837,운동
14556,최지민,31,제주 북구123-45,010-9568-6348,보드게임
14557,신지원,21,제주 신제주123-45,010-6578-4979,뜨개질
14558,김하은,45,청주 서북구123-45,010-6505-9557,요리
14559,신지안,59,부산 팔달구123-45,010-3211-6421,수영
14560,오유진,38,제주 신제주123-45,010-7358-2973,요리
14561,강지후,69,성남 덕진구123-45,010-6845-1235,게임
14562,강서준,35,용인 분당구123-45,010-9106-3423,독서
14563,이서연,72,광주 해운대구123-45,010-5102-1558,운동
14564,이예은,62,제주 수성구123-45,010-5746-2074,보드게임
14565,이지안,29,서울 장유동123-45,010-5090-8152,등산
14566,오도윤,76,화성 송파구123-45,010-8773-3840,보드게임
14567,이하윤,21,전주 팔달구123-45,010-1726-5496,일기 쓰기
14568,조서연,48,세종 수성구123-45,010-3958-6561,영화감상
14569,오현우,49,제주 덕진구123-45,010-2144-7657,자전거 타기
14570,신소율,70,대전 성북구123-45,010-8531-5552,운동
14571,조유진,34,천안 해운대구123-45,010-1867-5147,영화감상
14572,한서준,72,수원 장유동123-45,010-4889-3012,카페 투어
14573,장태윤,65,부산 성북구123-45,010-3902-5719,여행
14574,윤현우,69,고양 성북구123-45,010-6076-4270,수영
14575,임현우,78,용인 유성구123-45,010-4606-4999,카페 투어
14576,서태윤,42,김해 강서구123-45,010-1731-2041,사진촬영
14577,신지안,32,남양주 신제주123-45,010-8398-9274,드로잉
14578,신하윤,51,부산 기흥구123-45,010-8097-1748,영화감상
14579,오예린,39,창원 장유동123-45,010-8317-2203,유튜브 보기
14580,강서연,22,대구 중구123-45,010-1739-6233,일기 쓰기
14581,장지안,31,안양 남구123-45,010-1423-1762,일기 쓰기
14582,장수빈,23,대전 송파구123-45,010-3720-3936,영화감상
14583,이예린,27,대구 덕진구123-45,010-9281-5720,여행
14584,정태윤,79,광주 신제주123-45,010-4307-3675,여행
14585,한서연,50,대전 분당구123-45,010-2673-9359,등산
14586,정은우,52,화성 해운대구123-45,010-9066-2291,뜨개질
14587,신예린,71,용인 남구123-45,010-8843-4942,게임
14588,윤지원,62,대전 분당구123-45,010-4890-1425,영화감상
14589,임소율,37,수원 팔달구123-45,010-9908-1976,사진촬영
14590,정지안,31,용인 해운대구123-45,010-5392-4005,게임
14591,이하윤,47,인천 동구123-45,010-4410-1069,영화감상
14592,신지안,27,수원 팔달구123-45,010-4008-9345,카페 투어
14593,강서준,28,천안 성동구123-45,010-4720-7030,등산
14594,임서연,36,광주 중구123-45,010-2785-1774,자전거 타기
14595,박지안,74,서울 유성구123-45,010-6757-2733,요리
14596,한건우,42,성남 성북구123-45,010-3318-2964,사진촬영
14597,윤하윤,47,대전 서북구123-45,010-9765-4673,자전거 타기
14598,장시우,75,대구 강남구123-45,010-9932-4029,수영
14599,정건우,54,광주 팔달구123-45,010-7958-9837,드로잉
14600,오유진,75,대전 해운대구123-45,010-1234-3082,카페 투어
14601,임은우,49,포항 신제주123-45,010-7068-8793,드로잉
14602,장은우,75,안양 장유동123-45,010-2051-2172,여행
14603,김수빈,25,제주 신제주123-45,010-1220-2023,뜨개질
14604,최유진,45,창원 팔달구123-45,010-8845-3771,카페 투어
14605,장예은,47,광주 중구123-45,010-7483-9782,독서
14606,이건우,78,평택 서북구123-45,010-6261-8409,뜨개질
14607,최예은,56,세종 서북구123-45,010-6046-7433,독서
14608,김소율,29,용인 북구123-45,010-3767-3302,여행
14609,박소율,37,평택 신제주123-45,010-5699-4767,요리
14610,김하은,58,천안 기흥구123-45,010-7210-6381,드로잉
14611,신소율,47,전주 팔달구123-45,010-1310-1180,웹서핑
14612,신유진,48,제주 동구123-45,010-7217-3453,뜨개질
14613,최도윤,55,용인 성동구123-45,010-7237-3382,유튜브 보기
14614,한서연,28,안산 해운대구123-45,010-8681-1232,웹서핑
14615,김지원,30,인천 덕진구123-45,010-4411-3647,일기 쓰기
14616,정지원,79,안산 덕양구123-45,010-3009-9502,여행
14617,윤도윤,24,포항 서북구123-45,010-1447-3993,일기 쓰기
14618,조수빈,56,세종 흥덕구123-45,010-1524-1609,뜨개질
14619,윤민수,64,제주 진해구123-45,010-9421-3420,사진촬영
14620,신유진,73,세종 동구123-45,010-7025-9698,등산
14621,윤지후,22,청주 성북구123-45,010-3283-5937,자전거 타기
14622,정서준,21,울산 기흥구123-45,010-5418-1666,수영
14623,최지안,50,부산 달서구123-45,010-7172-4121,카페 투어
14624,한하윤,49,광주 유성구123-45,010-6743-7329,사진촬영
14625,서하은,47,청주 일산동구123-45,010-2527-8822,사진촬영
14626,이소율,33,평택 강남구123-45,010-5876-8753,유튜브 보기
14627,강예은,73,김해 기흥구123-45,010-1864-1343,여행
14628,이서연,30,부산 흥덕구123-45,010-6245-4114,요리
14629,정민수,60,세종 신제주123-45,010-3029-4223,자전거 타기
14630,박은우,46,대구 성북구123-45,010-1776-3495,영화감상
14631,윤예은,70,제주 서구123-45,010-5297-3182,유튜브 보기
14632,강현우,41,울산 강서구123-45,010-8905-2047,자전거 타기
14633,김건우,25,용인 수성구123-45,010-4003-7758,자전거 타기
14634,한건우,53,울산 장유동123-45,010-3527-6020,음악감상
14635,김예은,56,청주 북구123-45,010-7336-3934,게임
14636,윤수빈,70,청주 기흥구123-45,010-4469-3390,사진촬영
14637,강지민,54,성남 성북구123-45,010-3963-6473,드로잉
14638,이은우,34,제주 송파구123-45,010-4673-1423,웹서핑
14639,신민수,54,제주 장유동123-45,010-8675-9703,드로잉
14640,김예린,53,대구 장유동123-45,010-5744-8840,웹서핑
14641,김지후,46,용인 북구123-45,010-8324-5689,드로잉
14642,김유진,72,광주 장유동123-45,010-9591-5306,게임
14643,강지민,63,수원 서북구123-45,010-8611-3792,웹서핑
14644,한민수,41,수원 일산동구123-45,010-2906-1365,드로잉
14645,한수빈,26,제주 서북구123-45,010-1262-5230,유튜브 보기
14646,조민수,77,전주 기흥구123-45,010-3951-7235,드로잉
14647,이하은,28,수원 강서구123-45,010-8273-3242,드로잉
14648,임도윤,40,전주 분당구123-45,010-9195-3437,영화감상
14649,강건우,38,천안 수성구123-45,010-4089-5887,뜨개질
14650,이소율,35,안산 수성구123-45,010-1562-2819,등산
14651,강태윤,41,화성 북구123-45,010-1619-7365,운동
14652,박태윤,28,천안 서북구123-45,010-3683-2495,등산
14653,정건우,26,천안 달서구123-45,010-7181-6190,보드게임
14654,서시우,39,대전 달서구123-45,010-3297-9866,뜨개질
14655,박하은,70,대구 신제주123-45,010-8211-4209,음악감상
14656,김지원,50,안양 서구123-45,010-3274-4253,여행
14657,최태윤,30,포항 기흥구123-45,010-2746-1705,드로잉
14658,한건우,33,청주 달서구123-45,010-6091-1456,요리
14659,오도윤,23,대전 덕진구123-45,010-7671-9790,수영
14660,조지안,58,광주 동구123-45,010-2240-9621,카페 투어
14661,임현우,70,안양 강서구123-45,010-5360-4433,등산
14662,신시우,21,울산 성동구123-45,010-8015-8868,등산
14663,김수빈,27,화성 덕진구123-45,010-5225-7627,음악감상
14664,이은우,23,광주 분당구123-45,010-8917-7552,자전거 타기
14665,임서준,53,용인 흥덕구123-45,010-1895-5414,등산
14666,윤서준,70,대전 서구123-45,010-6439-6424,자전거 타기
14667,장예은,67,남양주 송파구123-45,010-7928-2746,자전거 타기
14668,신하은,43,안양 분당구123-45,010-9705-9197,요리
14669,강하은,40,남양주 송파구123-45,010-4824-8888,일기 쓰기
14670,조민수,74,창원 성북구123-45,010-9562-5410,음악감상
14671,윤예린,28,용인 진해구123-45,010-3436-3673,운동
14672,박건우,76,청주 장유동123-45,010-1141-7982,음악감상
14673,한예은,31,서울 장유동123-45,010-7217-7134,드로잉
14674,오지민,35,수원 남구123-45,010-2952-2619,보드게임
14675,최하은,43,세종 진해구123-45,010-5700-5137,영화감상
14676,박도윤,71,천안 신제주123-45,010-9287-4065,자전거 타기
14677,신도윤,66,전주 일산동구123-45,010-7211-5633,자전거 타기
14678,서시우,66,안양 덕진구123-45,010-4241-4810,독서
14679,박소율,39,고양 강남구123-45,010-2810-5369,카페 투어
14680,한하윤,28,울산 성동구123-45,010-7345-7575,수영
14681,김지원,56,포항 강서구123-45,010-7311-1138,카페 투어
14682,장하윤,67,청주 덕진구123-45,010-5892-4249,영화감상
14683,한지민,63,고양 중구123-45,010-5917-2875,보드게임
14684,정서준,55,세종 북구123-45,010-9577-1912,카페 투어
14685,강소율,23,김해 서구123-45,010-3547-3599,운동
14686,서예은,25,서울 성북구123-45,010-4740-2470,게임
14687,장민수,78,서울 동구123-45,010-4237-2893,유튜브 보기
14688,장서연,55,고양 덕양구123-45,010-5081-4212,운동
14689,윤소율,37,울산 서구123-45,010-4625-7776,뜨개질
14690,한지민,62,부산 성북구123-45,010-5910-5211,게임
14691,신지민,61,천안 분당구123-45,010-6123-5864,자전거 타기
14692,장지민,74,안산 강서구123-45,010-8551-2347,웹서핑
14693,서유진,47,전주 흥덕구123-45,010-1240-3631,뜨개질
14694,한지민,68,전주 장유동123-45,010-4131-3710,유튜브 보기
14695,임하윤,60,고양 북구123-45,010-4453-9268,요리
14696,박현우,38,대전 중구123-45,010-3749-8924,일기 쓰기
14697,이서연,29,제주 북구123-45,010-3223-9090,게임
14698,조시우,24,수원 유성구123-45,010-1731-1712,자전거 타기
14699,이지원,23,성남 분당구123-45,010-5476-2553,등산
14700,한현우,40,창원 북구123-45,010-5802-4056,독서
14701,서하윤,23,안산 성동구123-45,010-6776-3122,보드게임
14702,임도윤,50,남양주 장유동123-45,010-2870-6464,사진촬영
14703,조현우,45,인천 북구123-45,010-5040-5671,요리
14704,오지민,40,성남 덕진구123-45,010-7902-1592,유튜브 보기
14705,오지원,52,고양 덕진구123-45,010-4858-7431,뜨개질
14706,임소율,30,창원 해운대구123-45,010-2005-5648,드로잉
14707,신지안,56,김해 중구123-45,010-4058-3541,보드게임
14708,임은우,41,전주 성북구123-45,010-5072-6649,일기 쓰기
14709,한수빈,77,성남 분당구123-45,010-9565-8689,보드게임
14710,윤지안,71,울산 흥덕구123-45,010-9494-4518,일기 쓰기
14711,윤태윤,70,화성 팔달구123-45,010-5272-8356,유튜브 보기
14712,오민수,53,김해 해운대구123-45,010-3170-8014,음악감상
14713,오지후,26,남양주 신제주123-45,010-7825-6072,요리
14714,정건우,38,부산 강남구123-45,010-2227-9995,보드게임
14715,장민수,40,김해 서구123-45,010-1028-3045,드로잉
14716,강지원,42,천안 유성구123-45,010-9187-3046,자전거 타기
14717,한예린,27,성남 성동구123-45,010-9630-2259,드로잉
14718,장건우,64,수원 일산동구123-45,010-6458-4807,보드게임
14719,서하은,22,성남 유성구123-45,010-3500-4269,드로잉
14720,한예은,73,부산 해운대구123-45,010-8875-2304,영화감상
14721,오하윤,48,김해 성북구123-45,010-2340-9900,등산
14722,이민수,58,용인 신제주123-45,010-5277-6114,드로잉
14723,서지후,23,평택 동구123-45,010-2930-5199,사진촬영
14724,신은우,26,화성 중구123-45,010-7123-7621,사진촬영
14725,오소율,61,안산 남구123-45,010-8611-9145,카페 투어
14726,오서준,75,평택 중구123-45,010-4834-6883,웹서핑
14727,정하은,57,세종 성북구123-45,010-8692-3202,카페 투어
14728,조도윤,48,대구 일산동구123-45,010-4881-1261,자전거 타기
14729,서수빈,29,제주 중구123-45,010-1467-4883,요리
14730,김도윤,50,화성 팔달구123-45,010-6651-1747,보드게임
14731,조태윤,50,안양 남구123-45,010-2460-1685,자전거 타기
14732,정지안,61,포항 중구123-45,010-7470-4296,수영
14733,장태윤,77,울산 덕양구123-45,010-6532-2273,드로잉
14734,조은우,74,포항 분당구123-45,010-8311-2915,독서
14735,최예린,63,전주 북구123-45,010-3737-5025,등산
14736,이예은,27,천안 진해구123-45,010-1506-2765,수영
14737,조하윤,65,울산 성북구123-45,010-6959-7445,사진촬영
14738,조소율,72,인천 남구123-45,010-5998-3025,영화감상
14739,김하윤,56,제주 장유동123-45,010-9395-8870,음악감상
14740,강유진,71,용인 유성구123-45,010-4974-7446,사진촬영
14741,조지안,69,성남 흥덕구123-45,010-5034-6261,유튜브 보기
14742,장수빈,56,안양 흥덕구123-45,010-9960-7221,게임
14743,강현우,69,전주 달서구123-45,010-6602-4068,자전거 타기
14744,조서준,69,고양 해운대구123-45,010-4920-8849,영화감상
14745,한예은,24,포항 남구123-45,010-2343-9322,여행
14746,신예린,34,부산 중구123-45,010-2045-6153,수영
14747,오시우,41,청주 일산동구123-45,010-1662-2970,웹서핑
14748,신수빈,21,제주 강서구123-45,010-2458-9991,유튜브 보기
14749,강지원,40,세종 중구123-45,010-7372-9500,요리
14750,서현우,58,안산 흥덕구123-45,010-7701-2971,드로잉
14751,서현우,37,수원 장유동123-45,010-9175-9201,웹서핑
14752,정은우,58,화성 동구123-45,010-2370-8392,등산
14753,정건우,55,서울 덕양구123-45,010-7371-9635,사진촬영
14754,조예린,55,부산 서북구123-45,010-3440-5029,카페 투어
14755,최하윤,38,대구 성북구123-45,010-6341-9354,독서
14756,한서연,57,남양주 북구123-45,010-3666-2539,보드게임
14757,한수빈,66,대전 성동구123-45,010-2954-7070,웹서핑
14758,강소율,58,인천 기흥구123-45,010-3606-7717,수영
14759,최도윤,41,성남 기흥구123-45,010-2424-5755,등산
14760,임지민,55,안양 서북구123-45,010-9025-3426,일기 쓰기
14761,윤지후,61,안산 동구123-45,010-2339-2655,수영
14762,최현우,43,부산 장유동123-45,010-8911-1627,게임
14763,박하윤,53,고양 수성구123-45,010-2056-4236,일기 쓰기
14764,서하윤,26,인천 해운대구123-45,010-2422-1779,영화감상
14765,최예린,32,청주 신제주123-45,010-6573-1436,요리
14766,최현우,58,안양 강남구123-45,010-7131-4625,여행
14767,신하윤,45,화성 서구123-45,010-8470-2599,보드게임
14768,윤하윤,46,용인 강서구123-45,010-2435-9831,요리
14769,오수빈,42,수원 해운대구123-45,010-1232-5502,독서
14770,강소율,59,안산 진해구123-45,010-5875-5310,드로잉
14771,박건우,68,부산 진해구123-45,010-3656-1450,요리
14772,정지안,73,인천 수성구123-45,010-2471-1550,운동
14773,이예린,56,천안 중구123-45,010-2564-8909,유튜브 보기
14774,신도윤,21,울산 신제주123-45,010-5581-8017,여행
14775,강지민,67,안산 동구123-45,010-6047-3063,일기 쓰기
14776,강유진,41,광주 서북구123-45,010-6770-8407,일기 쓰기
14777,박은우,74,천안 서북구123-45,010-8112-3449,등산
14778,신유진,62,전주 수성구123-45,010-2059-5819,영화감상
14779,오소율,74,안산 흥덕구123-45,010-1300-6748,자전거 타기
14780,임도윤,52,천안 서북구123-45,010-3404-3076,독서
14781,서하윤,32,포항 서북구123-45,010-8254-2417,일기 쓰기
14782,강지안,68,평택 동구123-45,010-2643-1060,음악감상
14783,서하윤,73,김해 달서구123-45,010-2509-7017,사진촬영
14784,임소율,36,전주 동구123-45,010-9277-6035,게임
14785,한예은,74,안양 강서구123-45,010-4198-7846,독서
14786,박지안,60,대구 성북구123-45,010-9343-9283,등산
14787,오소율,68,전주 덕진구123-45,010-1532-1192,운동
14788,정하은,57,포항 덕진구123-45,010-6429-3429,영화감상
14789,서지후,20,평택 흥덕구123-45,010-4750-7272,유튜브 보기
14790,윤하윤,41,세종 유성구123-45,010-6157-1306,여행
14791,오은우,22,김해 달서구123-45,010-9360-3024,등산
14792,한민수,21,고양 강서구123-45,010-3892-7978,웹서핑
14793,오하은,37,인천 강서구123-45,010-8319-3967,요리
14794,윤소율,21,수원 유성구123-45,010-5223-8679,웹서핑
14795,서유진,40,성남 수성구123-45,010-9280-5304,운동
14796,서지안,46,안산 진해구123-45,010-2139-3834,등산
14797,신예은,22,포항 유성구123-45,010-6841-4707,자전거 타기
14798,이지원,70,남양주 일산동구123-45,010-8276-6691,등산
14799,오예은,59,대구 기흥구123-45,010-6950-2489,영화감상
14800,오지민,70,전주 분당구123-45,010-7400-5653,보드게임
14801,강예린,35,남양주 수성구123-45,010-4925-5699,사진촬영
14802,강소율,58,제주 중구123-45,010-4116-4366,자전거 타기
14803,조서연,32,서울 중구123-45,010-9857-3379,웹서핑
14804,임서연,47,수원 유성구123-45,010-3276-4594,일기 쓰기
14805,서하은,64,천안 신제주123-45,010-7169-8497,수영
14806,서유진,51,청주 강남구123-45,010-4607-2000,등산
14807,이은우,74,광주 서구123-45,010-6785-6206,등산
14808,윤서준,38,인천 서북구123-45,010-2200-7554,카페 투어
14809,최예린,56,제주 덕양구123-45,010-3846-1547,카페 투어
14810,김하윤,77,세종 송파구123-45,010-7981-4089,수영
14811,정건우,44,화성 동구123-45,010-5654-6937,운동
14812,조현우,38,포항 성동구123-45,010-6202-1165,뜨개질
14813,서시우,65,안양 신제주123-45,010-8989-3106,수영
14814,박지민,50,대전 해운대구123-45,010-5302-3168,사진촬영
14815,박민수,33,제주 서북구123-45,010-7216-1814,등산
14816,윤하은,65,대구 덕진구123-45,010-1844-5099,등산
14817,김민수,77,용인 서구123-45,010-7532-8630,요리
14818,김예은,28,서울 덕진구123-45,010-7466-4974,영화감상
14819,장건우,70,화성 분당구123-45,010-2519-2811,영화감상
14820,신소율,41,울산 해운대구123-45,010-9588-7924,사진촬영
14821,최은우,49,안양 남구123-45,010-1709-4846,자전거 타기
14822,서민수,41,제주 분당구123-45,010-9201-9747,보드게임
14823,박유진,23,청주 일산동구123-45,010-4979-4873,음악감상
14824,조지후,23,인천 진해구123-45,010-9964-6783,드로잉
14825,서은우,69,세종 송파구123-45,010-1351-6451,자전거 타기
14826,김지후,51,평택 북구123-45,010-7067-8999,사진촬영
14827,정지민,28,창원 성동구123-45,010-6077-3215,일기 쓰기
14828,조민수,27,세종 강서구123-45,010-3331-8789,등산
14829,오소율,73,천안 덕진구123-45,010-3354-4646,게임
14830,오은우,58,평택 동구123-45,010-5224-1674,드로잉
14831,한하윤,52,대구 서구123-45,010-7427-8791,영화감상
14832,오건우,29,청주 북구123-45,010-4113-9790,카페 투어
14833,김예은,76,화성 강서구123-45,010-3213-8901,유튜브 보기
14834,조은우,24,전주 신제주123-45,010-6433-7523,드로잉
14835,정예린,33,성남 남구123-45,010-4174-6520,요리
14836,한지후,25,고양 팔달구123-45,010-9870-3370,등산
14837,조지원,31,서울 강남구123-45,010-9794-3353,일기 쓰기
14838,임은우,40,포항 성북구123-45,010-1212-5500,뜨개질
14839,정서연,37,고양 분당구123-45,010-8063-8593,음악감상
14840,서시우,22,세종 진해구123-45,010-8457-4617,여행
14841,강유진,62,대전 해운대구123-45,010-7488-4481,유튜브 보기
14842,장건우,37,인천 수성구123-45,010-4291-5059,게임
14843,박시우,25,전주 성북구123-45,010-8204-1171,일기 쓰기
14844,신시우,57,남양주 성북구123-45,010-4332-8354,여행
14845,이건우,41,안양 강남구123-45,010-3055-6663,웹서핑
14846,서서준,28,안양 성동구123-45,010-9852-4393,드로잉
14847,장민수,45,부산 장유동123-45,010-2007-3454,수영
14848,최민수,58,인천 북구123-45,010-7015-3911,운동
14849,이도윤,64,전주 일산동구123-45,010-1855-1313,웹서핑
14850,윤민수,37,평택 기흥구123-45,010-3521-5197,자전거 타기
14851,한지안,44,인천 서북구123-45,010-3478-9305,영화감상
14852,김시우,33,부산 강남구123-45,010-9160-8582,독서
14853,김지후,59,부산 팔달구123-45,010-8544-1352,게임
14854,최서연,56,안산 덕양구123-45,010-9448-1137,유튜브 보기
14855,최현우,52,용인 덕진구123-45,010-7227-6398,독서
14856,김지안,78,서울 강남구123-45,010-5952-3936,요리
14857,최민수,69,포항 강남구123-45,010-1915-2668,사진촬영
14858,박현우,36,김해 장유동123-45,010-2155-6683,독서
14859,임시우,31,김해 송파구123-45,010-3925-4603,일기 쓰기
14860,윤하윤,44,포항 기흥구123-45,010-2711-5276,카페 투어
14861,임지안,71,서울 흥덕구123-45,010-8286-4653,드로잉
14862,이하윤,55,인천 성동구123-45,010-9457-5204,게임
14863,정은우,58,대전 달서구123-45,010-9844-1833,카페 투어
14864,서현우,76,세종 송파구123-45,010-4053-5108,유튜브 보기
14865,서서연,45,안산 중구123-45,010-4346-7666,사진촬영
14866,조예린,43,성남 진해구123-45,010-9538-6644,유튜브 보기
14867,한은우,25,창원 성동구123-45,010-7087-9200,보드게임
14868,정소율,67,울산 유성구123-45,010-9963-7742,요리
14869,김지민,43,서울 분당구123-45,010-7152-9108,유튜브 보기
14870,박하은,65,대전 진해구123-45,010-9414-4611,사진촬영
14871,오지안,40,성남 유성구123-45,010-3360-5320,사진촬영
14872,오시우,54,울산 유성구123-45,010-7487-3692,보드게임
14873,장지민,32,포항 강서구123-45,010-3518-4811,음악감상
14874,오태윤,77,광주 분당구123-45,010-5701-1289,독서
14875,이하윤,26,부산 달서구123-45,010-5662-2544,일기 쓰기
14876,장지안,48,제주 성동구123-45,010-3507-4972,자전거 타기
14877,임하은,38,고양 장유동123-45,010-5166-2415,독서
14878,정예린,70,제주 달서구123-45,010-6543-3061,자전거 타기
14879,김지안,72,포항 기흥구123-45,010-7361-4498,음악감상
14880,임지원,76,포항 흥덕구123-45,010-9269-3334,수영
14881,신지후,59,대전 남구123-45,010-5110-4760,요리
14882,최지후,34,제주 달서구123-45,010-8988-8280,뜨개질
14883,이예은,23,용인 기흥구123-45,010-3657-1004,음악감상
14884,한도윤,41,서울 서구123-45,010-8319-6268,보드게임
14885,이예은,56,인천 덕양구123-45,010-9736-6654,독서
14886,강도윤,51,인천 팔달구123-45,010-6148-3338,웹서핑
14887,서태윤,56,천안 서북구123-45,010-6351-9159,영화감상
14888,조태윤,72,부산 장유동123-45,010-6568-3532,유튜브 보기
14889,최은우,45,광주 흥덕구123-45,010-6723-2480,음악감상
14890,임수빈,46,청주 해운대구123-45,010-5199-5827,운동
14891,조시우,66,울산 남구123-45,010-8537-2027,등산
14892,조현우,53,안산 중구123-45,010-2759-3856,게임
14893,조서연,42,화성 해운대구123-45,010-6118-9519,등산
14894,한도윤,59,수원 유성구123-45,010-2917-6611,사진촬영
14895,김민수,76,천안 달서구123-45,010-7680-3711,영화감상
14896,한소율,40,대전 수성구123-45,010-3934-1470,수영
14897,윤하은,34,광주 장유동123-45,010-1803-2859,게임
14898,강은우,61,고양 송파구123-45,010-6911-3289,자전거 타기
14899,임유진,25,용인 분당구123-45,010-3077-9749,자전거 타기
14900,오지안,68,세종 서북구123-45,010-9268-9575,카페 투어
14901,윤도윤,62,인천 북구123-45,010-1721-3556,자전거 타기
14902,임소율,74,제주 성동구123-45,010-2155-9199,게임
14903,장유진,30,전주 달서구123-45,010-4854-3715,자전거 타기
14904,최도윤,39,성남 진해구123-45,010-5001-5642,여행
14905,조서준,50,천안 성동구123-45,010-3416-9170,등산
14906,임예린,32,김해 강남구123-45,010-8923-5179,유튜브 보기
14907,이도윤,71,창원 흥덕구123-45,010-6972-3618,드로잉
14908,한예은,43,청주 수성구123-45,010-2973-4113,등산
14909,임시우,62,고양 신제주123-45,010-3032-5996,음악감상
14910,서지원,72,세종 덕양구123-45,010-1085-9038,웹서핑
14911,박지안,64,김해 흥덕구123-45,010-1992-9042,음악감상
14912,윤도윤,73,서울 강서구123-45,010-5320-1698,등산
14913,임수빈,70,창원 송파구123-45,010-7545-2531,운동
14914,이민수,42,김해 성동구123-45,010-2579-6087,수영
14915,장건우,73,제주 덕진구123-45,010-8769-9002,카페 투어
14916,윤현우,21,용인 진해구123-45,010-6314-8310,유튜브 보기
14917,박서연,58,창원 달서구123-45,010-1995-3616,등산
14918,오건우,50,세종 송파구123-45,010-8243-3144,뜨개질
14919,오지후,69,안양 서북구123-45,010-2294-5020,등산
14920,오유진,23,포항 서구123-45,010-5291-3901,드로잉
14921,강태윤,21,청주 진해구123-45,010-9254-4216,유튜브 보기
14922,조예린,36,평택 서북구123-45,010-3911-1527,독서
14923,장서연,29,포항 신제주123-45,010-7625-5350,카페 투어
14924,정지안,70,안산 서구123-45,010-3420-5391,카페 투어
14925,최서연,44,김해 덕양구123-45,010-8331-2110,등산
14926,박예린,35,평택 서구123-45,010-6086-9989,운동
14927,박지후,70,김해 덕양구123-45,010-3417-6289,뜨개질
14928,한지원,55,제주 흥덕구123-45,010-9467-9435,요리
14929,신지민,43,고양 달서구123-45,010-7760-7577,일기 쓰기
14930,한예은,28,대전 성북구123-45,010-1032-4090,요리
14931,임소율,41,고양 북구123-45,010-3622-5797,음악감상
14932,강예린,54,청주 일산동구123-45,010-1265-1427,영화감상
14933,정소율,30,인천 강남구123-45,010-8214-2328,여행
14934,강도윤,23,대전 남구123-45,010-8917-8590,일기 쓰기
14935,오지후,33,세종 송파구123-45,010-8560-7874,여행
14936,정건우,51,김해 유성구123-45,010-3479-3029,보드게임
14937,박소율,64,포항 팔달구123-45,010-3894-6884,보드게임
14938,정수빈,40,김해 유성구123-45,010-7437-3521,독서
14939,조수빈,49,광주 분당구123-45,010-8151-2023,수영
14940,박지안,58,울산 강서구123-45,010-5907-9874,운동
14941,신태윤,79,울산 동구123-45,010-4902-4197,보드게임
14942,정지원,58,성남 팔달구123-45,010-2424-2650,뜨개질
14943,서지안,36,화성 달서구123-45,010-9611-5718,여행
14944,한시우,74,광주 흥덕구123-45,010-6647-3098,자전거 타기
14945,김하은,61,세종 중구123-45,010-9104-1259,사진촬영
14946,서서연,71,전주 흥덕구123-45,010-4774-2714,사진촬영
14947,정유진,31,창원 해운대구123-45,010-6524-1397,운동
14948,박하은,41,성남 북구123-45,010-8857-6572,등산
14949,임서연,79,대구 성동구123-45,010-9035-2797,일기 쓰기
14950,박지후,53,수원 장유동123-45,010-3447-3953,독서
14951,서유진,38,세종 송파구123-45,010-3306-7077,웹서핑
14952,장지안,65,창원 중구123-45,010-4603-5906,독서
14953,오지민,57,창원 성동구123-45,010-2990-2973,카페 투어
14954,장지원,29,남양주 유성구123-45,010-6539-1111,수영
14955,서태윤,49,남양주 서구123-45,010-3669-9670,운동
14956,박민수,43,세종 성북구123-45,010-9708-4978,요리
14957,김시우,43,제주 장유동123-45,010-2635-1289,영화감상
14958,한현우,59,포항 덕양구123-45,010-6674-1436,카페 투어
14959,김하윤,55,김해 기흥구123-45,010-5997-2127,독서
14960,박현우,79,화성 중구123-45,010-5132-6101,여행
14961,이지민,36,평택 동구123-45,010-9233-2146,여행
14962,임지후,35,대전 덕양구123-45,010-9845-1607,영화감상
14963,정하윤,30,인천 진해구123-45,010-2899-2138,영화감상
14964,임유진,32,남양주 북구123-45,010-3899-2163,유튜브 보기
14965,김현우,21,울산 강남구123-45,010-5344-9520,요리
14966,신유진,56,제주 수성구123-45,010-2642-6881,게임
14967,정도윤,56,청주 달서구123-45,010-5421-9661,웹서핑
14968,조지원,48,청주 덕양구123-45,010-5401-5716,음악감상
14969,정소율,38,남양주 기흥구123-45,010-1664-2050,드로잉
14970,임지안,47,울산 달서구123-45,010-3723-2947,사진촬영
14971,장하윤,34,인천 서구123-45,010-3373-8321,카페 투어
14972,윤시우,33,청주 북구123-45,010-8326-8351,게임
14973,오민수,35,전주 성북구123-45,010-4953-9418,사진촬영
14974,김민수,29,부산 강남구123-45,010-6574-5994,보드게임
14975,강하윤,64,수원 성북구123-45,010-5697-8318,음악감상
14976,김수빈,36,광주 달서구123-45,010-4194-2629,유튜브 보기
14977,박지후,32,성남 수성구123-45,010-3267-5038,요리
14978,강서준,23,창원 장유동123-45,010-3285-5489,일기 쓰기
14979,오은우,33,청주 진해구123-45,010-8403-6052,독서
14980,서수빈,65,남양주 중구123-45,010-3661-2615,게임
14981,최서연,77,수원 강서구123-45,010-6334-8295,카페 투어
14982,오예린,76,안양 서구123-45,010-9006-7327,음악감상
14983,신하윤,31,전주 분당구123-45,010-3562-4658,일기 쓰기
14984,이예은,43,전주 중구123-45,010-7679-7874,독서
14985,오건우,57,수원 송파구123-45,010-5874-8613,운동
14986,박지안,27,안양 남구123-45,010-4027-5443,카페 투어
14987,오지안,28,울산 북구123-45,010-8149-7545,웹서핑
14988,정지원,56,포항 성북구123-45,010-6800-4177,유튜브 보기
14989,장지민,45,평택 흥덕구123-45,010-3744-8616,게임
14990,장서연,71,수원 남구123-45,010-7163-6278,독서
14991,강은우,41,남양주 진해구123-45,010-3134-1089,독서
14992,정예은,58,수원 성북구123-45,010-5641-1331,사진촬영
14993,강지후,29,포항 동구123-45,010-9398-5431,여행
14994,신예은,21,창원 달서구123-45,010-5598-2472,독서
14995,박하윤,74,고양 동구123-45,010-5924-2170,등산
14996,윤지안,78,평택 서북구123-45,010-4184-1111,자전거 타기
14997,임지후,61,전주 유성구123-45,010-1357-8692,요리
14998,서예린,53,천안 덕진구123-45,010-9580-8169,수영
14999,신하은,55,남양주 신제주123-45,010-1151-1636,일기 쓰기
15000,정현우,36,안양 진해구123-45,010-1710-8798,사진촬영
15001,이현우,40,제주 송파구123-45,010-4974-1997,보드게임
15002,윤도윤,79,제주 동구123-45,010-6725-1784,독서
15003,서은우,35,울산 해운대구123-45,010-9887-5375,요리
15004,조지안,52,울산 서구123-45,010-4404-3640,자전거 타기
15005,임서준,68,인천 분당구123-45,010-2431-8451,등산
15006,한수빈,67,안양 해운대구123-45,010-7713-1935,사진촬영
15007,한민수,35,울산 송파구123-45,010-4964-5474,독서
15008,한유진,77,김해 강서구123-45,010-6208-4389,보드게임
15009,김소율,75,부산 서북구123-45,010-1514-6429,뜨개질
15010,이서연,20,울산 성동구123-45,010-7056-9508,웹서핑
15011,최현우,28,광주 서북구123-45,010-5350-3294,독서
15012,이예은,49,안양 성동구123-45,010-2204-3069,자전거 타기
15013,강민수,74,부산 서북구123-45,010-2837-2973,유튜브 보기
15014,장은우,31,안양 유성구123-45,010-3634-8360,자전거 타기
15015,한태윤,64,부산 송파구123-45,010-8077-4395,독서
15016,장민수,78,제주 남구123-45,010-1535-4903,요리
15017,강유진,37,청주 강서구123-45,010-5618-1465,카페 투어
15018,오유진,60,울산 해운대구123-45,010-7855-9619,영화감상
15019,조하윤,43,안산 북구123-45,010-3009-5609,수영
15020,조태윤,57,용인 덕양구123-45,010-6176-6388,게임
15021,한민수,76,부산 해운대구123-45,010-5136-6955,등산
15022,박은우,43,대전 서구123-45,010-4263-7381,뜨개질
15023,박하윤,43,청주 신제주123-45,010-8843-7271,독서
15024,임서연,25,세종 성동구123-45,010-7705-8220,여행
15025,김건우,30,수원 신제주123-45,010-7503-3529,게임
15026,김지후,72,서울 달서구123-45,010-9467-8245,등산
15027,최태윤,62,안양 달서구123-45,010-6873-7455,웹서핑
15028,장도윤,28,용인 달서구123-45,010-5297-4903,수영
15029,강민수,36,김해 수성구123-45,010-5199-9707,여행
15030,윤하은,46,서울 수성구123-45,010-2673-7548,독서
15031,김유진,45,김해 달서구123-45,010-3997-8431,등산
15032,조현우,32,포항 송파구123-45,010-9656-1605,등산
15033,한현우,26,남양주 수성구123-45,010-8000-7587,운동
15034,장시우,75,인천 달서구123-45,010-9923-4130,드로잉
15035,오서준,24,남양주 덕진구123-45,010-6405-6280,여행
15036,조은우,63,안양 남구123-45,010-2390-3070,자전거 타기
15037,박태윤,72,인천 분당구123-45,010-6282-7928,드로잉
15038,한유진,61,인천 동구123-45,010-5087-1031,독서
15039,이지안,43,창원 성북구123-45,010-9891-1282,독서
15040,박민수,51,고양 장유동123-45,010-9403-3473,드로잉
15041,윤현우,70,광주 덕진구123-45,010-3789-9529,운동
15042,이소율,33,세종 수성구123-45,010-3103-9867,사진촬영
15043,김은우,38,수원 송파구123-45,010-5613-9453,영화감상
15044,장태윤,68,제주 강남구123-45,010-1199-6263,등산
15045,조하은,64,세종 북구123-45,010-3561-8927,여행
15046,최서준,30,수원 남구123-45,010-5274-2150,여행
15047,임예은,40,포항 유성구123-45,010-7797-2080,자전거 타기
15048,조서연,72,천안 진해구123-45,010-4114-1088,등산
15049,최은우,65,광주 해운대구123-45,010-1470-3626,요리
15050,윤시우,70,천안 유성구123-45,010-5735-2967,자전거 타기
15051,조지민,35,남양주 덕진구123-45,010-2962-2188,요리
15052,조지원,61,안산 강남구123-45,010-1317-7404,카페 투어
15053,정하윤,30,용인 강서구123-45,010-3524-9401,웹서핑
15054,한현우,43,전주 진해구123-45,010-3688-3071,영화감상
15055,장예린,77,수원 유성구123-45,010-8299-6770,요리
15056,오현우,33,고양 서북구123-45,010-1574-7098,등산
15057,정하은,55,남양주 흥덕구123-45,010-9260-6998,자전거 타기
15058,김도윤,75,청주 유성구123-45,010-8468-1790,영화감상
15059,한태윤,70,평택 강서구123-45,010-4994-4087,운동
15060,임지후,78,수원 해운대구123-45,010-9718-9332,사진촬영
15061,임지후,24,김해 일산동구123-45,010-4580-7663,영화감상
15062,정시우,36,전주 남구123-45,010-8171-3348,유튜브 보기
15063,오예은,44,대구 강남구123-45,010-8134-1374,수영
15064,윤소율,61,세종 송파구123-45,010-2182-3000,등산
15065,한하윤,20,포항 분당구123-45,010-4222-8149,카페 투어
15066,서은우,66,청주 장유동123-45,010-6797-8312,영화감상
15067,오하은,62,고양 팔달구123-45,010-1871-9366,카페 투어
15068,신하은,29,화성 남구123-45,010-2228-4271,독서
15069,한민수,65,서울 강남구123-45,010-6752-6176,수영
15070,강지후,43,화성 강남구123-45,010-7642-9916,수영
15071,임지안,27,전주 강남구123-45,010-8189-6302,유튜브 보기
15072,임민수,24,전주 송파구123-45,010-1490-3976,영화감상
15073,최서연,41,인천 흥덕구123-45,010-3572-2968,사진촬영
15074,정도윤,69,대전 달서구123-45,010-3602-1662,음악감상
15075,정태윤,72,김해 덕진구123-45,010-5904-7391,일기 쓰기
15076,최지안,64,화성 강남구123-45,010-6359-1525,운동
15077,김지안,25,수원 서구123-45,010-2680-6485,수영
15078,박소율,46,창원 송파구123-45,010-7405-7559,요리
15079,강지민,37,평택 덕양구123-45,010-8432-4345,드로잉
15080,오수빈,42,울산 동구123-45,010-3130-9525,등산
15081,윤하은,45,수원 강서구123-45,010-8142-1190,일기 쓰기
15082,서민수,72,수원 성북구123-45,010-3379-7583,자전거 타기
15083,강소율,34,평택 해운대구123-45,010-4022-1380,등산
15084,윤도윤,26,화성 해운대구123-45,010-6933-8087,웹서핑
15085,김서연,37,성남 덕진구123-45,010-1389-5284,게임
15086,박도윤,28,인천 동구123-45,010-4685-3213,드로잉
15087,강현우,38,창원 기흥구123-45,010-3984-6912,수영
15088,임예린,60,포항 서북구123-45,010-8423-2060,영화감상
15089,임지민,68,전주 성동구123-45,010-2381-4471,자전거 타기
15090,신도윤,53,용인 해운대구123-45,010-5777-8435,유튜브 보기
15091,강예은,47,광주 해운대구123-45,010-5999-5164,보드게임
15092,오수빈,64,부산 신제주123-45,010-5160-3028,독서
15093,한유진,47,안양 남구123-45,010-7749-6655,독서
15094,조지원,45,창원 일산동구123-45,010-8016-5431,드로잉
15095,박지원,67,제주 분당구123-45,010-9580-5793,자전거 타기
15096,서소율,69,평택 일산동구123-45,010-8768-8078,유튜브 보기
15097,오지안,22,남양주 강남구123-45,010-1887-4548,독서
15098,윤소율,70,서울 강서구123-45,010-6291-6194,영화감상
15099,김은우,51,수원 서북구123-45,010-4533-6495,웹서핑
15100,한지후,28,광주 팔달구123-45,010-3167-3036,사진촬영
15101,한수빈,53,창원 성동구123-45,010-9554-1525,영화감상
15102,장지원,65,남양주 달서구123-45,010-8856-3148,운동
15103,조현우,63,포항 덕진구123-45,010-5572-3398,사진촬영
15104,윤태윤,65,화성 유성구123-45,010-6181-4228,드로잉
15105,임서준,64,전주 흥덕구123-45,010-3343-6307,웹서핑
15106,강수빈,78,제주 장유동123-45,010-2033-6989,사진촬영
15107,이수빈,34,천안 신제주123-45,010-2935-1206,보드게임
15108,임유진,68,부산 수성구123-45,010-2162-7719,수영
15109,윤지안,79,전주 북구123-45,010-8444-8742,드로잉
15110,이서준,25,광주 강서구123-45,010-3509-4916,뜨개질
15111,신지안,54,부산 강서구123-45,010-3464-9518,독서
15112,박하은,57,인천 남구123-45,010-6830-7309,뜨개질
15113,서시우,45,서울 강서구123-45,010-4346-1486,독서
15114,오수빈,37,전주 해운대구123-45,010-9035-9563,일기 쓰기
15115,김예린,49,안산 서구123-45,010-3598-1512,음악감상
15116,임태윤,27,전주 중구123-45,010-1737-3534,드로잉
15117,정시우,51,안양 성동구123-45,010-7673-4467,자전거 타기
15118,박은우,72,대전 서구123-45,010-1429-6136,등산
15119,장지후,72,청주 송파구123-45,010-1609-8562,게임
15120,이태윤,40,성남 성동구123-45,010-6268-6202,독서
15121,최지민,69,인천 팔달구123-45,010-7345-6509,영화감상
15122,윤도윤,68,제주 유성구123-45,010-6410-5276,자전거 타기
15123,조예린,23,용인 중구123-45,010-6601-5781,영화감상
15124,박하은,62,화성 기흥구123-45,010-8869-5552,일기 쓰기
15125,오도윤,47,광주 팔달구123-45,010-5651-5011,드로잉
15126,한소율,30,울산 팔달구123-45,010-4690-8895,수영
15127,조하은,62,창원 남구123-45,010-2509-4552,유튜브 보기
15128,오소율,65,대구 강서구123-45,010-8125-9401,웹서핑
15129,박지원,56,세종 달서구123-45,010-9941-7342,뜨개질
15130,신지안,26,부산 남구123-45,010-1885-1872,보드게임
15131,김소율,68,용인 신제주123-45,010-2103-4997,영화감상
15132,한하은,67,울산 서구123-45,010-5149-5997,영화감상
15133,서지후,70,남양주 중구123-45,010-2401-9606,요리
15134,김지원,39,고양 기흥구123-45,010-2211-8593,운동
15135,이현우,46,천안 동구123-45,010-4518-2434,요리
15136,윤은우,27,용인 북구123-45,010-7955-5092,게임
15137,장현우,27,천안 성동구123-45,010-8813-5643,요리
15138,윤현우,23,광주 강서구123-45,010-6644-2944,보드게임
15139,장예은,53,천안 덕진구123-45,010-2419-7224,웹서핑
15140,정예린,28,세종 동구123-45,010-3321-1941,등산
15141,서서준,60,포항 달서구123-45,010-2795-1796,사진촬영
15142,서하윤,44,천안 강서구123-45,010-5064-1550,독서
15143,강지원,63,광주 수성구123-45,010-4372-3695,여행
15144,최시우,79,남양주 달서구123-45,010-6158-1770,뜨개질
15145,조민수,29,광주 덕양구123-45,010-4794-2147,유튜브 보기
15146,최은우,79,고양 북구123-45,010-4647-4003,뜨개질
15147,신예은,28,서울 유성구123-45,010-6706-3447,독서
15148,김도윤,20,성남 북구123-45,010-6210-6841,등산
15149,오예은,30,용인 신제주123-45,010-3626-8510,요리
15150,장민수,72,대구 신제주123-45,010-7938-6934,카페 투어
15151,서서준,50,청주 강남구123-45,010-9421-1048,영화감상
15152,정서준,63,창원 서북구123-45,010-7284-8851,영화감상
15153,신예린,30,광주 강서구123-45,010-2866-4974,영화감상
15154,윤도윤,30,포항 덕진구123-45,010-4543-2177,웹서핑
15155,윤서준,59,천안 중구123-45,010-9278-1033,자전거 타기
15156,오태윤,79,전주 서북구123-45,010-2790-5536,게임
15157,오유진,46,제주 강남구123-45,010-9764-3595,음악감상
15158,이태윤,59,수원 분당구123-45,010-3903-6298,여행
15159,정서준,44,천안 동구123-45,010-4171-1747,카페 투어
15160,장시우,22,남양주 장유동123-45,010-5967-4600,웹서핑
15161,정건우,70,대전 기흥구123-45,010-7095-5164,카페 투어
15162,서서연,69,울산 달서구123-45,010-5059-2674,수영
15163,김태윤,53,인천 팔달구123-45,010-6062-3198,요리
15164,박유진,50,안양 장유동123-45,010-1655-2482,음악감상
15165,김하윤,54,천안 장유동123-45,010-9003-4979,사진촬영
15166,김현우,33,서울 장유동123-45,010-5649-6577,일기 쓰기
15167,윤민수,62,포항 기흥구123-45,010-1741-4970,자전거 타기
15168,윤은우,20,인천 팔달구123-45,010-3526-4896,운동
15169,한건우,66,서울 일산동구123-45,010-1928-5070,뜨개질
15170,임예은,31,화성 일산동구123-45,010-2611-2623,등산
15171,장하윤,23,성남 기흥구123-45,010-6834-2543,사진촬영
15172,이건우,20,대구 동구123-45,010-6548-9520,사진촬영
15173,박유진,54,남양주 신제주123-45,010-6214-1974,영화감상
15174,조지안,51,부산 중구123-45,010-6248-7323,일기 쓰기
15175,서시우,63,평택 장유동123-45,010-2099-5740,사진촬영
15176,서민수,58,성남 신제주123-45,010-3594-2771,사진촬영
15177,최지후,57,광주 서북구123-45,010-2966-7963,수영
15178,정지원,49,서울 중구123-45,010-4927-3999,등산
15179,신태윤,64,성남 남구123-45,010-1058-2283,독서
15180,장건우,21,대구 송파구123-45,010-8062-4104,자전거 타기
15181,윤소율,48,천안 수성구123-45,010-7190-6045,운동
15182,한지원,36,안산 강남구123-45,010-9386-9705,유튜브 보기
15183,김지원,72,제주 강남구123-45,010-9366-6466,음악감상
15184,박시우,78,용인 기흥구123-45,010-4953-7641,운동
15185,박태윤,71,김해 팔달구123-45,010-3655-3963,카페 투어
15186,서태윤,69,평택 북구123-45,010-2656-9698,영화감상
15187,강서준,51,용인 서북구123-45,010-1743-4018,운동
15188,박은우,73,용인 수성구123-45,010-1636-1308,드로잉
15189,장하윤,62,세종 송파구123-45,010-7802-9735,등산
15190,한현우,28,전주 덕진구123-45,010-2369-4274,카페 투어
15191,한시우,39,대전 서북구123-45,010-2277-4706,등산
15192,임예은,66,청주 팔달구123-45,010-1541-4234,운동
15193,신도윤,28,포항 분당구123-45,010-4829-5343,등산
15194,한지후,53,화성 해운대구123-45,010-3525-3696,보드게임
15195,임예린,39,울산 서북구123-45,010-7352-7732,드로잉
15196,오도윤,37,전주 강남구123-45,010-4165-5587,드로잉
15197,서지민,23,대구 남구123-45,010-4842-6508,게임
15198,강유진,63,용인 강서구123-45,010-9420-6966,유튜브 보기
15199,윤하윤,58,천안 신제주123-45,010-2952-6102,게임
15200,오소율,25,세종 기흥구123-45,010-4373-7735,음악감상
15201,강시우,25,세종 흥덕구123-45,010-5703-5453,여행
15202,한지안,68,안양 덕양구123-45,010-7182-4354,게임
15203,윤서준,73,평택 송파구123-45,010-9661-6026,요리
15204,윤지안,52,부산 덕진구123-45,010-2092-7550,일기 쓰기
15205,조수빈,59,울산 분당구123-45,010-3182-6908,게임
15206,정민수,78,고양 해운대구123-45,010-6307-8333,카페 투어
15207,조소율,28,천안 덕양구123-45,010-8127-2446,수영
15208,김태윤,76,청주 팔달구123-45,010-4849-5407,영화감상
15209,한건우,41,서울 서구123-45,010-1342-7567,웹서핑
15210,강지안,74,성남 중구123-45,010-9123-4647,독서
15211,신도윤,35,포항 덕진구123-45,010-4598-5346,게임
15212,김태윤,38,화성 기흥구123-45,010-4006-2652,음악감상
15213,최하윤,63,청주 성동구123-45,010-2846-4399,운동
15214,김유진,48,수원 수성구123-45,010-5023-9543,요리
15215,윤서준,77,포항 흥덕구123-45,010-7155-1912,보드게임
15216,강도윤,34,김해 송파구123-45,010-7522-4131,일기 쓰기
15217,김하은,36,평택 중구123-45,010-3192-7572,영화감상
15218,한지원,20,대구 팔달구123-45,010-3229-7471,보드게임
15219,신현우,24,천안 장유동123-45,010-4476-9830,사진촬영
15220,강수빈,67,안양 수성구123-45,010-4653-9196,카페 투어
15221,조은우,41,인천 강남구123-45,010-2243-6294,사진촬영
15222,윤은우,73,수원 덕양구123-45,010-8334-1149,요리
15223,신건우,62,대구 팔달구123-45,010-2538-8526,수영
15224,오서연,27,창원 장유동123-45,010-3791-5937,요리
15225,서도윤,66,남양주 송파구123-45,010-5623-6205,음악감상
15226,임수빈,36,인천 강서구123-45,010-2995-9034,자전거 타기
15227,윤지안,32,천안 진해구123-45,010-8454-7926,일기 쓰기
15228,이소율,60,안양 송파구123-45,010-3624-1409,등산
15229,조지후,51,인천 동구123-45,010-4628-3520,영화감상
15230,장소율,26,성남 신제주123-45,010-4466-8086,드로잉
15231,조민수,50,울산 성북구123-45,010-1630-6694,여행
15232,한유진,35,서울 수성구123-45,010-1440-5475,사진촬영
15233,이수빈,32,성남 성동구123-45,010-5314-5121,영화감상
15234,김예은,21,남양주 성북구123-45,010-8069-3233,보드게임
15235,윤도윤,55,전주 흥덕구123-45,010-1844-1232,영화감상
15236,한서준,36,안양 동구123-45,010-2127-5896,카페 투어
15237,정소율,49,청주 장유동123-45,010-2641-9158,뜨개질
15238,윤지원,65,남양주 송파구123-45,010-7723-2906,보드게임
15239,정민수,69,안양 강남구123-45,010-1167-6211,뜨개질
15240,최지민,74,고양 달서구123-45,010-6637-2240,자전거 타기
15241,임소율,41,서울 남구123-45,010-3097-5056,보드게임
15242,조소율,52,김해 서북구123-45,010-8179-4275,웹서핑
15243,박지안,26,서울 성동구123-45,010-1806-4502,웹서핑
15244,이도윤,27,화성 덕진구123-45,010-5522-6579,드로잉
15245,임태윤,29,전주 수성구123-45,010-5307-1902,영화감상
15246,장하윤,56,부산 분당구123-45,010-3791-4778,보드게임
15247,신서연,23,인천 흥덕구123-45,010-5267-9482,웹서핑
15248,김유진,73,인천 신제주123-45,010-9167-2416,유튜브 보기
15249,강현우,61,세종 달서구123-45,010-3957-5130,여행
15250,이지안,70,울산 성북구123-45,010-2974-6056,유튜브 보기
15251,임하윤,44,안양 팔달구123-45,010-8421-7799,사진촬영
15252,이지안,69,고양 장유동123-45,010-2786-3065,영화감상
15253,강하윤,69,평택 서북구123-45,010-2032-3834,카페 투어
15254,정민수,38,세종 해운대구123-45,010-3744-1020,등산
15255,한하은,53,인천 진해구123-45,010-1668-8301,여행
15256,한지원,39,세종 강남구123-45,010-6196-2268,운동
15257,강예은,72,포항 송파구123-45,010-6189-5383,운동
15258,최하은,36,청주 서북구123-45,010-5949-1552,요리
15259,박태윤,49,수원 진해구123-45,010-6080-2107,웹서핑
15260,최태윤,59,전주 신제주123-45,010-2510-3042,유튜브 보기
15261,오하은,44,세종 동구123-45,010-5074-9113,요리
15262,한은우,56,천안 달서구123-45,010-2269-5034,영화감상
15263,신하윤,53,안양 서북구123-45,010-3489-5074,수영
15264,김현우,20,광주 진해구123-45,010-2975-8675,유튜브 보기
15265,신건우,43,고양 서북구123-45,010-9009-2400,일기 쓰기
15266,신현우,33,용인 성동구123-45,010-1984-3356,운동
15267,장하은,30,화성 성북구123-45,010-3863-3795,카페 투어
15268,신수빈,32,용인 일산동구123-45,010-5902-6118,드로잉
15269,최시우,22,남양주 성북구123-45,010-7073-9588,독서
15270,서지원,36,대전 흥덕구123-45,010-1438-4140,운동
15271,윤서연,46,포항 송파구123-45,010-1698-9596,사진촬영
15272,강민수,25,평택 장유동123-45,010-8205-8901,영화감상
15273,신태윤,21,안양 덕진구123-45,010-4249-1988,독서
15274,윤서연,49,광주 일산동구123-45,010-4575-3746,뜨개질
15275,강하은,37,울산 중구123-45,010-4163-1309,독서
15276,오건우,72,성남 진해구123-45,010-6091-7750,유튜브 보기
15277,최서연,76,대전 성북구123-45,010-4819-5185,여행
15278,서지원,76,화성 성북구123-45,010-8172-5272,뜨개질
15279,최지민,53,인천 흥덕구123-45,010-6184-6272,유튜브 보기
15280,박지후,40,성남 강서구123-45,010-9135-3362,드로잉
15281,오소율,34,창원 서구123-45,010-9126-6499,일기 쓰기
15282,이지안,65,대전 송파구123-45,010-7603-6317,자전거 타기
15283,장서연,68,전주 강서구123-45,010-7058-2019,사진촬영
15284,서은우,27,평택 해운대구123-45,010-7515-8241,웹서핑
15285,최예린,32,화성 장유동123-45,010-6418-3218,카페 투어
15286,오유진,43,김해 해운대구123-45,010-3309-2216,독서
15287,신서준,35,서울 강남구123-45,010-7914-4896,드로잉
15288,오지원,67,용인 덕양구123-45,010-8702-3091,운동
15289,신예린,54,남양주 진해구123-45,010-6471-7670,음악감상
15290,강지안,76,창원 기흥구123-45,010-3331-9810,드로잉
15291,장소율,46,수원 성북구123-45,010-2710-5909,요리
15292,김소율,58,인천 달서구123-45,010-6536-5583,카페 투어
15293,윤수빈,60,수원 흥덕구123-45,010-5429-6150,유튜브 보기
15294,임건우,50,청주 성북구123-45,010-8539-1907,웹서핑
15295,윤민수,77,전주 해운대구123-45,010-2008-2107,영화감상
15296,장지원,50,천안 서북구123-45,010-5689-9198,일기 쓰기
15297,오은우,74,안양 신제주123-45,010-7732-3923,음악감상
15298,최시우,46,천안 중구123-45,010-3639-5587,음악감상
15299,서예린,20,용인 진해구123-45,010-3430-3041,여행
15300,서예은,55,화성 분당구123-45,010-1129-5848,사진촬영
15301,강지후,72,용인 중구123-45,010-9956-6525,일기 쓰기
15302,이도윤,60,김해 해운대구123-45,010-2166-3897,사진촬영
15303,정예린,78,전주 기흥구123-45,010-3202-4465,자전거 타기
15304,신예은,47,수원 일산동구123-45,010-3729-5717,음악감상
15305,정소율,49,광주 남구123-45,010-4741-8228,음악감상
15306,김하은,39,평택 중구123-45,010-4023-1390,요리
15307,윤소율,49,제주 해운대구123-45,010-8379-2401,게임
15308,조은우,61,대구 성북구123-45,010-5655-4493,음악감상
15309,임예은,46,포항 달서구123-45,010-4559-6808,뜨개질
15310,박수빈,72,창원 장유동123-45,010-2644-6123,사진촬영
15311,임건우,55,전주 강남구123-45,010-6617-5378,유튜브 보기
15312,최지안,48,안양 중구123-45,010-4140-2064,게임
15313,오지후,31,남양주 진해구123-45,010-5715-4240,영화감상
15314,한지안,72,부산 유성구123-45,010-1596-3350,등산
15315,서태윤,52,청주 성북구123-45,010-2867-2356,자전거 타기
15316,강서준,33,포항 북구123-45,010-6553-7589,드로잉
15317,김수빈,68,천안 북구123-45,010-3111-8542,드로잉
15318,서지원,61,세종 수성구123-45,010-6279-5599,영화감상
15319,강예은,26,부산 서북구123-45,010-3219-8871,여행
15320,서지안,60,성남 진해구123-45,010-1556-6733,등산
15321,한예은,44,포항 팔달구123-45,010-5717-1696,뜨개질
15322,오서연,43,김해 성동구123-45,010-3389-7672,드로잉
15323,장지안,32,인천 북구123-45,010-4056-6122,영화감상
15324,서태윤,64,대전 신제주123-45,010-5951-7360,일기 쓰기
15325,최예은,73,안양 유성구123-45,010-8867-5191,영화감상
15326,오지원,76,창원 흥덕구123-45,010-7758-2799,등산
15327,조하은,25,청주 흥덕구123-45,010-2898-5119,유튜브 보기
15328,박서연,79,고양 덕진구123-45,010-6296-5374,운동
15329,김유진,73,인천 중구123-45,010-3963-2251,영화감상
15330,임민수,22,대구 덕양구123-45,010-3282-8253,드로잉
15331,오서연,34,용인 수성구123-45,010-3025-6300,일기 쓰기
15332,정건우,71,남양주 서북구123-45,010-8289-6647,자전거 타기
15333,오지후,69,광주 유성구123-45,010-8003-4067,일기 쓰기
15334,장은우,31,성남 성북구123-45,010-5921-9507,운동
15335,윤수빈,63,창원 중구123-45,010-5622-7146,독서
15336,장지안,45,고양 팔달구123-45,010-7224-5786,수영
15337,윤예은,29,창원 중구123-45,010-7053-6641,독서
15338,서수빈,21,남양주 남구123-45,010-3235-1302,여행
15339,조은우,52,광주 일산동구123-45,010-2167-6105,사진촬영
15340,이지후,69,화성 분당구123-45,010-6695-4136,여행
15341,한지민,69,화성 성북구123-45,010-3776-1867,드로잉
15342,한하은,45,대전 장유동123-45,010-1921-8889,음악감상
15343,이소율,44,전주 팔달구123-45,010-6509-5128,드로잉
15344,신서준,67,인천 성북구123-45,010-8893-9081,뜨개질
15345,최도윤,76,전주 장유동123-45,010-2668-4986,여행
15346,박민수,54,김해 팔달구123-45,010-5433-4482,여행
15347,윤태윤,73,세종 동구123-45,010-1561-7137,여행
15348,조지안,35,수원 달서구123-45,010-2378-8437,수영
15349,김태윤,71,부산 유성구123-45,010-1057-5902,유튜브 보기
15350,오수빈,30,김해 성북구123-45,010-3596-6267,보드게임
15351,신지원,41,남양주 덕진구123-45,010-2297-3090,독서
15352,임하은,32,천안 강남구123-45,010-5238-8292,독서
15353,박은우,50,화성 유성구123-45,010-9639-9558,음악감상
15354,임예은,75,화성 신제주123-45,010-2835-8234,뜨개질
15355,오예은,29,성남 성북구123-45,010-3598-9380,요리
15356,김서준,51,안산 장유동123-45,010-3929-9237,웹서핑
15357,조태윤,21,대전 송파구123-45,010-2406-3868,여행
15358,조민수,30,제주 덕진구123-45,010-5636-2808,보드게임
15359,조현우,25,전주 장유동123-45,010-2873-3439,웹서핑
15360,장시우,64,고양 서구123-45,010-1507-3834,일기 쓰기
15361,서현우,72,화성 해운대구123-45,010-9182-1478,영화감상
15362,박건우,39,안양 덕양구123-45,010-4089-9684,게임
15363,한서준,36,포항 송파구123-45,010-8361-5434,운동
15364,최하은,27,수원 강서구123-45,010-9324-9377,등산
15365,윤태윤,55,성남 강남구123-45,010-6927-3077,웹서핑
15366,김은우,34,전주 성북구123-45,010-1113-7064,영화감상
15367,강하은,76,세종 덕진구123-45,010-2437-3735,음악감상
15368,한태윤,28,세종 북구123-45,010-3868-7435,자전거 타기
15369,이지안,37,서울 서북구123-45,010-2129-2017,여행
15370,최예은,78,광주 일산동구123-45,010-1459-4346,수영
15371,박시우,79,남양주 신제주123-45,010-6007-1748,여행
15372,한예은,54,화성 해운대구123-45,010-5923-4312,영화감상
15373,서유진,39,창원 북구123-45,010-2412-9226,게임
15374,강건우,77,울산 유성구123-45,010-2713-2203,등산
15375,최도윤,30,평택 송파구123-45,010-5110-9618,요리
15376,최은우,47,대전 강남구123-45,010-7874-7279,자전거 타기
15377,장하윤,49,인천 장유동123-45,010-5697-1295,일기 쓰기
15378,최지안,21,청주 일산동구123-45,010-1058-4811,웹서핑
15379,임시우,25,천안 북구123-45,010-8850-2457,여행
15380,서도윤,41,천안 기흥구123-45,010-3935-5881,카페 투어
15381,임소율,59,서울 강서구123-45,010-8502-2625,영화감상
15382,신예은,27,세종 기흥구123-45,010-6742-2546,일기 쓰기
15383,정하은,36,울산 남구123-45,010-4395-3881,일기 쓰기
15384,임지민,69,대전 북구123-45,010-4924-8631,운동
15385,오은우,28,수원 강서구123-45,010-5948-2585,드로잉
15386,박소율,67,전주 신제주123-45,010-7381-9824,웹서핑
15387,오유진,54,화성 진해구123-45,010-7049-5009,유튜브 보기
15388,정태윤,70,남양주 진해구123-45,010-8719-9543,요리
15389,이수빈,50,고양 진해구123-45,010-7220-3740,보드게임
15390,오지민,56,평택 기흥구123-45,010-4655-9260,요리
15391,조민수,40,용인 흥덕구123-45,010-7644-3699,사진촬영
15392,오지후,74,전주 덕양구123-45,010-2802-9369,요리
15393,박은우,63,대전 남구123-45,010-2101-2469,일기 쓰기
15394,서소율,52,성남 달서구123-45,010-2076-1743,음악감상
15395,한시우,27,수원 동구123-45,010-3916-7773,유튜브 보기
15396,서소율,59,제주 해운대구123-45,010-3483-3367,요리
15397,장태윤,20,용인 수성구123-45,010-9206-5115,자전거 타기
15398,신예은,69,울산 해운대구123-45,010-1756-3897,자전거 타기
15399,조건우,73,평택 유성구123-45,010-8361-7328,사진촬영
15400,이수빈,78,서울 진해구123-45,010-1908-2527,음악감상
15401,장시우,73,안양 강서구123-45,010-3985-6757,등산
15402,이지원,40,울산 덕양구123-45,010-7639-3082,게임
15403,정건우,70,인천 북구123-45,010-7611-8196,음악감상
15404,박예린,31,성남 성북구123-45,010-5820-3347,요리
15405,정지안,42,세종 성동구123-45,010-8717-9212,보드게임
15406,장소율,65,인천 진해구123-45,010-1734-2394,일기 쓰기
15407,이지민,44,대구 성북구123-45,010-8130-1712,일기 쓰기
15408,오현우,70,용인 송파구123-45,010-6795-6521,뜨개질
15409,강현우,42,안양 성북구123-45,010-5050-8800,수영
15410,오현우,47,청주 진해구123-45,010-3183-8432,사진촬영
15411,한은우,37,포항 수성구123-45,010-3447-1414,유튜브 보기
15412,박지후,66,울산 일산동구123-45,010-1472-4018,드로잉
15413,박민수,46,광주 덕진구123-45,010-4159-8577,영화감상
15414,장현우,76,고양 강서구123-45,010-3427-4302,뜨개질
15415,조서준,70,안산 분당구123-45,010-9456-3108,카페 투어
15416,김수빈,49,수원 서북구123-45,010-8861-6077,카페 투어
15417,한유진,46,전주 장유동123-45,010-6126-6103,카페 투어
15418,정지안,34,용인 신제주123-45,010-4739-4306,보드게임
15419,박태윤,55,남양주 유성구123-45,010-2119-6107,영화감상
15420,신서준,33,용인 강서구123-45,010-2265-3372,일기 쓰기
15421,정지후,54,성남 수성구123-45,010-4558-5673,드로잉
15422,최소율,42,김해 신제주123-45,010-4757-5021,독서
15423,박지안,20,천안 덕진구123-45,010-7458-7459,웹서핑
15424,조지민,71,화성 기흥구123-45,010-6892-1613,보드게임
15425,오소율,78,서울 서북구123-45,010-6431-9321,영화감상
15426,조건우,68,인천 수성구123-45,010-6187-6526,운동
15427,신하윤,37,광주 서구123-45,010-7635-8411,웹서핑
15428,강예린,63,대구 덕진구123-45,010-2943-7481,음악감상
15429,임태윤,58,김해 강서구123-45,010-5786-7813,게임
15430,강수빈,48,성남 장유동123-45,010-7796-6639,일기 쓰기
15431,박은우,77,김해 강남구123-45,010-2105-4021,독서
15432,강민수,25,천안 송파구123-45,010-1288-4160,여행
15433,윤하은,49,청주 강서구123-45,010-1029-4422,음악감상
15434,김하윤,42,남양주 수성구123-45,010-9487-7374,영화감상
15435,장태윤,50,광주 남구123-45,010-3691-2543,사진촬영
15436,정지후,68,성남 성북구123-45,010-3096-8570,웹서핑
15437,강도윤,76,성남 성북구123-45,010-4633-5923,드로잉
15438,강하윤,25,청주 덕진구123-45,010-7230-4556,여행
15439,최서연,26,울산 강서구123-45,010-3283-6738,수영
15440,윤소율,77,울산 강서구123-45,010-2367-2598,여행
15441,정서준,55,부산 수성구123-45,010-3902-2062,영화감상
15442,박지안,30,서울 남구123-45,010-2056-7209,보드게임
15443,이지민,73,남양주 일산동구123-45,010-2600-2334,운동
15444,임소율,76,인천 남구123-45,010-3934-6942,음악감상
15445,신예린,42,안산 진해구123-45,010-2741-4085,유튜브 보기
15446,이시우,73,서울 서북구123-45,010-5133-4093,유튜브 보기
15447,강시우,65,광주 강남구123-45,010-1962-4867,웹서핑
15448,윤지민,57,수원 기흥구123-45,010-4763-4728,수영
15449,한지민,68,서울 성동구123-45,010-1116-8745,드로잉
15450,최도윤,46,광주 기흥구123-45,010-3157-2240,수영
15451,서지후,49,창원 서북구123-45,010-3521-4537,드로잉
15452,신지원,68,대전 신제주123-45,010-1816-3821,일기 쓰기
15453,서태윤,35,화성 유성구123-45,010-3365-4762,드로잉
15454,임지후,57,청주 해운대구123-45,010-5192-6417,음악감상
15455,서민수,40,용인 덕양구123-45,010-2261-6583,웹서핑
15456,오하윤,72,안산 덕진구123-45,010-1491-5893,웹서핑
15457,신하윤,65,포항 서구123-45,010-9886-5592,게임
15458,임지민,45,김해 분당구123-45,010-4134-1129,자전거 타기
15459,조서준,75,광주 성동구123-45,010-9766-8214,자전거 타기
15460,신도윤,55,고양 해운대구123-45,010-3718-2047,여행
15461,박서연,55,인천 팔달구123-45,010-4913-3730,운동
15462,윤수빈,31,평택 성북구123-45,010-3711-7848,운동
15463,윤서준,30,안양 남구123-45,010-9916-6910,일기 쓰기
15464,최예린,63,포항 유성구123-45,010-1255-1661,게임
15465,이예은,33,창원 팔달구123-45,010-4045-4874,사진촬영
15466,장지민,39,창원 장유동123-45,010-6251-3318,보드게임
15467,최하은,33,고양 유성구123-45,010-2495-1119,수영
15468,임은우,69,남양주 장유동123-45,010-9232-6077,수영
15469,김지후,47,서울 강서구123-45,010-7409-3454,요리
15470,강건우,77,부산 서북구123-45,010-1147-3787,요리
15471,임수빈,51,대전 분당구123-45,010-2048-5024,수영
15472,한태윤,33,안양 해운대구123-45,010-6072-7912,드로잉
15473,신시우,52,대구 성북구123-45,010-7271-8943,음악감상
15474,장유진,45,제주 기흥구123-45,010-3389-2702,드로잉
15475,오소율,22,서울 북구123-45,010-6253-6083,등산
15476,한현우,26,광주 진해구123-45,010-1567-9750,게임
15477,한하윤,77,제주 서구123-45,010-6726-8013,뜨개질
15478,한서연,78,평택 신제주123-45,010-2803-8552,등산
15479,오건우,72,서울 서북구123-45,010-5624-1718,일기 쓰기
15480,장예은,42,인천 남구123-45,010-7341-2911,수영
15481,신서준,42,울산 성북구123-45,010-4934-3071,영화감상
15482,조태윤,66,서울 달서구123-45,010-5811-1258,음악감상
15483,이민수,50,제주 강남구123-45,010-1503-1858,영화감상
15484,윤하은,63,용인 덕진구123-45,010-4082-2754,게임
15485,김유진,23,포항 강서구123-45,010-2887-2567,여행
15486,최지원,71,안산 강남구123-45,010-5903-5313,유튜브 보기
15487,장하윤,56,대전 달서구123-45,010-3532-8399,수영
15488,오민수,26,인천 강서구123-45,010-3846-5072,일기 쓰기
15489,윤서연,48,대구 기흥구123-45,010-2713-1147,카페 투어
15490,정서연,66,인천 강서구123-45,010-1629-5112,뜨개질
15491,장건우,29,수원 서북구123-45,010-1253-5509,일기 쓰기
15492,장하은,43,용인 진해구123-45,010-5753-5930,운동
15493,조하은,29,수원 분당구123-45,010-3300-2732,요리
15494,정유진,34,전주 송파구123-45,010-4215-2622,독서
15495,서현우,67,성남 동구123-45,010-4740-2091,뜨개질
15496,박하윤,37,광주 서북구123-45,010-1755-4894,카페 투어
15497,장건우,33,수원 해운대구123-45,010-1441-9674,보드게임
15498,조건우,57,울산 중구123-45,010-6875-4010,영화감상
15499,최지안,28,용인 분당구123-45,010-7200-8018,자전거 타기
15500,신예은,42,대전 진해구123-45,010-6173-5732,여행
15501,최예은,29,인천 일산동구123-45,010-2222-5901,뜨개질
15502,한지민,21,성남 달서구123-45,010-3963-7413,카페 투어
15503,임태윤,25,고양 덕진구123-45,010-1136-3202,보드게임
15504,박민수,20,세종 해운대구123-45,010-5621-6022,음악감상
15505,윤지원,41,세종 진해구123-45,010-6100-9772,여행
15506,서소율,39,안산 기흥구123-45,010-3894-4775,수영
15507,강하은,26,전주 북구123-45,010-7886-7755,영화감상
15508,윤지원,36,수원 동구123-45,010-3316-1770,사진촬영
15509,조시우,25,울산 덕양구123-45,010-7060-3921,게임
15510,오소율,63,창원 동구123-45,010-4684-1240,보드게임
15511,한하은,63,김해 신제주123-45,010-4921-9293,운동
15512,윤예은,26,대구 성북구123-45,010-1075-1489,여행
15513,정서준,52,수원 서북구123-45,010-5988-4714,뜨개질
15514,김지후,49,부산 일산동구123-45,010-2949-5456,보드게임
15515,오태윤,75,인천 강서구123-45,010-5009-2168,음악감상
15516,강지후,50,대전 기흥구123-45,010-5776-1731,유튜브 보기
15517,장은우,28,용인 수성구123-45,010-3070-2488,게임
15518,오도윤,33,세종 남구123-45,010-3601-3270,독서
15519,강하은,76,안산 달서구123-45,010-7982-8003,여행
15520,임지원,67,제주 일산동구123-45,010-4901-9712,요리
15521,정예은,27,고양 덕양구123-45,010-6088-5851,게임
15522,강지민,78,수원 서북구123-45,010-3688-7107,음악감상
15523,최하윤,44,고양 해운대구123-45,010-2576-4391,영화감상
15524,장유진,51,대구 서북구123-45,010-2528-2688,드로잉
15525,신현우,54,평택 수성구123-45,010-6660-3146,카페 투어
15526,최현우,29,전주 유성구123-45,010-6018-9823,드로잉
15527,윤도윤,32,천안 동구123-45,010-7056-5892,영화감상
15528,한건우,68,전주 진해구123-45,010-2035-6418,음악감상
15529,신서준,73,안양 강서구123-45,010-7232-7454,뜨개질
15530,정하윤,34,부산 남구123-45,010-4840-2010,드로잉
15531,박소율,51,창원 서구123-45,010-8052-6106,요리
15532,임예린,71,고양 서구123-45,010-2165-2631,영화감상
15533,임유진,32,김해 북구123-45,010-3086-8360,게임
15534,한현우,29,서울 진해구123-45,010-6624-7300,자전거 타기
15535,신수빈,75,부산 기흥구123-45,010-6261-8601,게임
15536,박수빈,31,천안 중구123-45,010-6726-1024,드로잉
15537,윤건우,46,서울 장유동123-45,010-6101-5414,운동
15538,윤유진,38,안산 팔달구123-45,010-9283-8524,유튜브 보기
15539,박지안,26,수원 북구123-45,010-4211-5680,게임
15540,조예린,70,고양 동구123-45,010-2661-1866,드로잉
15541,이지민,36,대구 신제주123-45,010-2989-1672,요리
15542,박태윤,36,대구 덕진구123-45,010-7490-1019,보드게임
15543,이유진,37,울산 덕진구123-45,010-5567-7920,영화감상
15544,임건우,78,화성 서구123-45,010-9676-4560,보드게임
15545,한지안,38,울산 덕진구123-45,010-9294-9464,게임
15546,강유진,57,화성 기흥구123-45,010-9283-1625,카페 투어
15547,최지민,20,성남 흥덕구123-45,010-1751-3097,웹서핑
15548,장지안,29,인천 기흥구123-45,010-3610-4849,독서
15549,강도윤,72,광주 신제주123-45,010-3160-9317,유튜브 보기
15550,오하은,71,전주 서구123-45,010-3304-6918,음악감상
15551,한지안,71,청주 덕양구123-45,010-9093-6259,일기 쓰기
15552,강서연,33,창원 강서구123-45,010-7135-2676,음악감상
15553,장하윤,26,광주 진해구123-45,010-7027-3262,게임
15554,윤도윤,39,성남 서구123-45,010-7719-5442,운동
15555,이시우,74,남양주 일산동구123-45,010-7215-3190,사진촬영
15556,신은우,34,남양주 중구123-45,010-2988-2186,보드게임
15557,강지안,20,제주 분당구123-45,010-2703-5836,수영
15558,장민수,69,용인 강남구123-45,010-8370-9781,게임
15559,오예린,60,청주 남구123-45,010-4575-4409,운동
15560,신소율,58,인천 강서구123-45,010-5271-3867,일기 쓰기
15561,조서연,49,안양 팔달구123-45,010-3364-5543,수영
15562,정수빈,56,창원 분당구123-45,010-5856-9718,독서
15563,장서준,67,고양 남구123-45,010-1764-5942,카페 투어
15564,한은우,44,김해 일산동구123-45,010-6153-7335,드로잉
15565,신하은,78,청주 유성구123-45,010-4179-9158,일기 쓰기
15566,한건우,73,김해 수성구123-45,010-5144-7542,웹서핑
15567,신건우,37,남양주 성동구123-45,010-1902-1547,등산
15568,김지원,47,수원 성북구123-45,010-8634-2781,카페 투어
15569,정지안,75,남양주 강서구123-45,010-9754-3195,뜨개질
15570,윤소율,57,울산 중구123-45,010-4036-9045,운동
15571,조태윤,55,포항 일산동구123-45,010-6709-3953,보드게임
15572,정수빈,32,화성 분당구123-45,010-5315-8367,게임
15573,서태윤,60,부산 북구123-45,010-9226-2132,독서
15574,윤지안,66,창원 중구123-45,010-7931-2987,자전거 타기
15575,오예은,28,제주 송파구123-45,010-4272-4927,일기 쓰기
15576,박지원,43,대전 팔달구123-45,010-2858-7219,일기 쓰기
15577,오지안,32,수원 신제주123-45,010-2564-5954,유튜브 보기
15578,신하은,60,전주 장유동123-45,010-9293-2167,자전거 타기
15579,장민수,74,남양주 덕진구123-45,010-8977-6207,카페 투어
15580,한지후,23,대전 분당구123-45,010-9065-9738,게임
15581,정현우,37,서울 성북구123-45,010-6334-5917,요리
15582,조하은,29,부산 유성구123-45,010-2418-5587,뜨개질
15583,강하윤,35,성남 달서구123-45,010-3576-1495,보드게임
15584,장예은,58,광주 유성구123-45,010-1494-9292,유튜브 보기
15585,한태윤,61,안산 서구123-45,010-8706-3245,자전거 타기
15586,최예린,23,수원 강남구123-45,010-9738-4213,등산
15587,박태윤,68,대전 강남구123-45,010-6115-2768,드로잉
15588,서예린,54,광주 팔달구123-45,010-6379-5288,사진촬영
15589,이유진,69,부산 서북구123-45,010-8679-3362,드로잉
15590,이현우,64,인천 강남구123-45,010-5445-6590,보드게임
15591,강유진,41,제주 서북구123-45,010-8779-7506,등산
15592,서현우,24,광주 달서구123-45,010-1711-7800,보드게임
15593,한소율,29,창원 송파구123-45,010-4548-2267,요리
15594,신지후,70,대구 송파구123-45,010-6636-4926,뜨개질
15595,박예린,22,울산 서구123-45,010-3048-5157,보드게임
15596,강예린,28,대전 서북구123-45,010-2617-2706,뜨개질
15597,윤서연,57,대구 신제주123-45,010-4747-9161,웹서핑
15598,김서준,42,울산 진해구123-45,010-2701-6469,여행
15599,조지민,54,대전 덕진구123-45,010-2770-9905,사진촬영
15600,장현우,58,화성 서구123-45,010-5523-9623,뜨개질
15601,강소율,32,울산 성동구123-45,010-1539-1444,독서
15602,김지민,43,울산 신제주123-45,010-2865-4666,영화감상
15603,서서연,51,부산 서북구123-45,010-3090-3437,여행
15604,조지원,42,포항 덕진구123-45,010-7988-7367,수영
15605,조유진,51,남양주 흥덕구123-45,010-7716-1092,카페 투어
15606,정예은,55,성남 덕양구123-45,010-2721-2238,유튜브 보기
15607,김지원,35,청주 동구123-45,010-3518-6946,독서
15608,윤지원,47,김해 장유동123-45,010-1100-2025,여행
15609,강현우,34,전주 성북구123-45,010-3742-7281,일기 쓰기
15610,신도윤,68,안산 수성구123-45,010-2923-5409,드로잉
15611,서예은,79,천안 해운대구123-45,010-8632-6592,카페 투어
15612,박민수,50,용인 해운대구123-45,010-9851-3191,일기 쓰기
15613,신예린,65,고양 서구123-45,010-2841-2154,수영
15614,신서준,35,창원 신제주123-45,010-5961-6603,드로잉
15615,한민수,67,청주 북구123-45,010-6142-6807,일기 쓰기
15616,박수빈,39,대전 해운대구123-45,010-1993-3423,일기 쓰기
15617,이예은,28,화성 팔달구123-45,010-1373-4128,자전거 타기
15618,김현우,40,김해 흥덕구123-45,010-9689-7516,여행
15619,장소율,42,대구 서구123-45,010-1754-7223,드로잉
15620,최건우,22,제주 동구123-45,010-9414-7786,웹서핑
15621,장소율,39,화성 남구123-45,010-9762-2356,뜨개질
15622,한태윤,23,포항 분당구123-45,010-2261-4347,일기 쓰기
15623,최하은,50,남양주 진해구123-45,010-1610-4511,영화감상
15624,임예린,35,대구 중구123-45,010-6066-1080,카페 투어
15625,최은우,37,창원 동구123-45,010-1032-4259,영화감상
15626,오도윤,39,김해 서북구123-45,010-6428-3266,요리
15627,임예은,53,서울 서구123-45,010-5384-5313,뜨개질
15628,한서준,57,남양주 성동구123-45,010-6270-7609,일기 쓰기
15629,윤지원,43,남양주 중구123-45,010-1503-6696,요리
15630,강현우,62,제주 동구123-45,010-1773-2407,보드게임
15631,박건우,68,서울 수성구123-45,010-5579-5003,뜨개질
15632,오예린,38,서울 강남구123-45,010-2408-7645,수영
15633,서은우,37,용인 남구123-45,010-8400-6794,요리
15634,장소율,74,평택 장유동123-45,010-2482-8483,웹서핑
15635,정은우,39,포항 북구123-45,010-2299-5694,등산
15636,신시우,56,안양 진해구123-45,010-4161-2963,웹서핑
15637,김지원,27,청주 수성구123-45,010-6705-1952,여행
15638,오도윤,20,고양 성북구123-45,010-3338-6102,웹서핑
15639,윤지안,74,안양 강서구123-45,010-3248-6537,자전거 타기
15640,서지안,48,창원 덕진구123-45,010-6882-4612,자전거 타기
15641,김지안,76,수원 유성구123-45,010-6308-6003,뜨개질
15642,장예린,36,광주 서구123-45,010-1653-3911,웹서핑
15643,최수빈,52,수원 분당구123-45,010-3194-5118,뜨개질
15644,최예린,57,안양 덕진구123-45,010-2681-6608,음악감상
15645,조지원,46,남양주 팔달구123-45,010-7391-8587,수영
15646,오예은,45,안산 장유동123-45,010-1643-1832,수영
15647,강하은,39,성남 유성구123-45,010-4505-2523,드로잉
15648,서서준,53,김해 일산동구123-45,010-2808-7167,요리
15649,오소율,55,천안 일산동구123-45,010-8740-1008,카페 투어
15650,김시우,61,세종 장유동123-45,010-1052-1447,드로잉
15651,오서연,21,성남 일산동구123-45,010-5613-2649,요리
15652,최하윤,66,화성 달서구123-45,010-3037-4081,카페 투어
15653,신지민,56,서울 일산동구123-45,010-5201-1145,게임
15654,임서연,22,제주 흥덕구123-45,010-1992-7149,유튜브 보기
15655,장태윤,43,창원 달서구123-45,010-9318-5288,운동
15656,한현우,53,안산 해운대구123-45,010-2818-5805,운동
15657,신하은,21,안양 해운대구123-45,010-1760-4080,사진촬영
15658,강민수,41,광주 송파구123-45,010-8408-6298,등산
15659,윤서연,56,대전 덕양구123-45,010-5484-7272,영화감상
15660,한수빈,78,김해 수성구123-45,010-1590-5604,음악감상
15661,조예린,54,안산 달서구123-45,010-9160-5859,수영
15662,최태윤,38,안양 송파구123-45,010-4842-1989,사진촬영
15663,김수빈,42,서울 해운대구123-45,010-3808-8937,독서
15664,최서연,53,세종 성동구123-45,010-2465-4174,뜨개질
15665,이지원,62,청주 중구123-45,010-5817-8571,뜨개질
15666,최지후,45,고양 해운대구123-45,010-2135-6592,음악감상
15667,오시우,35,부산 서북구123-45,010-9352-8354,사진촬영
15668,김유진,46,대전 덕양구123-45,010-5315-5019,여행
15669,이은우,54,서울 중구123-45,010-2907-6272,사진촬영
15670,정서준,29,인천 송파구123-45,010-6496-9673,운동
15671,한유진,56,부산 분당구123-45,010-8477-7796,웹서핑
15672,정민수,52,광주 유성구123-45,010-2147-4307,수영
15673,최지안,38,울산 장유동123-45,010-3742-8753,영화감상
15674,오유진,39,창원 장유동123-45,010-7963-1073,사진촬영
15675,임민수,61,제주 일산동구123-45,010-4144-3344,게임
15676,최하윤,60,성남 해운대구123-45,010-4803-6781,운동
15677,최현우,62,화성 흥덕구123-45,010-4466-2312,음악감상
15678,최지후,23,대구 강서구123-45,010-7410-7600,등산
15679,강하윤,42,용인 북구123-45,010-6911-4275,사진촬영
15680,장하은,46,부산 분당구123-45,010-6419-9851,운동
15681,오건우,38,김해 달서구123-45,010-9519-3747,보드게임
15682,박현우,77,부산 수성구123-45,010-1771-2334,카페 투어
15683,윤지안,71,전주 강서구123-45,010-5404-8608,음악감상
15684,정수빈,22,고양 서구123-45,010-1265-7963,카페 투어
15685,정서준,78,대전 성동구123-45,010-6477-3827,웹서핑
15686,정은우,77,안산 송파구123-45,010-3888-1090,등산
15687,오은우,35,포항 성북구123-45,010-1614-2397,수영
15688,강도윤,28,부산 동구123-45,010-9910-2302,운동
15689,서예린,49,광주 달서구123-45,010-3444-5824,여행
15690,서예린,75,평택 일산동구123-45,010-8592-5886,카페 투어
15691,강태윤,48,울산 달서구123-45,010-5828-6132,독서
15692,오수빈,39,고양 팔달구123-45,010-9058-6555,독서
15693,정유진,52,울산 서북구123-45,010-3196-1746,보드게임
15694,오지민,46,남양주 신제주123-45,010-8618-3544,게임
15695,정건우,44,청주 수성구123-45,010-8936-4571,독서
15696,오지안,60,김해 동구123-45,010-4941-5844,등산
15697,이도윤,47,성남 덕진구123-45,010-8502-5104,사진촬영
15698,이예린,31,대전 서북구123-45,010-1768-3089,사진촬영
15699,조서준,48,수원 일산동구123-45,010-6193-3979,웹서핑
15700,최현우,63,평택 덕진구123-45,010-2392-6095,영화감상
15701,서하은,46,수원 팔달구123-45,010-2032-9148,웹서핑
15702,임건우,38,부산 강서구123-45,010-5673-8049,보드게임
15703,신지후,35,대구 흥덕구123-45,010-4383-2588,자전거 타기
15704,오지민,24,안산 수성구123-45,010-7377-5206,카페 투어
15705,김태윤,56,서울 기흥구123-45,010-1755-4860,유튜브 보기
15706,신수빈,27,부산 팔달구123-45,010-9565-1687,독서
15707,오시우,63,평택 신제주123-45,010-2426-7901,게임
15708,윤예은,75,광주 덕양구123-45,010-1394-4575,사진촬영
15709,조서준,63,안산 흥덕구123-45,010-3008-7961,등산
15710,이서연,38,울산 서구123-45,010-7740-6773,사진촬영
15711,김민수,26,고양 해운대구123-45,010-4306-4623,웹서핑
15712,임하윤,44,울산 서북구123-45,010-6305-6570,음악감상
15713,김지후,61,창원 덕진구123-45,010-6190-1674,게임
15714,오은우,70,전주 유성구123-45,010-7862-2041,등산
15715,장시우,21,전주 서북구123-45,010-6839-4731,수영
15716,최예은,26,창원 남구123-45,010-7272-8065,뜨개질
15717,강은우,59,포항 강서구123-45,010-7764-5497,뜨개질
15718,신지후,76,용인 유성구123-45,010-7891-2500,독서
15719,장지민,44,대구 분당구123-45,010-5441-5703,독서
15720,신지민,34,평택 서구123-45,010-8590-9434,유튜브 보기
15721,신현우,33,서울 진해구123-45,010-5332-1356,사진촬영
15722,최도윤,52,남양주 남구123-45,010-1156-6126,수영
15723,서지안,35,광주 일산동구123-45,010-6361-3451,유튜브 보기
15724,조유진,24,대전 신제주123-45,010-4850-8791,독서
15725,한서준,39,안양 신제주123-45,010-1557-4221,웹서핑
15726,신하윤,34,용인 성북구123-45,010-9815-2166,음악감상
15727,한소율,37,광주 중구123-45,010-2909-2465,자전거 타기
15728,오지후,76,수원 성북구123-45,010-9782-5214,자전거 타기
15729,오하윤,76,인천 유성구123-45,010-6702-6258,웹서핑
15730,김예린,50,남양주 성북구123-45,010-7093-7838,보드게임
15731,김소율,40,성남 달서구123-45,010-1766-2431,음악감상
15732,서건우,21,안산 북구123-45,010-3641-7056,사진촬영
15733,장예린,61,안산 분당구123-45,010-6561-5675,일기 쓰기
15734,박하은,71,안산 서북구123-45,010-6583-2092,일기 쓰기
15735,강도윤,42,포항 강남구123-45,010-2445-7239,수영
15736,서수빈,41,화성 남구123-45,010-7051-2404,여행
15737,장건우,34,울산 강남구123-45,010-2829-1650,여행
15738,한현우,23,전주 동구123-45,010-3171-3385,유튜브 보기
15739,김소율,72,평택 분당구123-45,010-9520-2351,유튜브 보기
15740,서현우,58,평택 신제주123-45,010-6468-4084,음악감상
15741,최도윤,71,용인 해운대구123-45,010-2266-3325,운동
15742,이하은,36,대전 장유동123-45,010-5115-6677,게임
15743,김지민,66,인천 서북구123-45,010-8169-7663,운동
15744,오건우,53,전주 동구123-45,010-2412-1422,드로잉
15745,김유진,72,용인 장유동123-45,010-7696-4654,음악감상
15746,임하은,31,창원 성북구123-45,010-4501-7896,게임
15747,조건우,75,용인 중구123-45,010-3398-7345,카페 투어
15748,최도윤,34,인천 기흥구123-45,010-5539-2715,자전거 타기
15749,조시우,77,청주 분당구123-45,010-8312-4483,카페 투어
15750,정예린,51,서울 달서구123-45,010-4251-3241,영화감상
15751,조현우,77,부산 중구123-45,010-2049-4532,웹서핑
15752,장지안,36,창원 강서구123-45,010-7801-7531,뜨개질
15753,이은우,41,서울 서북구123-45,010-4136-7005,요리
15754,윤민수,42,청주 일산동구123-45,010-3348-2114,수영
15755,윤민수,42,대전 달서구123-45,010-9561-2631,일기 쓰기
15756,임유진,41,대전 서구123-45,010-2983-7406,요리
15757,강하윤,37,세종 장유동123-45,010-3489-5843,운동
15758,신서연,26,청주 서구123-45,010-1911-1953,등산
15759,한건우,39,제주 남구123-45,010-6206-9251,보드게임
15760,이서연,55,대구 분당구123-45,010-1467-6379,독서
15761,한수빈,37,수원 서북구123-45,010-3595-7127,등산
15762,서지후,56,서울 송파구123-45,010-2590-4399,영화감상
15763,강현우,72,수원 덕진구123-45,010-1087-2040,영화감상
15764,정은우,47,창원 강서구123-45,010-9006-2996,뜨개질
15765,최지민,57,용인 강남구123-45,010-7439-5719,음악감상
15766,윤은우,68,부산 일산동구123-45,010-5936-2363,영화감상
15767,이지안,25,수원 강남구123-45,010-5142-4614,유튜브 보기
15768,최소율,57,울산 일산동구123-45,010-1113-8999,카페 투어
15769,오지원,40,수원 남구123-45,010-6907-8988,게임
15770,김지원,34,전주 신제주123-45,010-3493-4495,유튜브 보기
15771,한지원,45,대전 흥덕구123-45,010-4138-5556,게임
15772,장은우,25,청주 덕양구123-45,010-5202-6173,수영
15773,신현우,36,서울 강서구123-45,010-2185-4038,영화감상
15774,임하윤,50,서울 진해구123-45,010-5245-2409,유튜브 보기
15775,장서준,58,부산 성동구123-45,010-6211-5260,웹서핑
15776,오예린,30,인천 유성구123-45,010-2987-7502,게임
15777,한지안,27,대구 장유동123-45,010-4287-5245,영화감상
15778,박태윤,51,울산 수성구123-45,010-3168-5995,수영
15779,이유진,70,인천 덕양구123-45,010-4025-2548,운동
15780,한현우,54,대구 서북구123-45,010-7546-1777,자전거 타기
15781,정지후,34,화성 성동구123-45,010-1599-1649,음악감상
15782,오소율,62,창원 흥덕구123-45,010-1910-1643,영화감상
15783,서서연,38,인천 달서구123-45,010-6149-8749,영화감상
15784,오지후,35,김해 신제주123-45,010-1025-6456,운동
15785,김태윤,21,광주 수성구123-45,010-8800-5633,여행
15786,서유진,51,전주 중구123-45,010-2880-1178,게임
15787,최서준,77,대구 유성구123-45,010-8909-8462,사진촬영
15788,서서준,46,부산 서구123-45,010-3399-3265,수영
15789,한도윤,56,대전 성북구123-45,010-5705-7478,영화감상
15790,임소율,30,부산 동구123-45,010-8620-1231,보드게임
15791,장유진,49,제주 북구123-45,010-3306-8489,카페 투어
15792,김수빈,74,수원 팔달구123-45,010-6244-1205,게임
15793,서예은,74,고양 덕양구123-45,010-7428-6040,웹서핑
15794,윤예린,59,창원 성동구123-45,010-8739-2636,웹서핑
15795,윤하은,56,인천 달서구123-45,010-4101-3669,자전거 타기
15796,신소율,37,김해 서구123-45,010-6200-1244,수영
15797,김태윤,48,전주 유성구123-45,010-3912-1839,독서
15798,한하윤,62,용인 달서구123-45,010-9446-9727,등산
15799,박지민,51,청주 장유동123-45,010-9188-5273,수영
15800,정지후,21,고양 성동구123-45,010-1043-5318,게임
15801,강건우,31,전주 팔달구123-45,010-7469-3971,운동
15802,윤예은,26,안산 장유동123-45,010-9779-3345,일기 쓰기
15803,윤시우,58,안양 덕양구123-45,010-3528-3614,웹서핑
15804,김지원,44,대구 서구123-45,010-5845-6634,운동
15805,정서준,24,수원 분당구123-45,010-5243-5195,여행
15806,이소율,20,세종 장유동123-45,010-4844-7066,운동
15807,오지민,69,용인 신제주123-45,010-4146-4740,카페 투어
15808,이은우,52,용인 서북구123-45,010-4742-1905,웹서핑
15809,윤건우,54,대전 덕양구123-45,010-4906-7544,수영
15810,강서준,72,세종 송파구123-45,010-6343-6202,뜨개질
15811,박은우,20,제주 서북구123-45,010-7969-3434,유튜브 보기
15812,윤지민,49,대전 수성구123-45,010-1006-6812,사진촬영
15813,이예은,44,인천 북구123-45,010-5570-4322,드로잉
15814,한소율,66,광주 강남구123-45,010-3350-1800,게임
15815,윤예린,54,성남 덕양구123-45,010-8684-4450,드로잉
15816,정소율,53,울산 일산동구123-45,010-2973-7768,유튜브 보기
15817,신지민,57,남양주 팔달구123-45,010-9572-7801,드로잉
15818,한은우,53,천안 북구123-45,010-5464-7413,음악감상
15819,조소율,45,안산 신제주123-45,010-1117-3810,뜨개질
15820,김지민,63,창원 흥덕구123-45,010-2811-3696,영화감상
15821,강은우,58,서울 성북구123-45,010-4918-4221,게임
15822,조민수,62,평택 동구123-45,010-5420-4098,영화감상
15823,장태윤,39,인천 덕양구123-45,010-3155-1043,영화감상
15824,한예린,22,인천 팔달구123-45,010-3521-6019,뜨개질
15825,한예은,75,울산 분당구123-45,010-5913-1326,뜨개질
15826,이지후,22,청주 분당구123-45,010-4252-9877,카페 투어
15827,장태윤,61,고양 성북구123-45,010-4286-5645,웹서핑
15828,김하윤,67,화성 성북구123-45,010-3469-5896,수영
15829,오소율,60,울산 장유동123-45,010-1694-3899,일기 쓰기
15830,신지민,51,대구 성동구123-45,010-7359-1278,독서
15831,신은우,34,남양주 장유동123-45,010-2294-1080,사진촬영
15832,서은우,70,부산 덕진구123-45,010-9320-4456,자전거 타기
15833,서예린,29,창원 북구123-45,010-6995-2925,음악감상
15834,최소율,57,청주 기흥구123-45,010-3973-6567,음악감상
15835,신하은,68,창원 기흥구123-45,010-1867-3851,요리
15836,신지민,27,광주 유성구123-45,010-8339-8867,웹서핑
15837,정태윤,69,대전 중구123-45,010-8154-8356,웹서핑
15838,임은우,22,성남 기흥구123-45,010-9622-6742,일기 쓰기
15839,오유진,65,창원 성북구123-45,010-1221-1200,자전거 타기
15840,신지민,21,창원 흥덕구123-45,010-4388-6729,보드게임
15841,이서준,65,광주 진해구123-45,010-8801-9184,뜨개질
15842,신지원,64,남양주 중구123-45,010-1738-1077,여행
15843,한하윤,54,서울 북구123-45,010-2940-8333,등산
15844,서예은,29,안산 진해구123-45,010-9629-9682,웹서핑
15845,강지원,25,대전 진해구123-45,010-7938-4368,드로잉
15846,조서준,77,청주 강남구123-45,010-5281-7810,드로잉
15847,장수빈,31,대전 유성구123-45,010-5672-7963,일기 쓰기
15848,김도윤,48,수원 팔달구123-45,010-7125-3333,뜨개질
15849,신지원,45,고양 성북구123-45,010-6395-5374,영화감상
15850,오도윤,39,서울 분당구123-45,010-7812-3685,카페 투어
15851,장지후,64,김해 덕양구123-45,010-6665-7538,게임
15852,서유진,39,청주 서구123-45,010-3699-3795,사진촬영
15853,정예린,53,화성 흥덕구123-45,010-6838-3400,게임
15854,조건우,79,제주 성동구123-45,010-1257-2416,드로잉
15855,장지민,76,인천 신제주123-45,010-4999-9009,자전거 타기
15856,한서연,33,부산 팔달구123-45,010-4081-3684,카페 투어
15857,임서연,64,포항 강서구123-45,010-4762-5383,유튜브 보기
15858,윤예은,72,인천 덕진구123-45,010-3841-8986,독서
15859,서태윤,41,인천 진해구123-45,010-1587-3066,운동
15860,한도윤,33,울산 서구123-45,010-6526-8816,사진촬영
15861,정서연,39,고양 서북구123-45,010-9727-6995,여행
15862,장건우,60,안양 서구123-45,010-8621-2346,등산
15863,한서연,33,성남 일산동구123-45,010-4939-5131,음악감상
15864,최도윤,38,안양 달서구123-45,010-4658-7279,독서
15865,조예린,35,화성 신제주123-45,010-2197-9947,웹서핑
15866,정지안,41,서울 해운대구123-45,010-9787-6721,게임
15867,박태윤,21,포항 성동구123-45,010-7401-7133,음악감상
15868,임도윤,33,평택 수성구123-45,010-2933-5432,요리
15869,박지안,49,남양주 성동구123-45,010-4396-5385,웹서핑
15870,임예은,20,부산 송파구123-45,010-9829-5535,요리
15871,조유진,53,평택 유성구123-45,010-6379-7736,수영
15872,박소율,58,서울 덕양구123-45,010-7639-2301,드로잉
15873,오현우,60,포항 유성구123-45,010-6916-2723,독서
15874,신유진,29,포항 북구123-45,010-4065-6251,등산
15875,오유진,68,안양 분당구123-45,010-6883-9107,음악감상
15876,장건우,69,화성 장유동123-45,010-8896-8716,자전거 타기
15877,최서연,39,인천 수성구123-45,010-7949-3346,일기 쓰기
15878,장하은,60,창원 흥덕구123-45,010-1185-2535,요리
15879,오지민,36,청주 서북구123-45,010-9288-5384,운동
15880,이소율,26,남양주 기흥구123-45,010-1192-6246,독서
15881,김소율,45,김해 서구123-45,010-7519-2446,독서
15882,강민수,48,화성 기흥구123-45,010-9172-6321,드로잉
15883,서예린,47,대구 송파구123-45,010-1729-3205,뜨개질
15884,박소율,44,안양 해운대구123-45,010-8544-7659,독서
15885,임지민,55,김해 해운대구123-45,010-4947-9111,드로잉
15886,신유진,27,창원 성동구123-45,010-4378-3514,수영
15887,서지원,50,포항 흥덕구123-45,010-3016-3715,요리
15888,박지민,73,광주 서구123-45,010-5334-4762,운동
15889,오민수,41,안양 흥덕구123-45,010-9687-5004,운동
15890,박서연,47,제주 기흥구123-45,010-4218-7290,수영
15891,오예은,65,부산 팔달구123-45,010-4252-9026,사진촬영
15892,윤시우,63,인천 진해구123-45,010-6315-2564,일기 쓰기
15893,신시우,63,고양 수성구123-45,010-9260-6222,운동
15894,조지민,45,평택 달서구123-45,010-6710-4793,영화감상
15895,신수빈,72,용인 유성구123-45,010-4837-6754,수영
15896,장건우,63,용인 해운대구123-45,010-5000-3114,사진촬영
15897,한시우,73,창원 팔달구123-45,010-2019-2134,음악감상
15898,한지원,45,고양 덕양구123-45,010-8469-7903,영화감상
15899,장소율,62,평택 진해구123-45,010-2075-2786,요리
15900,이소율,20,광주 성북구123-45,010-7571-9426,수영
15901,박소율,50,성남 흥덕구123-45,010-2914-9378,카페 투어
15902,신태윤,22,안양 성동구123-45,010-5407-1771,등산
15903,조서준,57,수원 수성구123-45,010-7334-1444,영화감상
15904,김하윤,68,청주 흥덕구123-45,010-7974-1716,게임
15905,김지원,55,울산 기흥구123-45,010-1731-1258,유튜브 보기
15906,정건우,50,안양 북구123-45,010-6804-5286,음악감상
15907,장태윤,27,청주 송파구123-45,010-1046-4086,게임
15908,이민수,65,대전 분당구123-45,010-4520-4778,보드게임
15909,최도윤,40,안양 장유동123-45,010-2317-7888,게임
15910,이하윤,75,창원 덕양구123-45,010-5773-5536,사진촬영
15911,김하윤,25,세종 진해구123-45,010-4011-9809,드로잉
15912,서하윤,72,포항 흥덕구123-45,010-8888-5835,웹서핑
15913,임예은,29,천안 성북구123-45,010-3887-6346,여행
15914,김은우,22,고양 수성구123-45,010-3720-4649,등산
15915,신서연,62,세종 유성구123-45,010-6093-9677,운동
15916,임지민,49,수원 일산동구123-45,010-8288-1382,수영
15917,조현우,30,서울 북구123-45,010-4955-4217,독서
15918,윤민수,59,울산 동구123-45,010-5726-2489,수영
15919,한유진,52,화성 진해구123-45,010-2221-7257,등산
15920,윤예은,28,평택 흥덕구123-45,010-3295-1116,음악감상
15921,이수빈,30,대전 수성구123-45,010-1936-4285,유튜브 보기
15922,한건우,22,제주 성북구123-45,010-7863-8887,운동
15923,윤예린,45,광주 덕양구123-45,010-3225-9623,사진촬영
15924,한하은,61,청주 북구123-45,010-5317-2773,일기 쓰기
15925,신하윤,78,광주 강서구123-45,010-6006-8910,유튜브 보기
15926,한은우,74,안양 서북구123-45,010-4108-1181,여행
15927,정지후,46,세종 덕진구123-45,010-4467-6813,독서
15928,조도윤,39,세종 성북구123-45,010-6362-1824,등산
15929,정은우,39,화성 해운대구123-45,010-2477-7348,요리
15930,이도윤,76,전주 성북구123-45,010-8963-1977,여행
15931,강하은,79,김해 장유동123-45,010-3137-3908,운동
15932,신태윤,63,평택 분당구123-45,010-6734-6943,음악감상
15933,박시우,26,대구 진해구123-45,010-8725-9662,카페 투어
15934,조지안,52,청주 중구123-45,010-7838-5316,카페 투어
15935,임서준,24,성남 팔달구123-45,010-3333-4420,게임
15936,정태윤,57,대전 서북구123-45,010-2105-5840,운동
15937,김예은,74,부산 신제주123-45,010-7958-5654,사진촬영
15938,한유진,74,전주 강남구123-45,010-6667-2277,수영
15939,서민수,49,수원 덕진구123-45,010-5909-3133,보드게임
15940,장지안,33,창원 해운대구123-45,010-7979-1964,웹서핑
15941,서지안,46,대구 동구123-45,010-5752-1554,유튜브 보기
15942,정지안,26,남양주 동구123-45,010-6756-8678,여행
15943,이지원,65,남양주 신제주123-45,010-1323-7334,일기 쓰기
15944,최예린,75,안양 동구123-45,010-5692-2963,독서
15945,최현우,65,천안 유성구123-45,010-1211-8939,사진촬영
15946,오도윤,36,포항 서구123-45,010-5472-5301,등산
15947,임지안,58,부산 서북구123-45,010-8166-7280,수영
15948,오지민,54,수원 덕양구123-45,010-5412-1293,영화감상
15949,최하은,36,성남 흥덕구123-45,010-9343-8280,카페 투어
15950,오예린,55,세종 팔달구123-45,010-7783-3435,유튜브 보기
15951,김도윤,22,대구 서북구123-45,010-2557-5731,요리
15952,윤현우,35,광주 일산동구123-45,010-6908-5842,운동
15953,서은우,55,대구 서구123-45,010-8453-9859,운동
15954,임서연,20,성남 기흥구123-45,010-2488-8872,드로잉
15955,김예린,34,평택 서북구123-45,010-9986-3183,수영
15956,임건우,34,김해 동구123-45,010-2778-7769,뜨개질
15957,한시우,50,광주 달서구123-45,010-5675-1154,여행
15958,조하은,51,평택 동구123-45,010-3989-3908,여행
15959,한건우,77,수원 흥덕구123-45,010-3772-9404,여행
15960,강현우,43,울산 팔달구123-45,010-2919-4971,요리
15961,조예은,61,수원 분당구123-45,010-6747-5918,자전거 타기
15962,조은우,48,전주 덕양구123-45,010-4749-5271,드로잉
15963,윤지후,37,대전 팔달구123-45,010-7299-5594,여행
15964,강서준,66,청주 성북구123-45,010-6132-2080,사진촬영
15965,김하은,47,포항 유성구123-45,010-7003-7103,유튜브 보기
15966,임민수,51,제주 진해구123-45,010-4832-5496,뜨개질
15967,윤서준,32,창원 성북구123-45,010-3319-5992,유튜브 보기
15968,강태윤,51,고양 덕양구123-45,010-1511-4000,일기 쓰기
15969,김지안,65,서울 수성구123-45,010-1077-8469,사진촬영
15970,임서연,67,광주 팔달구123-45,010-6134-7088,등산
15971,이지후,47,부산 동구123-45,010-6648-4575,보드게임
15972,서지민,49,포항 덕양구123-45,010-1218-7602,여행
15973,조하은,79,용인 수성구123-45,010-5967-8976,보드게임
15974,윤태윤,57,대전 수성구123-45,010-6616-1287,영화감상
15975,신시우,70,수원 흥덕구123-45,010-6935-2055,독서
15976,강소율,49,천안 분당구123-45,010-6316-1728,유튜브 보기
15977,강예은,49,부산 기흥구123-45,010-7739-8551,카페 투어
15978,임민수,45,평택 중구123-45,010-8604-9837,뜨개질
15979,한현우,57,화성 일산동구123-45,010-7194-5880,운동
15980,신민수,23,안양 남구123-45,010-2397-8256,수영
15981,이서연,39,고양 수성구123-45,010-5824-9931,게임
15982,임유진,31,청주 분당구123-45,010-4027-1450,일기 쓰기
15983,김수빈,35,대구 강서구123-45,010-6506-3233,드로잉
15984,조지민,43,인천 수성구123-45,010-9652-8267,보드게임
15985,정지후,48,안산 달서구123-45,010-4718-5284,사진촬영
15986,이태윤,43,대구 강남구123-45,010-5341-2341,자전거 타기
15987,윤소율,62,광주 중구123-45,010-9015-5340,영화감상
15988,신지후,60,성남 유성구123-45,010-1875-6881,등산
15989,윤유진,53,제주 덕진구123-45,010-1749-5050,게임
15990,한예은,36,안양 북구123-45,010-2371-8768,등산
15991,신현우,76,천안 흥덕구123-45,010-5234-7087,뜨개질
15992,김하윤,32,평택 강남구123-45,010-2921-4418,등산
15993,한유진,35,화성 덕양구123-45,010-5076-5173,운동
15994,한수빈,72,인천 남구123-45,010-7307-3881,요리
15995,최유진,54,광주 성동구123-45,010-2273-2939,뜨개질
15996,박도윤,29,부산 강남구123-45,010-8246-4701,독서
15997,조수빈,67,포항 남구123-45,010-9229-5796,등산
15998,임소율,49,화성 북구123-45,010-7871-3177,카페 투어
15999,최소율,36,부산 송파구123-45,010-9774-7024,등산
16000,최시우,56,대구 장유동123-45,010-6138-6060,드로잉
16001,윤태윤,52,용인 일산동구123-45,010-8032-7336,등산
16002,최은우,36,천안 신제주123-45,010-5149-5815,영화감상
16003,신도윤,21,대전 성북구123-45,010-2511-3510,등산
16004,오은우,69,성남 분당구123-45,010-1485-7789,여행
16005,김하은,29,고양 기흥구123-45,010-8675-4713,자전거 타기
16006,김도윤,40,고양 동구123-45,010-2063-2229,음악감상
16007,장서준,39,포항 중구123-45,010-5326-1300,영화감상
16008,강건우,79,인천 강서구123-45,010-4240-9457,유튜브 보기
16009,이민수,57,김해 수성구123-45,010-5415-6047,웹서핑
16010,한소율,67,김해 유성구123-45,010-3364-4353,독서
16011,박지민,68,제주 동구123-45,010-5658-3803,자전거 타기
16012,박민수,24,청주 서구123-45,010-4953-2599,유튜브 보기
16013,임예린,53,안산 수성구123-45,010-9108-1730,요리
16014,신현우,71,천안 서북구123-45,010-3404-3860,게임
16015,이서연,57,울산 달서구123-45,010-5011-9628,독서
16016,윤은우,22,남양주 서구123-45,010-8241-9257,유튜브 보기
16017,정건우,49,창원 강서구123-45,010-5443-9425,운동
16018,김지원,53,화성 덕양구123-45,010-1598-2390,드로잉
16019,오유진,78,인천 중구123-45,010-6025-8652,일기 쓰기
16020,장서준,42,세종 동구123-45,010-1857-9973,자전거 타기
16021,박건우,37,세종 덕양구123-45,010-3170-3462,사진촬영
16022,신서연,61,대구 성북구123-45,010-8196-7623,뜨개질
16023,한서준,51,화성 팔달구123-45,010-2331-6494,게임
16024,신수빈,64,김해 흥덕구123-45,010-6311-4260,독서
16025,정소율,45,서울 강남구123-45,010-3178-5975,여행
16026,한하은,67,청주 중구123-45,010-7581-7671,등산
16027,서건우,35,세종 해운대구123-45,010-2771-3273,사진촬영
16028,박유진,36,안산 성동구123-45,010-9788-7366,일기 쓰기
16029,임예린,44,광주 덕진구123-45,010-8884-4069,운동
16030,장은우,47,고양 동구123-45,010-7897-5685,카페 투어
16031,임소율,44,제주 덕양구123-45,010-1409-5844,드로잉
16032,조지후,37,울산 신제주123-45,010-6233-4579,게임
16033,임지후,35,성남 중구123-45,010-1070-9584,뜨개질
16034,신민수,64,안산 진해구123-45,010-6192-5786,유튜브 보기
16035,정유진,56,천안 분당구123-45,010-2443-4032,웹서핑
16036,정지원,41,김해 진해구123-45,010-5493-6619,뜨개질
16037,최민수,22,평택 기흥구123-45,010-4122-1863,독서
16038,이건우,75,김해 달서구123-45,010-4579-6598,독서
16039,이지안,56,대구 신제주123-45,010-5442-2701,웹서핑
16040,조지민,46,광주 덕양구123-45,010-5175-3245,사진촬영
16041,이지후,45,대전 동구123-45,010-2487-2988,수영
16042,김시우,57,안산 해운대구123-45,010-4464-4481,요리
16043,박소율,55,안양 진해구123-45,010-3502-5147,여행
16044,김현우,73,창원 동구123-45,010-9793-6419,사진촬영
16045,조수빈,28,대구 수성구123-45,010-3677-8309,운동
16046,오지후,63,대구 덕양구123-45,010-8392-2531,운동
16047,신수빈,35,화성 분당구123-45,010-6319-8474,영화감상
16048,최민수,33,청주 송파구123-45,010-5154-3907,영화감상
16049,오현우,58,김해 흥덕구123-45,010-7339-2611,드로잉
16050,장도윤,60,대전 팔달구123-45,010-2739-4115,자전거 타기
16051,한하윤,46,남양주 기흥구123-45,010-9958-8217,요리
16052,조현우,48,서울 흥덕구123-45,010-2666-6373,여행
16053,신서준,24,평택 진해구123-45,010-9187-6950,사진촬영
16054,강소율,67,천안 덕양구123-45,010-5946-4570,독서
16055,신예린,78,안산 동구123-45,010-6545-5953,일기 쓰기
16056,강소율,60,광주 분당구123-45,010-3337-2827,뜨개질
16057,오서준,39,울산 북구123-45,010-9996-6653,뜨개질
16058,조지원,27,창원 덕양구123-45,010-8051-9201,사진촬영
16059,한시우,57,세종 덕양구123-45,010-5506-7458,여행
16060,조태윤,43,고양 강서구123-45,010-7471-1940,영화감상
16061,오지원,60,광주 장유동123-45,010-5910-6018,음악감상
16062,강예린,69,서울 팔달구123-45,010-4160-2349,뜨개질
16063,이유진,27,김해 달서구123-45,010-1935-6548,등산
16064,최서준,63,전주 달서구123-45,010-7508-3655,사진촬영
16065,조서준,38,천안 서북구123-45,010-3905-4539,등산
16066,장지후,33,남양주 신제주123-45,010-2743-5329,게임
16067,서은우,38,성남 진해구123-45,010-2458-1239,드로잉
16068,강하윤,49,안양 기흥구123-45,010-4184-8189,독서
16069,한유진,24,서울 북구123-45,010-1253-1289,뜨개질
16070,장은우,35,남양주 분당구123-45,010-5106-6956,웹서핑
16071,장도윤,68,창원 송파구123-45,010-6529-2050,요리
16072,박하윤,32,평택 장유동123-45,010-5835-5190,카페 투어
16073,박서연,21,대전 성북구123-45,010-2131-6004,뜨개질
16074,최지원,30,대구 흥덕구123-45,010-8616-6013,영화감상
16075,신지후,27,울산 중구123-45,010-3206-5007,웹서핑
16076,한하은,66,서울 기흥구123-45,010-4629-2578,음악감상
16077,정서준,46,광주 기흥구123-45,010-4241-4228,영화감상
16078,최소율,32,용인 성북구123-45,010-3473-1557,수영
16079,윤지원,53,김해 서구123-45,010-7144-3868,카페 투어
16080,강소율,41,전주 덕양구123-45,010-9335-2776,유튜브 보기
16081,오지민,31,전주 덕양구123-45,010-9656-6936,운동
16082,오지원,27,고양 덕진구123-45,010-2244-5844,웹서핑
16083,장민수,27,용인 장유동123-45,010-2063-4898,웹서핑
16084,윤지원,26,대전 덕진구123-45,010-3551-5946,드로잉
16085,한지원,76,평택 유성구123-45,010-1745-4145,자전거 타기
16086,윤태윤,24,용인 덕진구123-45,010-1331-6938,독서
16087,서서연,52,인천 중구123-45,010-3051-3792,뜨개질
16088,신서준,73,청주 강서구123-45,010-2942-9982,독서
16089,강수빈,33,수원 북구123-45,010-6778-8071,게임
16090,박예은,42,부산 송파구123-45,010-5429-9334,유튜브 보기
16091,장하윤,74,성남 흥덕구123-45,010-9724-1592,드로잉
16092,이소율,66,안산 강남구123-45,010-3773-4749,영화감상
16093,조유진,57,김해 동구123-45,010-8557-6738,자전거 타기
16094,김서연,63,용인 수성구123-45,010-2370-8802,음악감상
16095,조지민,39,포항 일산동구123-45,010-1602-4232,드로잉
16096,임지안,20,용인 북구123-45,010-6675-9919,영화감상
16097,강지안,77,안양 달서구123-45,010-4248-2066,등산
16098,정하윤,26,성남 팔달구123-45,010-6282-2076,드로잉
16099,임민수,52,대구 장유동123-45,010-5733-2457,수영
16100,최지민,40,안산 덕양구123-45,010-5807-1827,음악감상
16101,정지민,49,김해 달서구123-45,010-8317-1319,음악감상
16102,한은우,70,천안 수성구123-45,010-2894-9933,요리
16103,윤예린,33,안산 해운대구123-45,010-2765-5979,카페 투어
16104,윤예은,55,안산 흥덕구123-45,010-2931-4619,카페 투어
16105,이유진,69,김해 신제주123-45,010-3595-4424,카페 투어
16106,오현우,56,남양주 덕진구123-45,010-3532-6581,게임
16107,신시우,66,인천 성동구123-45,010-1482-4246,수영
16108,윤민수,26,청주 북구123-45,010-6710-1637,영화감상
16109,장지안,65,인천 분당구123-45,010-4281-2582,음악감상
16110,신지안,36,김해 강서구123-45,010-3357-2500,수영
16111,윤소율,50,부산 팔달구123-45,010-4197-2442,음악감상
16112,한태윤,52,대전 장유동123-45,010-2031-3498,요리
16113,조소율,44,세종 장유동123-45,010-6569-8497,등산
16114,최지안,21,고양 장유동123-45,010-2593-8441,요리
16115,오건우,43,대전 덕진구123-45,010-2820-9254,요리
16116,김예린,60,울산 성북구123-45,010-4456-7018,게임
16117,한예은,43,전주 성북구123-45,010-7090-5609,보드게임
16118,조민수,53,대전 강서구123-45,010-9065-6589,음악감상
16119,조하은,51,수원 팔달구123-45,010-9096-6643,영화감상
16120,한예은,73,포항 진해구123-45,010-7608-6053,유튜브 보기
16121,정하은,43,화성 해운대구123-45,010-8236-5326,독서
16122,강지후,62,전주 팔달구123-45,010-2195-3168,요리
16123,최지원,43,김해 해운대구123-45,010-3138-2001,게임
16124,임예린,52,고양 덕양구123-45,010-1175-7658,운동
16125,조예은,57,대구 해운대구123-45,010-4535-4559,드로잉
16126,강하윤,53,용인 성북구123-45,010-2473-8602,여행
16127,최소율,59,창원 남구123-45,010-3584-8760,수영
16128,신현우,53,용인 장유동123-45,010-9445-6930,게임
16129,장은우,40,포항 강서구123-45,010-7811-6262,드로잉
16130,이예린,58,광주 강서구123-45,010-1986-3355,등산
16131,정수빈,46,울산 흥덕구123-45,010-5748-5320,자전거 타기
16132,강은우,32,울산 서북구123-45,010-1306-3165,수영
16133,오유진,47,포항 장유동123-45,010-1488-6049,게임
16134,윤은우,69,성남 서구123-45,010-6885-8091,웹서핑
16135,박소율,34,대구 진해구123-45,010-8165-3816,웹서핑
16136,조서준,61,수원 송파구123-45,010-4711-8163,수영
16137,오지원,77,김해 중구123-45,010-9358-5576,웹서핑
16138,정예린,37,안산 북구123-45,010-6460-4513,음악감상
16139,서건우,53,청주 분당구123-45,010-9810-4426,카페 투어
16140,조하은,75,광주 덕양구123-45,010-1210-1228,유튜브 보기
16141,서건우,23,대전 성동구123-45,010-3742-4237,카페 투어
16142,오예린,40,대구 신제주123-45,010-4758-2990,뜨개질
16143,조지원,52,대전 강서구123-45,010-3189-8988,자전거 타기
16144,장지안,24,제주 기흥구123-45,010-1188-4400,게임
16145,정은우,53,청주 강남구123-45,010-3094-2391,보드게임
16146,강현우,68,안양 송파구123-45,010-3731-1234,일기 쓰기
16147,신도윤,51,광주 동구123-45,010-6405-9919,보드게임
16148,윤지민,46,인천 중구123-45,010-7862-4686,자전거 타기
16149,조현우,47,남양주 신제주123-45,010-7167-6437,독서
16150,장시우,58,인천 남구123-45,010-4626-1853,수영
16151,한유진,22,부산 중구123-45,010-3394-7066,운동
16152,한지후,70,포항 남구123-45,010-5046-4135,웹서핑
16153,윤민수,25,수원 수성구123-45,010-2082-8976,일기 쓰기
16154,조지민,34,울산 일산동구123-45,010-4061-7030,카페 투어
16155,임소율,24,청주 송파구123-45,010-3692-3783,여행
16156,조민수,27,용인 신제주123-45,010-2854-5763,독서
16157,윤지원,70,울산 달서구123-45,010-2789-6112,독서
16158,한현우,47,전주 달서구123-45,010-3715-2615,유튜브 보기
16159,윤소율,79,전주 유성구123-45,010-3899-3692,보드게임
16160,김태윤,67,수원 서구123-45,010-9300-4554,뜨개질
16161,한서준,71,화성 팔달구123-45,010-8074-6453,웹서핑
16162,임지안,27,성남 유성구123-45,010-7101-7494,여행
16163,박건우,37,화성 남구123-45,010-8215-5619,일기 쓰기
16164,오도윤,40,천안 수성구123-45,010-2162-4764,유튜브 보기
16165,박시우,40,창원 기흥구123-45,010-7016-1574,드로잉
16166,박소율,48,대구 장유동123-45,010-7329-8060,게임
16167,오민수,71,대전 수성구123-45,010-4672-8657,여행
16168,강서연,75,평택 신제주123-45,010-2118-8384,수영
16169,장지민,61,남양주 북구123-45,010-4598-1325,여행
16170,정도윤,43,화성 남구123-45,010-2576-7137,보드게임
16171,한건우,72,성남 덕양구123-45,010-6903-9641,웹서핑
16172,윤하은,64,세종 분당구123-45,010-2146-2911,뜨개질
16173,김은우,66,청주 덕양구123-45,010-5102-1752,독서
16174,윤서준,60,포항 유성구123-45,010-4386-1356,카페 투어
16175,최서준,74,남양주 강서구123-45,010-6602-3138,여행
16176,한수빈,39,천안 흥덕구123-45,010-6053-3809,요리
16177,한서연,22,남양주 일산동구123-45,010-2407-1712,일기 쓰기
16178,김하은,47,광주 덕진구123-45,010-8136-6319,운동
16179,장은우,59,전주 팔달구123-45,010-3066-5219,자전거 타기
16180,오민수,60,광주 서구123-45,010-7247-3046,요리
16181,강지후,58,고양 중구123-45,010-4457-7493,보드게임
16182,최지안,47,천안 달서구123-45,010-8496-2592,게임
16183,최예은,49,화성 진해구123-45,010-6424-9158,영화감상
16184,윤건우,70,대구 서구123-45,010-6736-5094,웹서핑
16185,서지안,47,전주 기흥구123-45,010-8796-1886,등산
16186,신현우,49,용인 송파구123-45,010-4507-7016,카페 투어
16187,강민수,58,안양 성북구123-45,010-4866-2033,웹서핑
16188,강은우,50,고양 서북구123-45,010-4824-9624,보드게임
16189,장수빈,58,포항 유성구123-45,010-2568-3957,보드게임
16190,장서준,61,천안 강서구123-45,010-2810-7167,여행
16191,박서준,70,창원 수성구123-45,010-5722-7892,여행
16192,강건우,52,서울 흥덕구123-45,010-2951-4350,카페 투어
16193,임지안,58,김해 장유동123-45,010-1749-6736,독서
16194,강건우,59,인천 동구123-45,010-9340-6357,요리
16195,이하은,47,용인 일산동구123-45,010-6614-9985,요리
16196,최지안,20,창원 덕양구123-45,010-1853-1718,자전거 타기
16197,윤시우,30,전주 팔달구123-45,010-3611-9992,독서
16198,신지민,23,화성 강서구123-45,010-4168-2401,음악감상
16199,정서연,55,안양 기흥구123-45,010-3768-6599,독서
16200,윤수빈,46,제주 중구123-45,010-6634-6145,자전거 타기
16201,임시우,37,천안 남구123-45,010-3330-7997,웹서핑
16202,신지안,29,대전 장유동123-45,010-5896-3085,게임
16203,박민수,20,인천 팔달구123-45,010-4239-2757,여행
16204,최하은,53,제주 흥덕구123-45,010-3694-7550,독서
16205,한예린,36,울산 유성구123-45,010-1843-1759,등산
16206,윤하은,44,수원 덕양구123-45,010-1491-1695,음악감상
16207,이지원,64,수원 성동구123-45,010-7915-1220,드로잉
16208,김도윤,38,서울 강서구123-45,010-1802-2591,게임
16209,박현우,71,성남 기흥구123-45,010-3756-1557,수영
16210,신지안,41,수원 남구123-45,010-3521-9792,음악감상
16211,신지후,32,청주 남구123-45,010-7515-2484,카페 투어
16212,서서연,41,서울 덕양구123-45,010-2556-6194,운동
16213,최하윤,78,수원 달서구123-45,010-4670-7105,게임
16214,한지민,36,용인 팔달구123-45,010-2617-7136,운동
16215,정태윤,79,세종 일산동구123-45,010-9129-4781,게임
16216,김태윤,38,고양 강서구123-45,010-3622-1489,뜨개질
16217,정하윤,73,수원 수성구123-45,010-7090-2921,자전거 타기
16218,정지원,49,광주 해운대구123-45,010-9245-3990,게임
16219,장건우,75,세종 성동구123-45,010-5908-6614,자전거 타기
16220,서하은,33,인천 신제주123-45,010-7030-2106,자전거 타기
16221,김예은,39,안산 남구123-45,010-9582-7958,수영
16222,정은우,52,수원 강남구123-45,010-5468-5124,일기 쓰기
16223,정유진,42,전주 기흥구123-45,010-8300-1688,음악감상
16224,박예은,42,청주 유성구123-45,010-1878-3949,요리
16225,임태윤,25,수원 서북구123-45,010-9316-2207,등산
16226,장유진,52,김해 성북구123-45,010-2183-4040,수영
16227,조예은,77,용인 분당구123-45,010-3426-7748,뜨개질
16228,강유진,48,화성 신제주123-45,010-6092-3892,영화감상
16229,정예은,47,제주 수성구123-45,010-2754-8398,게임
16230,박유진,70,화성 팔달구123-45,010-3116-9979,일기 쓰기
16231,신은우,48,전주 기흥구123-45,010-2164-1736,드로잉
16232,김하윤,48,김해 동구123-45,010-5970-8773,수영
16233,신하윤,21,고양 성북구123-45,010-5498-8457,영화감상
16234,박유진,78,포항 북구123-45,010-1596-2917,사진촬영
16235,신하윤,31,창원 서구123-45,010-1763-5868,카페 투어
16236,서민수,58,안산 남구123-45,010-5103-4474,카페 투어
16237,강서준,55,대전 달서구123-45,010-5443-2586,카페 투어
16238,이시우,76,천안 강남구123-45,010-5015-8101,웹서핑
16239,이서준,45,수원 장유동123-45,010-7071-7330,운동
16240,조지안,54,화성 남구123-45,010-2451-4841,웹서핑
16241,조수빈,36,안산 장유동123-45,010-7085-9255,카페 투어
16242,신현우,76,포항 서북구123-45,010-1366-6749,등산
16243,최수빈,44,제주 분당구123-45,010-4233-2576,보드게임
16244,신소율,23,김해 흥덕구123-45,010-5269-9227,수영
16245,김도윤,61,안양 서북구123-45,010-4520-6136,유튜브 보기
16246,조도윤,49,전주 장유동123-45,010-1703-1579,드로잉
16247,이하윤,70,용인 흥덕구123-45,010-1759-1264,사진촬영
16248,윤지원,51,대전 동구123-45,010-3951-3183,유튜브 보기
16249,신하은,51,제주 서북구123-45,010-2676-4639,독서
16250,강예린,57,수원 달서구123-45,010-5987-5280,음악감상
16251,최유진,48,화성 북구123-45,010-9994-1088,여행
16252,정예은,44,김해 송파구123-45,010-2952-2071,운동
16253,장도윤,79,안양 팔달구123-45,010-2545-4211,사진촬영
16254,정예은,34,제주 흥덕구123-45,010-8403-3812,사진촬영
16255,정유진,70,수원 장유동123-45,010-8347-3945,자전거 타기
16256,김유진,51,대전 유성구123-45,010-2792-1681,보드게임
16257,윤서준,40,안산 북구123-45,010-3719-2731,뜨개질
16258,윤지원,29,안산 성동구123-45,010-3574-7871,뜨개질
16259,정지안,31,포항 진해구123-45,010-7593-3002,요리
16260,조수빈,20,김해 강남구123-45,010-2592-9614,드로잉
16261,최지후,41,남양주 서구123-45,010-4390-4120,영화감상
16262,최하은,77,성남 중구123-45,010-3419-2120,사진촬영
16263,장지민,73,대전 수성구123-45,010-5571-7165,수영
16264,임예린,38,울산 성북구123-45,010-2606-8134,게임
16265,박예은,29,김해 동구123-45,010-7814-1034,뜨개질
16266,박시우,20,전주 동구123-45,010-6924-7497,사진촬영
16267,이수빈,54,김해 송파구123-45,010-7723-8304,뜨개질
16268,한하윤,43,인천 동구123-45,010-3083-3545,수영
16269,조하윤,25,제주 서구123-45,010-1079-8328,카페 투어
16270,윤소율,44,전주 성동구123-45,010-2672-6672,보드게임
16271,임서연,35,안양 서구123-45,010-6552-7564,운동
16272,조은우,25,부산 송파구123-45,010-2175-5654,게임
16273,이소율,69,창원 수성구123-45,010-2642-7668,카페 투어
16274,오지안,30,안산 북구123-45,010-1615-1286,게임
16275,강수빈,36,남양주 서구123-45,010-2162-3825,독서
16276,정하은,21,울산 강남구123-45,010-8867-1471,일기 쓰기
16277,임서준,33,용인 유성구123-45,010-3253-6148,요리
16278,강유진,34,안양 팔달구123-45,010-1769-8019,웹서핑
16279,장지민,37,청주 북구123-45,010-2257-2703,음악감상
16280,강지안,63,청주 분당구123-45,010-4437-5274,카페 투어
16281,정지원,65,부산 덕진구123-45,010-7034-7905,카페 투어
16282,신서준,20,김해 송파구123-45,010-9445-5982,음악감상
16283,오현우,37,성남 유성구123-45,010-1605-4317,요리
16284,이현우,39,용인 진해구123-45,010-1535-2080,운동
16285,장지안,68,창원 신제주123-45,010-1935-3275,유튜브 보기
16286,정건우,24,성남 장유동123-45,010-1862-7329,수영
16287,김유진,50,대전 흥덕구123-45,010-2574-3989,독서
16288,정소율,28,부산 유성구123-45,010-2407-1641,독서
16289,박지안,51,대구 일산동구123-45,010-2206-9866,운동
16290,신유진,57,수원 유성구123-45,010-3761-3946,보드게임
16291,오지민,46,수원 강남구123-45,010-3596-8845,독서
16292,임예은,64,수원 덕진구123-45,010-2831-4980,등산
16293,이태윤,26,울산 장유동123-45,010-1997-7022,운동
16294,강현우,69,성남 해운대구123-45,010-5023-6690,요리
16295,신하은,78,서울 성동구123-45,010-7471-3214,독서
16296,조서준,41,수원 성동구123-45,010-5485-5787,카페 투어
16297,임하윤,77,남양주 분당구123-45,010-3758-7822,여행
16298,오태윤,42,부산 강서구123-45,010-3824-6153,뜨개질
16299,한유진,45,포항 분당구123-45,010-4063-5160,수영
16300,박서연,76,포항 북구123-45,010-3347-3092,유튜브 보기
16301,조하은,24,울산 성동구123-45,010-6000-5083,유튜브 보기
16302,임지안,24,안산 팔달구123-45,010-2708-4734,음악감상
16303,이소율,33,안양 북구123-45,010-3069-6018,뜨개질
16304,신태윤,37,제주 덕진구123-45,010-9224-3360,사진촬영
16305,임예린,42,고양 흥덕구123-45,010-8371-4125,여행
16306,강소율,41,용인 중구123-45,010-9284-6499,여행
16307,박하윤,40,제주 북구123-45,010-9551-7094,등산
16308,박태윤,35,제주 덕양구123-45,010-4292-1791,웹서핑
16309,조태윤,60,포항 서구123-45,010-9814-4772,일기 쓰기
16310,최은우,60,전주 달서구123-45,010-5990-6782,자전거 타기
16311,신은우,64,고양 송파구123-45,010-4102-9962,뜨개질
16312,김하윤,23,수원 일산동구123-45,010-1791-2857,음악감상
16313,박서연,55,포항 강남구123-45,010-7875-2048,뜨개질
16314,조하윤,76,전주 수성구123-45,010-4099-1192,영화감상
16315,임지후,67,김해 달서구123-45,010-1219-5631,음악감상
16316,임은우,26,부산 송파구123-45,010-2025-2997,독서
16317,정예은,36,고양 신제주123-45,010-7697-2784,운동
16318,장건우,38,평택 해운대구123-45,010-7020-1769,보드게임
16319,한유진,49,포항 동구123-45,010-5692-2685,요리
16320,조하윤,50,평택 기흥구123-45,010-6434-7924,게임
16321,정건우,30,천안 팔달구123-45,010-1489-6477,등산
16322,서건우,34,성남 수성구123-45,010-2688-5361,수영
16323,신태윤,68,안양 북구123-45,010-2915-2371,일기 쓰기
16324,정태윤,24,안산 덕진구123-45,010-3522-6319,보드게임
16325,정도윤,72,청주 장유동123-45,010-7057-6431,수영
16326,윤민수,52,울산 일산동구123-45,010-1406-7247,드로잉
16327,서지원,26,제주 남구123-45,010-4575-2979,영화감상
16328,서서연,55,천안 성동구123-45,010-4857-8364,자전거 타기
16329,오예린,53,천안 분당구123-45,010-8042-5918,웹서핑
16330,윤수빈,47,포항 진해구123-45,010-9544-8749,사진촬영
16331,정시우,29,서울 달서구123-45,010-2263-9531,운동
16332,오태윤,53,포항 달서구123-45,010-2608-7211,뜨개질
16333,조태윤,58,김해 진해구123-45,010-7916-9178,독서
16334,최시우,41,대전 서구123-45,010-5069-6385,뜨개질
16335,임하은,71,수원 장유동123-45,010-8101-1020,요리
16336,신현우,44,부산 달서구123-45,010-2309-2054,자전거 타기
16337,강도윤,55,화성 성북구123-45,010-8751-2723,여행
16338,장지민,72,울산 달서구123-45,010-9549-2716,유튜브 보기
16339,신하은,57,천안 신제주123-45,010-8344-1710,요리
16340,이시우,29,안양 강남구123-45,010-8793-8515,카페 투어
16341,박은우,48,화성 일산동구123-45,010-2916-3568,게임
16342,박민수,37,청주 서북구123-45,010-2080-4501,게임
16343,이도윤,30,성남 신제주123-45,010-9776-6601,게임
16344,윤소율,68,제주 달서구123-45,010-1725-3259,자전거 타기
16345,임도윤,53,김해 일산동구123-45,010-1913-5930,수영
16346,정하은,67,전주 서구123-45,010-1430-4006,요리
16347,강수빈,32,광주 신제주123-45,010-2317-5892,자전거 타기
16348,최하윤,29,성남 기흥구123-45,010-1135-8918,자전거 타기
16349,김건우,53,천안 덕진구123-45,010-1080-1065,수영
16350,장하윤,24,대전 일산동구123-45,010-1895-5997,뜨개질
16351,정소율,33,남양주 덕진구123-45,010-7951-1593,뜨개질
16352,조민수,63,울산 덕양구123-45,010-5121-6628,웹서핑
16353,한시우,37,광주 일산동구123-45,010-7279-5661,사진촬영
16354,서지민,35,서울 송파구123-45,010-8603-7212,뜨개질
16355,정민수,62,안양 동구123-45,010-5494-5678,일기 쓰기
16356,윤지안,27,대구 진해구123-45,010-1377-2261,일기 쓰기
16357,최건우,21,울산 진해구123-45,010-7280-3213,수영
16358,정태윤,51,포항 수성구123-45,010-4050-1425,일기 쓰기
16359,정지후,47,대구 수성구123-45,010-8362-7324,등산
16360,윤서준,38,울산 서북구123-45,010-9665-5192,일기 쓰기
16361,서지원,41,고양 성북구123-45,010-5146-8419,일기 쓰기
16362,서시우,53,평택 강남구123-45,010-2796-4612,등산
16363,신시우,72,천안 동구123-45,010-8035-7515,요리
16364,최건우,58,용인 서구123-45,010-9112-1998,자전거 타기
16365,윤예린,25,제주 북구123-45,010-9309-3477,자전거 타기
16366,임서준,33,대구 일산동구123-45,010-3233-3487,카페 투어
16367,최예은,36,세종 성동구123-45,010-6130-2434,음악감상
16368,이은우,47,서울 북구123-45,010-5142-5831,뜨개질
16369,박하윤,40,제주 동구123-45,010-9496-4324,여행
16370,임수빈,78,전주 흥덕구123-45,010-4890-3033,영화감상
16371,조서연,57,창원 강서구123-45,010-1021-6539,자전거 타기
16372,한서준,79,천안 유성구123-45,010-4314-7739,카페 투어
16373,최현우,55,대구 수성구123-45,010-8805-3400,운동
16374,신소율,26,울산 일산동구123-45,010-4053-5969,영화감상
16375,한민수,21,울산 성북구123-45,010-1222-2484,수영
16376,정유진,32,안산 해운대구123-45,010-6718-1578,여행
16377,한서연,67,세종 성북구123-45,010-6395-5648,운동
16378,한지원,55,안산 강남구123-45,010-7148-3752,뜨개질
16379,박건우,69,인천 장유동123-45,010-4843-9198,사진촬영
16380,이예은,63,서울 덕양구123-45,010-4577-9172,음악감상
16381,이하윤,73,화성 송파구123-45,010-9026-5446,여행
16382,김수빈,58,안양 일산동구123-45,010-7661-6806,보드게임
16383,강유진,69,제주 서북구123-45,010-3526-7345,웹서핑
16384,오태윤,40,세종 서구123-45,010-7411-5080,영화감상
16385,신유진,36,세종 유성구123-45,010-7290-5744,유튜브 보기
16386,신도윤,67,고양 팔달구123-45,010-6682-4595,수영
16387,김예린,36,서울 기흥구123-45,010-4813-8092,음악감상
16388,박서준,39,남양주 강남구123-45,010-7877-3367,요리
16389,김지원,71,인천 일산동구123-45,010-8379-4695,뜨개질
16390,임서연,66,인천 남구123-45,010-3897-5550,게임
16391,오서준,44,창원 해운대구123-45,010-9778-5577,독서
16392,김현우,20,안양 신제주123-45,010-1157-3601,수영
16393,이유진,49,부산 강남구123-45,010-6550-4651,카페 투어
16394,서지원,66,김해 기흥구123-45,010-1524-6840,요리
16395,최도윤,71,포항 강서구123-45,010-5860-3206,보드게임
16396,임지원,30,안산 성북구123-45,010-4804-6318,자전거 타기
16397,임서준,59,성남 성동구123-45,010-1121-4308,게임
16398,박하은,33,용인 서북구123-45,010-8682-3370,여행
16399,박현우,66,용인 진해구123-45,010-9330-5356,영화감상
16400,서건우,79,평택 유성구123-45,010-2202-9789,자전거 타기
16401,한하윤,21,청주 강남구123-45,010-4085-1489,보드게임
16402,최지민,61,평택 서구123-45,010-1019-8314,사진촬영
16403,김태윤,41,전주 일산동구123-45,010-2294-5139,보드게임
16404,서민수,73,대구 신제주123-45,010-2336-3560,뜨개질
16405,서지후,47,부산 송파구123-45,010-9427-8364,등산
16406,강태윤,51,청주 진해구123-45,010-6087-5584,운동
16407,오소율,44,포항 일산동구123-45,010-4687-4939,등산
16408,임수빈,53,대구 덕양구123-45,010-4484-1909,일기 쓰기
16409,정예은,45,부산 덕진구123-45,010-6497-2763,사진촬영
16410,오은우,71,광주 동구123-45,010-3198-1294,등산
16411,신예린,66,제주 덕진구123-45,010-2277-8108,보드게임
16412,김지안,78,성남 기흥구123-45,010-9064-7853,독서
16413,조은우,46,평택 중구123-45,010-7017-4559,뜨개질
16414,한수빈,44,제주 서북구123-45,010-5568-7594,수영
16415,김지민,61,남양주 흥덕구123-45,010-6432-3501,독서
16416,조예은,42,안산 진해구123-45,010-6786-7376,웹서핑
16417,윤도윤,35,화성 강서구123-45,010-4001-7591,유튜브 보기
16418,오예은,44,제주 해운대구123-45,010-1941-1605,드로잉
16419,윤지원,67,부산 서구123-45,010-3352-1479,등산
16420,강지후,59,청주 덕양구123-45,010-1732-1501,자전거 타기
16421,이지안,48,남양주 성동구123-45,010-3835-9205,등산
16422,서예린,69,인천 기흥구123-45,010-3429-5720,자전거 타기
16423,서민수,77,인천 동구123-45,010-8070-1834,영화감상
16424,오예린,54,대전 중구123-45,010-6277-4454,게임
16425,신태윤,41,남양주 해운대구123-45,010-6430-1247,웹서핑
16426,임하윤,52,안산 장유동123-45,010-4976-1528,영화감상
16427,오도윤,42,청주 덕진구123-45,010-1448-9702,뜨개질
16428,오지원,55,세종 팔달구123-45,010-4396-6961,영화감상
16429,임지민,66,창원 덕양구123-45,010-9601-6767,운동
16430,장시우,41,창원 남구123-45,010-3358-1128,독서
16431,장예은,48,인천 서구123-45,010-4719-2346,일기 쓰기
16432,서서준,34,김해 진해구123-45,010-8203-9023,독서
16433,신유진,74,남양주 해운대구123-45,010-7230-4083,영화감상
16434,강소율,52,고양 유성구123-45,010-6184-7886,자전거 타기
16435,윤예린,33,수원 분당구123-45,010-5643-7376,일기 쓰기
16436,조지원,35,인천 달서구123-45,010-8569-5840,유튜브 보기
16437,신현우,46,남양주 송파구123-45,010-1492-7787,영화감상
16438,신지민,60,제주 신제주123-45,010-1660-8140,요리
16439,김지후,63,광주 성북구123-45,010-5349-5830,일기 쓰기
16440,강은우,25,남양주 덕진구123-45,010-6502-5115,자전거 타기
16441,신시우,71,세종 팔달구123-45,010-1467-7137,여행
16442,강서준,54,서울 해운대구123-45,010-3596-3960,드로잉
16443,오지안,40,화성 신제주123-45,010-9331-9253,웹서핑
16444,강유진,29,서울 흥덕구123-45,010-4842-5826,드로잉
16445,임서연,46,안산 신제주123-45,010-6531-8963,웹서핑
16446,김지후,50,전주 신제주123-45,010-4558-9923,유튜브 보기
16447,서서준,76,화성 강남구123-45,010-1847-5693,게임
16448,조예린,31,인천 팔달구123-45,010-5725-5379,일기 쓰기
16449,오예린,58,부산 기흥구123-45,010-8892-9531,요리
16450,최하은,76,고양 덕양구123-45,010-6556-2340,보드게임
16451,윤서준,49,대전 덕양구123-45,010-1056-2166,운동
16452,오서연,51,제주 일산동구123-45,010-6655-3991,보드게임
16453,한하윤,30,평택 달서구123-45,010-2590-5375,카페 투어
16454,최시우,60,포항 남구123-45,010-8356-9261,뜨개질
16455,오도윤,49,대구 덕양구123-45,010-3181-5959,등산
16456,최지민,61,용인 신제주123-45,010-3736-6078,수영
16457,장소율,77,남양주 수성구123-45,010-4033-3000,보드게임
16458,오소율,78,성남 송파구123-45,010-4096-5004,영화감상
16459,서하은,54,대전 달서구123-45,010-6280-7329,등산
16460,김지원,28,포항 달서구123-45,010-7137-7328,독서
16461,한민수,44,안산 남구123-45,010-4462-5949,웹서핑
16462,정유진,73,고양 진해구123-45,010-1975-9858,음악감상
16463,강하은,66,제주 강서구123-45,010-1240-9036,게임
16464,김예린,33,인천 분당구123-45,010-1856-7629,자전거 타기
16465,윤예린,35,성남 강서구123-45,010-6643-7200,카페 투어
16466,정유진,50,남양주 신제주123-45,010-2329-5847,유튜브 보기
16467,이지후,42,제주 팔달구123-45,010-7781-8344,요리
16468,박예린,40,서울 동구123-45,010-7494-7140,수영
16469,한지원,46,청주 신제주123-45,010-2249-5767,유튜브 보기
16470,정시우,69,남양주 동구123-45,010-2254-2267,유튜브 보기
16471,임건우,25,천안 신제주123-45,010-8223-3485,등산
16472,김시우,25,천안 서구123-45,010-9484-9526,자전거 타기
16473,박예은,41,부산 기흥구123-45,010-2785-1635,웹서핑
16474,김현우,30,고양 해운대구123-45,010-2518-6846,요리
16475,조도윤,73,김해 신제주123-45,010-4718-1963,뜨개질
16476,박건우,52,대구 해운대구123-45,010-4088-4651,영화감상
16477,최지안,39,제주 해운대구123-45,010-4281-1524,일기 쓰기
16478,한건우,33,김해 송파구123-45,010-3881-8887,카페 투어
16479,정소율,72,안양 중구123-45,010-7018-9713,일기 쓰기
16480,정서준,25,수원 송파구123-45,010-7404-6419,뜨개질
16481,정소율,53,서울 기흥구123-45,010-3907-6658,게임
16482,한지후,25,화성 성북구123-45,010-1775-5127,음악감상
16483,강지후,59,남양주 덕양구123-45,010-6171-5248,드로잉
16484,김하은,39,울산 수성구123-45,010-7126-2702,유튜브 보기
16485,박하은,31,광주 강서구123-45,010-3894-3765,일기 쓰기
16486,장예린,71,세종 동구123-45,010-3160-8038,드로잉
16487,서예은,38,대전 덕진구123-45,010-3361-4744,음악감상
16488,강건우,31,안양 달서구123-45,010-1784-9339,음악감상
16489,조지후,61,고양 유성구123-45,010-1841-4308,사진촬영
16490,서예린,39,대전 기흥구123-45,010-1364-5900,자전거 타기
16491,김현우,69,평택 일산동구123-45,010-2300-9185,수영
16492,한태윤,77,인천 장유동123-45,010-3969-8979,드로잉
16493,정도윤,27,김해 성동구123-45,010-3646-5952,사진촬영
16494,장지안,33,울산 강남구123-45,010-9547-6657,보드게임
16495,김시우,76,울산 달서구123-45,010-4604-5755,일기 쓰기
16496,박건우,41,고양 남구123-45,010-3641-3934,유튜브 보기
16497,조지원,40,용인 강남구123-45,010-4804-5937,영화감상
16498,조수빈,29,남양주 덕양구123-45,010-4166-6292,등산
16499,정시우,30,김해 유성구123-45,010-5418-3141,독서
16500,조서준,30,부산 덕진구123-45,010-4824-8324,수영
16501,강소율,25,수원 송파구123-45,010-8411-3167,운동
16502,최지안,42,세종 강남구123-45,010-4579-7527,자전거 타기
16503,박현우,76,성남 일산동구123-45,010-4252-7768,수영
16504,윤서연,62,서울 신제주123-45,010-1141-4469,자전거 타기
16505,한예은,23,포항 서북구123-45,010-4627-5818,카페 투어
16506,최지원,74,전주 성북구123-45,010-2444-1816,여행
16507,김유진,46,부산 남구123-45,010-5684-2564,여행
16508,조서준,43,창원 동구123-45,010-6050-1960,보드게임
16509,조서준,39,수원 팔달구123-45,010-9212-7569,음악감상
16510,박태윤,67,고양 일산동구123-45,010-3479-5352,카페 투어
16511,장수빈,64,전주 중구123-45,010-9656-4193,게임
16512,정소율,22,수원 강서구123-45,010-7839-5591,카페 투어
16513,박지안,36,안산 수성구123-45,010-3758-3069,자전거 타기
16514,서민수,62,서울 진해구123-45,010-2310-5062,드로잉
16515,윤민수,54,평택 팔달구123-45,010-6410-5823,일기 쓰기
16516,한수빈,75,김해 덕진구123-45,010-5626-8192,드로잉
16517,조수빈,69,부산 수성구123-45,010-4457-5238,뜨개질
16518,최지민,42,용인 일산동구123-45,010-2551-6148,독서
16519,조수빈,59,안산 서구123-45,010-8552-1589,사진촬영
16520,조서준,49,고양 팔달구123-45,010-9364-3564,뜨개질
16521,최민수,77,고양 해운대구123-45,010-8797-9964,음악감상
16522,정건우,65,용인 중구123-45,010-8260-5776,여행
16523,오소율,44,청주 송파구123-45,010-6756-7133,운동
16524,박태윤,46,평택 덕진구123-45,010-6373-7010,일기 쓰기
16525,박도윤,73,안양 동구123-45,010-6402-1871,게임
16526,한시우,57,서울 서구123-45,010-2252-4619,유튜브 보기
16527,장하윤,25,성남 흥덕구123-45,010-5061-5597,뜨개질
16528,김유진,72,청주 성북구123-45,010-1269-7804,자전거 타기
16529,정민수,37,수원 달서구123-45,010-7425-7622,자전거 타기
16530,오은우,47,수원 덕진구123-45,010-1943-4317,여행
16531,한소율,66,포항 강서구123-45,010-1035-8094,등산
16532,오하윤,36,전주 남구123-45,010-3037-4488,웹서핑
16533,이서연,37,세종 강남구123-45,010-1920-1547,자전거 타기
16534,박지후,47,천안 신제주123-45,010-2117-3550,여행
16535,최서준,35,성남 덕진구123-45,010-8150-8007,등산
16536,서태윤,38,창원 흥덕구123-45,010-1955-8808,카페 투어
16537,조은우,33,부산 중구123-45,010-6241-2548,드로잉
16538,신서연,73,울산 흥덕구123-45,010-5854-5198,보드게임
16539,장하은,51,청주 유성구123-45,010-3174-2922,등산
16540,윤지원,78,성남 송파구123-45,010-4209-8313,여행
16541,윤건우,48,광주 덕진구123-45,010-2570-4194,드로잉
16542,장지안,49,청주 동구123-45,010-2602-9876,요리
16543,장유진,60,청주 남구123-45,010-6475-2229,영화감상
16544,박민수,55,남양주 강남구123-45,010-6973-6990,여행
16545,박예린,31,성남 남구123-45,010-4461-2861,자전거 타기
16546,임지후,38,천안 일산동구123-45,010-4873-6241,자전거 타기
16547,윤소율,48,대구 진해구123-45,010-1717-7985,수영
16548,윤예린,79,수원 일산동구123-45,010-2097-9094,게임
16549,김서준,38,인천 일산동구123-45,010-9992-4892,드로잉
16550,김지민,50,광주 서북구123-45,010-9011-1917,영화감상
16551,박하은,60,화성 북구123-45,010-6468-7054,등산
16552,한현우,72,용인 장유동123-45,010-1956-7616,독서
16553,정시우,65,남양주 중구123-45,010-9381-2833,유튜브 보기
16554,오유진,67,울산 성동구123-45,010-3496-8728,수영
16555,임시우,47,고양 성북구123-45,010-1592-8500,뜨개질
16556,윤태윤,63,울산 장유동123-45,010-2061-2286,일기 쓰기
16557,장시우,20,성남 기흥구123-45,010-3675-6802,일기 쓰기
16558,장서준,33,대전 중구123-45,010-9568-2074,일기 쓰기
16559,김지후,51,대구 중구123-45,010-5786-6891,드로잉
16560,이은우,24,성남 유성구123-45,010-6222-8566,영화감상
16561,장현우,50,김해 팔달구123-45,010-7986-7352,여행
16562,강예린,70,창원 강남구123-45,010-4604-4018,뜨개질
16563,신지민,46,김해 신제주123-45,010-6112-6066,독서
16564,강지원,66,화성 송파구123-45,010-2078-2961,카페 투어
16565,강지민,61,안산 기흥구123-45,010-9026-7539,여행
16566,오서연,33,세종 송파구123-45,010-3810-9898,게임
16567,정예린,54,포항 덕진구123-45,010-1163-2530,독서
16568,신건우,23,인천 중구123-45,010-5405-8638,자전거 타기
16569,강서준,27,세종 서북구123-45,010-1107-8154,게임
16570,강시우,45,인천 남구123-45,010-9460-6320,수영
16571,조예린,29,용인 흥덕구123-45,010-8668-7131,등산
16572,조지민,53,수원 동구123-45,010-1739-6575,웹서핑
16573,한현우,37,천안 서북구123-45,010-4837-1263,웹서핑
16574,서서준,47,인천 중구123-45,010-4424-2092,카페 투어
16575,장지민,31,남양주 중구123-45,010-3185-2149,일기 쓰기
16576,한서연,73,천안 남구123-45,010-7288-5714,웹서핑
16577,오지민,30,대전 해운대구123-45,010-3424-1128,수영
16578,최하은,75,포항 북구123-45,010-6176-9528,독서
16579,서지원,50,울산 서북구123-45,010-9340-6832,보드게임
16580,장예린,51,대구 남구123-45,010-8020-3736,자전거 타기
16581,윤지민,76,수원 강서구123-45,010-8212-4286,음악감상
16582,임유진,57,수원 남구123-45,010-1250-8443,일기 쓰기
16583,윤건우,56,대전 남구123-45,010-5356-4003,보드게임
16584,신예은,54,수원 팔달구123-45,010-9039-5057,웹서핑
16585,윤하은,41,대전 서북구123-45,010-9305-1777,음악감상
16586,조예은,52,남양주 동구123-45,010-5016-6620,일기 쓰기
16587,신시우,43,성남 덕진구123-45,010-7289-8384,게임
16588,조건우,24,전주 해운대구123-45,010-2514-5365,드로잉
16589,서유진,70,남양주 팔달구123-45,010-6943-6841,독서
16590,서민수,30,전주 강남구123-45,010-1209-3116,사진촬영
16591,박민수,49,화성 일산동구123-45,010-2794-1501,요리
16592,조하은,23,남양주 달서구123-45,010-9443-7083,유튜브 보기
16593,김소율,27,세종 일산동구123-45,010-3199-5989,수영
16594,장은우,45,안산 덕양구123-45,010-5629-3723,영화감상
16595,김현우,47,창원 진해구123-45,010-5825-7619,음악감상
16596,윤소율,76,용인 해운대구123-45,010-1195-7837,게임
16597,최지안,28,안산 강서구123-45,010-8439-4702,유튜브 보기
16598,장지민,30,천안 송파구123-45,010-3140-9433,뜨개질
16599,이서연,72,창원 성북구123-45,010-4469-6969,수영
16600,윤하은,39,평택 덕진구123-45,010-5667-2289,카페 투어
16601,서유진,29,김해 분당구123-45,010-1400-5501,웹서핑
16602,장지민,73,안양 유성구123-45,010-9974-6046,음악감상
16603,임수빈,62,울산 성동구123-45,010-9878-1289,음악감상
16604,박건우,36,평택 성북구123-45,010-3657-9840,요리
16605,박서준,65,성남 팔달구123-45,010-1187-9336,등산
16606,정지민,25,화성 서구123-45,010-8195-1561,음악감상
16607,신서준,39,인천 강남구123-45,010-2268-2281,유튜브 보기
16608,서서연,30,김해 덕양구123-45,010-5495-9090,게임
16609,임하윤,73,대전 성동구123-45,010-5663-5199,음악감상
16610,장건우,24,대전 유성구123-45,010-5467-4251,카페 투어
16611,한하윤,24,화성 서북구123-45,010-2223-6458,카페 투어
16612,오서연,66,김해 송파구123-45,010-2107-8446,유튜브 보기
16613,박서준,69,대구 서북구123-45,010-1595-1052,요리
16614,장하은,72,수원 일산동구123-45,010-2982-2820,보드게임
16615,한지후,73,창원 장유동123-45,010-5159-2996,요리
16616,조수빈,73,성남 분당구123-45,010-3559-5750,운동
16617,임지후,29,김해 팔달구123-45,010-2049-8357,웹서핑
16618,박서연,30,제주 서구123-45,010-8836-6780,독서
16619,서지원,30,서울 강남구123-45,010-8325-1879,요리
16620,오지후,73,대구 서북구123-45,010-4442-4880,드로잉
16621,강지안,61,인천 남구123-45,010-9688-9315,유튜브 보기
16622,김시우,78,용인 달서구123-45,010-3421-8611,뜨개질
16623,한시우,35,울산 신제주123-45,010-5031-2523,드로잉
16624,신지민,34,인천 수성구123-45,010-1180-4917,여행
16625,윤예은,44,서울 달서구123-45,010-2007-5094,자전거 타기
16626,장예은,47,안산 서북구123-45,010-4962-7528,뜨개질
16627,서현우,23,평택 서북구123-45,010-5190-1383,카페 투어
16628,오현우,74,광주 유성구123-45,010-9333-1981,운동
16629,정은우,24,전주 성동구123-45,010-9104-2902,운동
16630,임태윤,39,수원 유성구123-45,010-5817-6252,웹서핑
16631,서지안,55,대전 송파구123-45,010-5083-4884,사진촬영
16632,한민수,27,화성 흥덕구123-45,010-1989-8624,일기 쓰기
16633,오수빈,39,세종 북구123-45,010-3138-1915,음악감상
16634,이하은,36,창원 성동구123-45,010-9876-8471,수영
16635,정지원,47,전주 성동구123-45,010-3516-4954,요리
16636,정지민,50,서울 기흥구123-45,010-4140-7437,게임
16637,서예린,38,대구 분당구123-45,010-8869-8044,여행
16638,한지후,59,남양주 해운대구123-45,010-1625-5913,뜨개질
16639,신수빈,39,대전 신제주123-45,010-6203-9257,뜨개질
16640,윤은우,64,대구 서구123-45,010-7306-8981,드로잉
16641,최건우,48,창원 덕양구123-45,010-7889-6939,게임
16642,서소율,64,전주 성북구123-45,010-5922-6738,사진촬영
16643,이예린,39,안산 북구123-45,010-6614-5193,등산
16644,최하윤,22,안양 서구123-45,010-1607-6088,음악감상
16645,최시우,43,포항 동구123-45,010-1623-8286,독서
16646,윤지안,51,청주 성동구123-45,010-1917-7146,유튜브 보기
16647,최소율,58,포항 남구123-45,010-5127-1665,카페 투어
16648,박지원,75,포항 달서구123-45,010-5995-4790,등산
16649,김태윤,37,김해 강남구123-45,010-2325-5438,수영
16650,신하윤,23,전주 서북구123-45,010-9132-4304,사진촬영
16651,정태윤,41,부산 신제주123-45,010-4645-2083,영화감상
16652,오은우,29,대구 강서구123-45,010-4558-8159,요리
16653,조하윤,51,화성 팔달구123-45,010-8620-9322,카페 투어
16654,한지민,66,청주 해운대구123-45,010-1382-7885,여행
16655,박민수,24,부산 분당구123-45,010-9208-8285,유튜브 보기
16656,윤예린,58,남양주 동구123-45,010-8377-8699,유튜브 보기
16657,최건우,57,천안 중구123-45,010-9428-2300,자전거 타기
16658,오예은,42,세종 중구123-45,010-7619-7297,수영
16659,오서연,51,서울 팔달구123-45,010-4151-3688,수영
16660,박서연,24,김해 흥덕구123-45,010-1970-4953,사진촬영
16661,신하은,63,전주 성북구123-45,010-1270-6234,수영
16662,김하윤,24,전주 동구123-45,010-5323-7684,등산
16663,이지민,78,천안 수성구123-45,010-6180-6140,자전거 타기
16664,이소율,20,남양주 신제주123-45,010-5850-2202,여행
16665,장수빈,21,부산 서구123-45,010-6264-1493,사진촬영
16666,조서연,28,부산 동구123-45,010-5878-8693,자전거 타기
16667,박예은,52,김해 팔달구123-45,010-6830-6760,사진촬영
16668,박지원,45,성남 서구123-45,010-2434-3462,카페 투어
16669,정지안,30,포항 송파구123-45,010-6596-7949,여행
16670,서건우,29,수원 장유동123-45,010-5196-7710,영화감상
16671,오지민,55,인천 수성구123-45,010-5933-3405,요리
16672,임은우,69,전주 덕진구123-45,010-6200-9485,게임
16673,정예은,75,포항 수성구123-45,010-1048-1442,보드게임
16674,윤태윤,41,광주 흥덕구123-45,010-3557-8853,독서
16675,한지원,49,용인 동구123-45,010-4458-3900,드로잉
16676,김지민,62,안산 성동구123-45,010-9694-9759,자전거 타기
16677,윤예은,64,고양 수성구123-45,010-8238-9547,게임
16678,정하은,70,광주 신제주123-45,010-6305-7515,웹서핑
16679,한민수,27,고양 흥덕구123-45,010-8435-4107,유튜브 보기
16680,임유진,25,수원 동구123-45,010-9827-6275,유튜브 보기
16681,오서준,29,대전 달서구123-45,010-3613-6114,뜨개질
16682,오수빈,41,부산 유성구123-45,010-5152-3288,운동
16683,윤현우,76,화성 강서구123-45,010-7729-7322,수영
16684,강은우,38,화성 유성구123-45,010-8574-4530,영화감상
16685,최도윤,74,청주 해운대구123-45,010-9452-1957,여행
16686,강지원,62,김해 해운대구123-45,010-3339-5036,사진촬영
16687,장예린,34,부산 중구123-45,010-8804-1651,자전거 타기
16688,조현우,65,안양 덕진구123-45,010-3281-1988,게임
16689,이태윤,30,전주 신제주123-45,010-1637-8165,일기 쓰기
16690,신예린,37,전주 분당구123-45,010-7776-1358,보드게임
16691,이지원,79,안산 신제주123-45,010-5189-9628,사진촬영
16692,조예린,62,성남 남구123-45,010-2819-5385,카페 투어
16693,신서연,43,부산 성북구123-45,010-8647-4026,영화감상
16694,조은우,53,서울 일산동구123-45,010-4136-8823,카페 투어
16695,강은우,29,평택 중구123-45,010-7010-5831,독서
16696,서소율,76,부산 강남구123-45,010-8196-7657,수영
16697,이하윤,51,세종 강남구123-45,010-4258-5100,게임
16698,한은우,47,전주 송파구123-45,010-9460-5039,사진촬영
16699,강하은,42,서울 신제주123-45,010-4997-5034,일기 쓰기
16700,서수빈,44,세종 덕진구123-45,010-4252-7779,웹서핑
16701,한지민,51,포항 강남구123-45,010-5846-9914,유튜브 보기
16702,박도윤,28,세종 동구123-45,010-6618-2046,여행
16703,신유진,26,대전 북구123-45,010-3940-1053,등산
16704,오서준,54,세종 달서구123-45,010-7891-3161,뜨개질
16705,장지안,74,대구 성동구123-45,010-5619-8269,보드게임
16706,최지민,21,전주 유성구123-45,010-1548-5692,자전거 타기
16707,정수빈,71,세종 기흥구123-45,010-7233-9906,드로잉
16708,오시우,66,울산 서북구123-45,010-7617-8785,웹서핑
16709,서시우,38,전주 강남구123-45,010-5921-5701,음악감상
16710,최도윤,25,수원 북구123-45,010-7089-8024,뜨개질
16711,윤서연,55,수원 신제주123-45,010-5330-2880,유튜브 보기
16712,한하은,52,울산 흥덕구123-45,010-5998-8532,운동
16713,이지원,73,화성 성동구123-45,010-5857-8714,여행
16714,한지후,39,포항 덕진구123-45,010-5840-7828,유튜브 보기
16715,신현우,40,포항 팔달구123-45,010-2057-9462,사진촬영
16716,정은우,47,화성 성동구123-45,010-6739-3858,일기 쓰기
16717,오지후,68,포항 동구123-45,010-5665-6084,등산
16718,서은우,30,인천 일산동구123-45,010-2771-4158,등산
16719,김하윤,20,천안 남구123-45,010-9533-2181,음악감상
16720,김서준,64,전주 장유동123-45,010-7070-9418,유튜브 보기
16721,강지안,75,안산 송파구123-45,010-4882-5554,카페 투어
16722,강건우,47,성남 성동구123-45,010-4681-2807,유튜브 보기
16723,장지후,64,김해 강남구123-45,010-5014-5301,드로잉
16724,최유진,76,제주 팔달구123-45,010-5360-1605,사진촬영
16725,한소율,38,부산 중구123-45,010-9949-9374,요리
16726,김현우,30,울산 유성구123-45,010-2202-4767,음악감상
16727,서서연,51,안산 수성구123-45,010-4284-2286,등산
16728,조수빈,48,서울 분당구123-45,010-2506-5316,사진촬영
16729,임하은,77,고양 서북구123-45,010-6064-5294,뜨개질
16730,강소율,59,전주 진해구123-45,010-2566-1605,뜨개질
16731,신서연,75,청주 서구123-45,010-3031-3871,유튜브 보기
16732,오도윤,47,고양 신제주123-45,010-6306-3949,사진촬영
16733,서지후,55,광주 송파구123-45,010-6565-3267,드로잉
16734,정현우,62,안산 팔달구123-45,010-5837-7787,운동
16735,임서준,46,대구 수성구123-45,010-2703-3066,유튜브 보기
16736,오지안,44,용인 진해구123-45,010-5858-5640,여행
16737,강지원,37,부산 수성구123-45,010-6082-7053,카페 투어
16738,김건우,30,인천 덕진구123-45,010-4911-4583,사진촬영
16739,오은우,61,창원 수성구123-45,010-2652-6077,음악감상
16740,조서연,58,대전 기흥구123-45,010-4321-7263,드로잉
16741,임태윤,23,창원 팔달구123-45,010-9385-9843,운동
16742,박도윤,52,김해 강서구123-45,010-6748-7002,음악감상
16743,윤은우,40,안산 해운대구123-45,010-1526-2081,일기 쓰기
16744,최은우,50,포항 장유동123-45,010-2758-3424,운동
16745,김서준,57,대구 달서구123-45,010-2536-5102,운동
16746,한하윤,32,성남 서북구123-45,010-4676-4020,사진촬영
16747,한지민,67,남양주 북구123-45,010-5573-6829,음악감상
16748,김예은,20,대구 덕양구123-45,010-7995-1237,운동
16749,최수빈,67,남양주 분당구123-45,010-6201-2031,드로잉
16750,서유진,38,서울 신제주123-45,010-2856-9348,보드게임
16751,장예은,50,천안 달서구123-45,010-4874-7507,여행
16752,강도윤,72,대전 분당구123-45,010-6759-5548,일기 쓰기
16753,강수빈,52,안양 중구123-45,010-6875-7564,자전거 타기
16754,강도윤,22,평택 북구123-45,010-7278-6740,영화감상
16755,장예린,36,용인 흥덕구123-45,010-9339-7033,운동
16756,박민수,21,서울 흥덕구123-45,010-6306-9942,등산
16757,윤건우,58,청주 팔달구123-45,010-1886-5142,게임
16758,오지민,75,창원 장유동123-45,010-1999-5378,카페 투어
16759,윤하은,26,창원 일산동구123-45,010-3713-8601,카페 투어
16760,신예은,49,안산 팔달구123-45,010-9260-8274,요리
16761,강하은,63,제주 성동구123-45,010-1930-2940,카페 투어
16762,최지민,71,용인 기흥구123-45,010-2444-2487,사진촬영
16763,이유진,64,안산 강남구123-45,010-4109-7369,보드게임
16764,조수빈,26,제주 강남구123-45,010-2077-7602,뜨개질
16765,임현우,68,청주 성북구123-45,010-2231-6872,카페 투어
16766,이소율,20,대구 송파구123-45,010-2099-5259,여행
16767,최지민,62,안양 신제주123-45,010-7933-4538,수영
16768,조하은,45,인천 서북구123-45,010-5813-6252,유튜브 보기
16769,오지후,56,청주 송파구123-45,010-8149-5120,카페 투어
16770,강서준,75,대전 장유동123-45,010-2054-6390,게임
16771,신지안,36,안양 해운대구123-45,010-2195-2971,자전거 타기
16772,장하윤,54,창원 성동구123-45,010-8052-6057,게임
16773,장지원,53,천안 성북구123-45,010-3108-2301,독서
16774,조지원,39,천안 흥덕구123-45,010-1996-5311,일기 쓰기
16775,강지민,57,평택 유성구123-45,010-8502-8342,웹서핑
16776,신서준,36,남양주 성북구123-45,010-9050-7281,독서
16777,오지후,73,성남 동구123-45,010-5132-2607,자전거 타기
16778,윤소율,46,부산 성동구123-45,010-4140-8192,카페 투어
16779,정지민,46,전주 기흥구123-45,010-8525-9289,수영
16780,신은우,33,대구 일산동구123-45,010-5823-3996,뜨개질
16781,신수빈,69,수원 서북구123-45,010-1310-6125,뜨개질
16782,박도윤,50,김해 강서구123-45,010-2840-6703,독서
16783,오하은,79,부산 일산동구123-45,010-9538-1189,음악감상
16784,한민수,43,포항 팔달구123-45,010-5524-3473,운동
16785,장예린,21,고양 서구123-45,010-4328-3521,유튜브 보기
16786,신건우,53,남양주 성동구123-45,010-9047-2485,뜨개질
16787,신소율,48,김해 진해구123-45,010-2644-6690,여행
16788,오도윤,35,대전 흥덕구123-45,010-2367-4258,일기 쓰기
16789,박유진,57,안양 수성구123-45,010-1707-1889,여행
16790,김서연,41,화성 북구123-45,010-9241-3218,등산
16791,한소율,45,부산 기흥구123-45,010-7779-1872,드로잉
16792,정지후,57,안산 분당구123-45,010-1401-5861,드로잉
16793,조하은,77,고양 신제주123-45,010-6568-2134,뜨개질
16794,장하은,46,안산 중구123-45,010-9038-2781,웹서핑
16795,장하윤,77,화성 분당구123-45,010-1711-1622,영화감상
16796,오지후,41,김해 서북구123-45,010-6275-2299,카페 투어
16797,조수빈,36,김해 송파구123-45,010-4325-1056,수영
16798,윤서준,54,대전 진해구123-45,010-1118-7560,영화감상
16799,윤유진,30,평택 덕진구123-45,010-1576-7030,카페 투어
16800,강서연,74,수원 수성구123-45,010-4467-9092,영화감상
16801,최서준,71,인천 서구123-45,010-5300-6567,음악감상
16802,서서연,51,용인 강서구123-45,010-3761-9441,독서
16803,장은우,62,광주 기흥구123-45,010-2574-1454,자전거 타기
16804,오수빈,70,포항 송파구123-45,010-6523-6727,음악감상
16805,윤태윤,66,포항 동구123-45,010-7572-1939,영화감상
16806,한예은,71,천안 분당구123-45,010-7543-1281,게임
16807,임하은,54,대전 남구123-45,010-8201-5223,자전거 타기
16808,장서연,27,화성 일산동구123-45,010-9354-6198,뜨개질
16809,윤하은,61,화성 덕진구123-45,010-1356-5323,뜨개질
16810,윤예은,20,인천 동구123-45,010-4176-6440,자전거 타기
16811,강은우,61,인천 달서구123-45,010-1858-6169,등산
16812,신은우,34,화성 덕진구123-45,010-2704-7231,영화감상
16813,오민수,32,제주 장유동123-45,010-5702-1232,수영
16814,한지후,74,전주 장유동123-45,010-5205-3549,등산
16815,오지후,73,수원 서구123-45,010-2239-2091,음악감상
16816,김지민,47,전주 서구123-45,010-2612-4059,여행
16817,이태윤,66,평택 덕양구123-45,010-2953-6522,웹서핑
16818,이건우,79,천안 덕양구123-45,010-3468-5674,카페 투어
16819,김소율,64,안양 신제주123-45,010-8641-2599,음악감상
16820,박예린,21,울산 서북구123-45,010-5024-9882,영화감상
16821,윤하윤,61,포항 강남구123-45,010-9357-6249,웹서핑
16822,윤서준,54,서울 덕진구123-45,010-8406-8149,요리
16823,신지후,56,대전 팔달구123-45,010-7425-4195,여행
16824,오도윤,74,화성 장유동123-45,010-5179-7940,독서
16825,조하윤,75,포항 달서구123-45,010-1922-1205,여행
16826,한서연,62,수원 장유동123-45,010-3596-6583,운동
16827,서태윤,63,대전 강서구123-45,010-4085-2960,요리
16828,강하은,56,포항 동구123-45,010-6613-3672,자전거 타기
16829,조은우,37,부산 동구123-45,010-9560-4685,유튜브 보기
16830,최예은,44,광주 흥덕구123-45,010-5372-6552,웹서핑
16831,오소율,77,광주 강서구123-45,010-6647-8174,자전거 타기
16832,박서연,28,수원 팔달구123-45,010-7534-9256,유튜브 보기
16833,최서연,54,전주 달서구123-45,010-6479-9722,보드게임
16834,오지후,44,청주 중구123-45,010-7440-8832,게임
16835,강건우,44,창원 성북구123-45,010-9501-5620,요리
16836,최예린,54,대구 진해구123-45,010-8678-1138,요리
16837,정지원,28,남양주 성북구123-45,010-4719-3853,음악감상
16838,윤시우,34,고양 신제주123-45,010-7871-8006,운동
16839,강지원,46,용인 강서구123-45,010-3105-2588,운동
16840,윤지민,37,안산 장유동123-45,010-9382-4271,뜨개질
16841,정지후,37,전주 기흥구123-45,010-5920-2579,일기 쓰기
16842,서건우,37,평택 강서구123-45,010-4032-8628,영화감상
16843,조시우,61,대전 성북구123-45,010-6050-1564,수영
16844,오예린,39,화성 수성구123-45,010-1812-6038,일기 쓰기
16845,강서연,38,김해 서구123-45,010-1322-9447,게임
16846,한지민,67,포항 팔달구123-45,010-9893-3984,여행
16847,신현우,39,청주 팔달구123-45,010-3455-5309,뜨개질
16848,오태윤,46,서울 성동구123-45,010-3737-5633,운동
16849,최지원,75,제주 기흥구123-45,010-5230-8432,드로잉
16850,정서연,58,부산 강남구123-45,010-8485-3099,게임
16851,서하은,49,평택 강서구123-45,010-6042-7855,음악감상
16852,정지민,39,안산 기흥구123-45,010-7758-9678,요리
16853,정은우,76,제주 신제주123-45,010-3546-1781,요리
16854,윤예린,63,세종 강서구123-45,010-5208-6268,운동
16855,서지원,74,화성 장유동123-45,010-1898-1666,요리
16856,정태윤,54,울산 흥덕구123-45,010-5769-3838,뜨개질
16857,김도윤,73,부산 서북구123-45,010-5240-1015,웹서핑
16858,신시우,58,부산 강서구123-45,010-7294-8989,드로잉
16859,이수빈,44,고양 덕진구123-45,010-5407-3245,음악감상
16860,장은우,27,부산 유성구123-45,010-5571-7513,드로잉
16861,조건우,25,전주 덕진구123-45,010-5646-1318,웹서핑
16862,임서연,74,세종 강남구123-45,010-5807-3796,수영
16863,조소율,49,성남 중구123-45,010-8321-6298,게임
16864,강예린,41,대전 흥덕구123-45,010-5261-5071,카페 투어
16865,박은우,65,남양주 서북구123-45,010-5166-6450,카페 투어
16866,조하윤,53,대구 신제주123-45,010-9107-8659,영화감상
16867,윤지민,58,고양 성북구123-45,010-1688-1567,등산
16868,서지원,21,김해 유성구123-45,010-4766-8152,카페 투어
16869,박하윤,73,울산 유성구123-45,010-9262-6370,독서
16870,조은우,73,부산 덕양구123-45,010-5458-8352,운동
16871,이지후,59,울산 송파구123-45,010-4693-1997,드로잉
16872,장현우,24,남양주 해운대구123-45,010-2613-5595,웹서핑
16873,신하윤,33,평택 송파구123-45,010-3304-1008,등산
16874,장민수,47,천안 성동구123-45,010-3652-4084,자전거 타기
16875,윤서연,60,성남 해운대구123-45,010-5582-2804,영화감상
16876,정지후,64,김해 분당구123-45,010-8164-4514,여행
16877,정도윤,45,수원 덕진구123-45,010-5419-2098,운동
16878,장서연,43,청주 팔달구123-45,010-4618-8870,웹서핑
16879,이예은,45,청주 서구123-45,010-9900-5939,웹서핑
16880,최민수,57,울산 덕양구123-45,010-2378-3291,카페 투어
16881,오현우,64,수원 서구123-45,010-4639-7577,요리
16882,정도윤,72,창원 성동구123-45,010-5346-7160,사진촬영
16883,이현우,61,광주 달서구123-45,010-3095-5324,수영
16884,오현우,53,광주 일산동구123-45,010-1511-1974,사진촬영
16885,정하윤,60,대구 중구123-45,010-1524-4117,자전거 타기
16886,김민수,40,부산 진해구123-45,010-2125-4904,음악감상
16887,조하윤,49,용인 분당구123-45,010-5912-7381,웹서핑
16888,윤건우,74,김해 신제주123-45,010-8187-3421,사진촬영
16889,오태윤,27,제주 해운대구123-45,010-4234-8893,게임
16890,임서준,57,천안 장유동123-45,010-7148-5095,자전거 타기
16891,오지안,37,서울 동구123-45,010-4925-9807,수영
16892,김하은,22,포항 분당구123-45,010-5630-2455,사진촬영
16893,최유진,78,울산 덕양구123-45,010-4065-6587,음악감상
16894,윤도윤,32,전주 일산동구123-45,010-4901-3389,게임
16895,임예린,73,용인 중구123-45,010-5848-5498,영화감상
16896,김지민,71,천안 동구123-45,010-6592-6403,뜨개질
16897,박유진,68,창원 강남구123-45,010-7073-9845,보드게임
16898,김예린,41,안양 성동구123-45,010-8706-4018,사진촬영
16899,강예은,45,천안 분당구123-45,010-5384-2390,요리
16900,오지원,57,광주 수성구123-45,010-9497-2330,영화감상
16901,신민수,31,광주 달서구123-45,010-2450-7820,독서
16902,서수빈,68,천안 서구123-45,010-9250-3877,웹서핑
16903,강유진,32,천안 일산동구123-45,010-9676-1082,게임
16904,임예은,54,대구 덕진구123-45,010-3761-5268,사진촬영
16905,조시우,41,성남 중구123-45,010-8220-7936,보드게임
16906,오소율,73,인천 성북구123-45,010-2284-2671,영화감상
16907,박서연,23,안산 서북구123-45,010-9398-7519,웹서핑
16908,정은우,64,고양 강서구123-45,010-3704-3521,요리
16909,한지후,51,대구 진해구123-45,010-5703-7049,사진촬영
16910,김지후,79,전주 강남구123-45,010-6626-7537,웹서핑
16911,윤하은,62,서울 일산동구123-45,010-6053-2309,운동
16912,이은우,21,고양 일산동구123-45,010-1711-1128,운동
16913,정서준,49,남양주 성동구123-45,010-1124-2286,등산
16914,윤지원,63,청주 기흥구123-45,010-2995-4649,음악감상
16915,오도윤,65,용인 일산동구123-45,010-8745-5564,요리
16916,서예은,79,수원 해운대구123-45,010-6764-8867,수영
16917,신지원,27,평택 중구123-45,010-3233-9049,영화감상
16918,임예린,37,포항 장유동123-45,010-8103-4919,음악감상
16919,박서준,64,광주 해운대구123-45,010-1410-1668,자전거 타기
16920,신지안,31,서울 수성구123-45,010-3376-5016,운동
16921,신태윤,65,김해 서구123-45,010-1383-1936,등산
16922,장하윤,25,전주 성북구123-45,010-6334-2229,게임
16923,이시우,50,용인 수성구123-45,010-8352-8741,드로잉
16924,박예은,56,부산 달서구123-45,010-9964-1592,일기 쓰기
16925,오은우,22,용인 북구123-45,010-1527-4052,수영
16926,이민수,54,평택 강서구123-45,010-8368-2961,드로잉
16927,오지후,53,고양 중구123-45,010-8171-9870,요리
16928,조소율,72,고양 장유동123-45,010-5007-8347,음악감상
16929,장하은,71,포항 수성구123-45,010-5679-9236,영화감상
16930,서지안,78,부산 덕양구123-45,010-8717-2237,음악감상
16931,장현우,35,남양주 기흥구123-45,010-8299-6416,등산
16932,김현우,41,성남 동구123-45,010-4816-5768,운동
16933,김하윤,44,남양주 남구123-45,010-7993-5834,카페 투어
16934,오유진,51,화성 수성구123-45,010-3725-4447,여행
16935,조민수,57,수원 흥덕구123-45,010-5768-3939,운동
16936,신서준,32,청주 수성구123-45,010-6305-1617,보드게임
16937,정도윤,33,울산 남구123-45,010-8380-3692,요리
16938,윤지후,70,전주 성동구123-45,010-3104-5951,일기 쓰기
16939,박하윤,70,수원 서북구123-45,010-1978-8271,여행
16940,장서준,57,남양주 남구123-45,010-8913-4620,웹서핑
16941,김소율,30,김해 중구123-45,010-4656-4628,수영
16942,강소율,71,용인 장유동123-45,010-3631-4079,여행
16943,윤예은,32,세종 북구123-45,010-9857-7515,독서
16944,조지원,28,포항 장유동123-45,010-6751-3242,음악감상
16945,서시우,46,전주 서구123-45,010-6164-8192,드로잉
16946,최민수,62,청주 덕양구123-45,010-3912-2198,운동
16947,김태윤,77,대전 해운대구123-45,010-1702-6209,운동
16948,한유진,65,김해 유성구123-45,010-2229-7451,유튜브 보기
16949,김서준,55,천안 강서구123-45,010-5386-5208,요리
16950,정건우,34,부산 서북구123-45,010-4388-4643,카페 투어
16951,최예은,67,고양 서북구123-45,010-2407-3391,등산
16952,한지안,59,청주 분당구123-45,010-6050-3718,요리
16953,한지원,39,세종 성북구123-45,010-5633-2238,영화감상
16954,장현우,20,안산 성북구123-45,010-4100-4487,수영
16955,정지민,48,인천 진해구123-45,010-3398-9910,수영
16956,임민수,35,제주 흥덕구123-45,010-5590-3253,카페 투어
16957,한서연,63,안산 신제주123-45,010-3745-6808,영화감상
16958,오지민,45,김해 팔달구123-45,010-9686-4074,게임
16959,최예린,56,용인 수성구123-45,010-8769-5510,독서
16960,임현우,53,대구 강서구123-45,010-2985-3462,드로잉
16961,조도윤,30,평택 수성구123-45,010-3466-8720,수영
16962,신지후,66,용인 장유동123-45,010-5852-9947,독서
16963,조수빈,37,성남 중구123-45,010-1378-8743,일기 쓰기
16964,박지민,65,대전 서북구123-45,010-4739-1330,유튜브 보기
16965,임하은,54,안산 기흥구123-45,010-7837-7740,등산
16966,정서준,30,평택 일산동구123-45,010-9365-5156,보드게임
16967,장지원,21,화성 강남구123-45,010-4448-3128,여행
16968,정지원,27,고양 해운대구123-45,010-1189-4505,자전거 타기
16969,이서준,77,전주 중구123-45,010-6264-1373,영화감상
16970,서현우,48,천안 동구123-45,010-5360-5787,독서
16971,정하은,38,평택 서북구123-45,010-3802-5922,뜨개질
16972,강유진,50,대전 송파구123-45,010-2501-2907,자전거 타기
16973,서민수,48,인천 흥덕구123-45,010-5452-2162,보드게임
16974,김도윤,27,안양 진해구123-45,010-4575-2594,사진촬영
16975,신민수,46,용인 남구123-45,010-2562-7654,등산
16976,최현우,27,평택 성동구123-45,010-5212-7960,수영
16977,정예은,71,안산 해운대구123-45,010-4241-8853,독서
16978,이지안,76,제주 동구123-45,010-4809-7134,일기 쓰기
16979,신예린,46,용인 중구123-45,010-8215-8817,유튜브 보기
16980,오하윤,27,울산 서북구123-45,010-2619-1823,요리
16981,오도윤,30,대전 덕진구123-45,010-7232-5692,드로잉
16982,오지민,23,세종 남구123-45,010-8926-8170,드로잉
16983,한지원,21,고양 서북구123-45,010-3081-7646,일기 쓰기
16984,임수빈,47,인천 해운대구123-45,010-6456-3625,독서
16985,이시우,69,부산 분당구123-45,010-4695-4896,드로잉
16986,조서연,68,용인 덕진구123-45,010-6158-3733,영화감상
16987,정태윤,37,화성 송파구123-45,010-1544-5876,보드게임
16988,신지후,26,김해 성북구123-45,010-1453-5766,수영
16989,장지민,27,수원 신제주123-45,010-4200-3489,드로잉
16990,신지민,63,안양 서구123-45,010-2337-1822,수영
16991,정예린,40,김해 성동구123-45,010-1124-8746,요리
16992,최지안,39,전주 덕양구123-45,010-3704-7382,독서
16993,임서준,29,부산 분당구123-45,010-9377-3391,여행
16994,조하윤,23,부산 유성구123-45,010-5823-4942,수영
16995,조도윤,67,대구 기흥구123-45,010-5101-4465,자전거 타기
16996,임지후,69,광주 진해구123-45,010-3443-5345,여행
16997,박서준,31,안양 해운대구123-45,010-1228-2866,웹서핑
16998,조하은,73,평택 서북구123-45,010-8112-1101,자전거 타기
16999,신시우,54,고양 덕진구123-45,010-2427-2745,운동
17000,신수빈,53,안산 동구123-45,010-8892-3262,일기 쓰기
17001,이서연,61,대구 강서구123-45,010-7584-1841,등산
17002,최유진,73,포항 성북구123-45,010-2532-6275,유튜브 보기
17003,오유진,77,제주 서구123-45,010-5814-7802,유튜브 보기
17004,임서준,67,김해 해운대구123-45,010-4949-8246,일기 쓰기
17005,한하은,55,평택 덕진구123-45,010-4108-6285,요리
17006,한예은,31,고양 일산동구123-45,010-8708-7176,요리
17007,이지후,36,안산 일산동구123-45,010-2111-6820,보드게임
17008,박시우,27,서울 해운대구123-45,010-6037-3913,등산
17009,이서연,20,안양 덕양구123-45,010-4298-5134,독서
17010,한하윤,63,포항 진해구123-45,010-8166-5555,웹서핑
17011,최시우,46,대전 장유동123-45,010-1228-5254,게임
17012,서건우,48,제주 서북구123-45,010-7180-5079,여행
17013,장소율,38,서울 일산동구123-45,010-5481-3060,여행
17014,강지원,36,김해 진해구123-45,010-6195-1598,드로잉
17015,윤하윤,56,전주 북구123-45,010-5910-6993,드로잉
17016,박수빈,28,세종 성동구123-45,010-4538-8832,유튜브 보기
17017,오은우,51,포항 일산동구123-45,010-3585-5007,뜨개질
17018,신은우,56,서울 팔달구123-45,010-5988-7295,영화감상
17019,조지후,34,천안 달서구123-45,010-8502-6501,사진촬영
17020,오민수,45,세종 남구123-45,010-3263-6763,독서
17021,김예린,60,부산 분당구123-45,010-8602-7886,운동
17022,오지후,21,인천 북구123-45,010-4263-6071,드로잉
17023,박지후,20,대구 남구123-45,010-3179-2442,유튜브 보기
17024,신도윤,36,제주 강남구123-45,010-3179-9434,일기 쓰기
17025,조하윤,76,청주 일산동구123-45,010-7892-3114,자전거 타기
17026,박은우,76,대구 동구123-45,010-2110-2853,여행
17027,박하은,22,울산 해운대구123-45,010-3948-3448,카페 투어
17028,서서연,77,제주 장유동123-45,010-3406-3907,수영
17029,조수빈,45,평택 서북구123-45,010-2879-1075,보드게임
17030,박지안,24,화성 남구123-45,010-2448-8611,사진촬영
17031,정서준,67,창원 수성구123-45,010-5419-9422,드로잉
17032,서하윤,68,서울 송파구123-45,010-4896-7751,일기 쓰기
17033,김수빈,77,대구 기흥구123-45,010-5820-9193,요리
17034,신예은,59,전주 북구123-45,010-6796-5743,요리
17035,이지민,68,창원 송파구123-45,010-7263-5774,자전거 타기
17036,최유진,64,김해 유성구123-45,010-7201-6733,드로잉
17037,최도윤,73,광주 강서구123-45,010-9569-6324,웹서핑
17038,정수빈,31,대구 덕양구123-45,010-3740-3922,수영
17039,최현우,33,제주 신제주123-45,010-1983-5878,카페 투어
17040,정서연,58,평택 덕양구123-45,010-2706-4895,수영
17041,조지안,21,부산 북구123-45,010-8815-4364,운동
17042,박하은,38,인천 강서구123-45,010-1695-4788,뜨개질
17043,강소율,42,안양 해운대구123-45,010-4453-2847,일기 쓰기
17044,최지후,78,광주 덕양구123-45,010-3625-6547,여행
17045,오하은,33,창원 달서구123-45,010-9079-3944,음악감상
17046,윤민수,22,수원 흥덕구123-45,010-1909-3789,드로잉
17047,강예린,67,제주 흥덕구123-45,010-4376-8064,등산
17048,윤유진,52,전주 수성구123-45,010-6008-5435,유튜브 보기
17049,장예은,69,부산 기흥구123-45,010-5479-6665,수영
17050,서소율,67,고양 수성구123-45,010-6766-1269,독서
17051,신민수,47,서울 송파구123-45,010-2984-6883,카페 투어
17052,김은우,48,수원 동구123-45,010-1269-4573,독서
17053,서지원,40,대전 서북구123-45,010-1432-8631,여행
17054,임시우,39,화성 서북구123-45,010-3178-6147,자전거 타기
17055,한시우,64,서울 달서구123-45,010-5181-2926,운동
17056,윤예린,69,안산 서북구123-45,010-1354-4713,요리
17057,서서연,67,안산 서북구123-45,010-4723-9450,보드게임
17058,서서준,52,수원 서구123-45,010-9425-7776,뜨개질
17059,신예린,28,화성 수성구123-45,010-3631-7250,사진촬영
17060,강하은,45,전주 서구123-45,010-7109-6881,독서
17061,윤지민,50,안산 달서구123-45,010-9503-6465,일기 쓰기
17062,이현우,72,전주 서구123-45,010-3851-4780,웹서핑
17063,조수빈,52,인천 동구123-45,010-6902-6719,여행
17064,정은우,26,김해 강남구123-45,010-3912-1531,수영
17065,최예린,65,울산 수성구123-45,010-6683-6990,보드게임
17066,정서연,73,김해 강남구123-45,010-5168-5055,뜨개질
17067,서시우,28,화성 달서구123-45,010-8091-1397,운동
17068,오지민,41,남양주 덕양구123-45,010-2738-5697,유튜브 보기
17069,신은우,60,인천 일산동구123-45,010-6313-6375,여행
17070,김도윤,44,제주 성동구123-45,010-4385-9161,드로잉
17071,최예린,47,포항 신제주123-45,010-4660-6388,자전거 타기
17072,강서준,62,부산 해운대구123-45,010-9931-5305,웹서핑
17073,윤지민,30,성남 기흥구123-45,010-2272-7405,독서
17074,조민수,68,대구 달서구123-45,010-9108-2465,보드게임
17075,한서준,42,화성 덕진구123-45,010-8138-2459,영화감상
17076,임소율,72,남양주 동구123-45,010-9898-1324,독서
17077,윤시우,25,광주 강남구123-45,010-8272-6672,독서
17078,서시우,55,성남 진해구123-45,010-4314-1537,수영
17079,오지원,70,안양 수성구123-45,010-7422-9187,음악감상
17080,이예린,41,대구 신제주123-45,010-1113-9761,요리
17081,오지후,63,포항 해운대구123-45,010-3857-8199,뜨개질
17082,한민수,51,천안 강서구123-45,010-4508-7751,등산
17083,최건우,49,창원 진해구123-45,010-5470-2116,드로잉
17084,강지안,43,울산 중구123-45,010-4415-6522,수영
17085,강하윤,61,울산 성동구123-45,010-9635-4052,보드게임
17086,조서연,21,대전 서구123-45,010-4096-9380,영화감상
17087,정은우,23,평택 해운대구123-45,010-7076-5294,음악감상
17088,강예은,79,안양 팔달구123-45,010-9708-6317,일기 쓰기
17089,정지후,78,울산 일산동구123-45,010-2350-5261,여행
17090,이서연,45,성남 일산동구123-45,010-3248-3271,보드게임
17091,조태윤,50,인천 성북구123-45,010-6630-7737,유튜브 보기
17092,조서준,41,부산 서구123-45,010-2265-6827,보드게임
17093,김시우,56,김해 송파구123-45,010-8810-8363,독서
17094,서지원,59,성남 남구123-45,010-9035-8474,운동
17095,김지안,41,평택 팔달구123-45,010-3590-4500,사진촬영
17096,윤지민,64,포항 북구123-45,010-2652-9236,보드게임
17097,이하은,49,전주 북구123-45,010-6887-5094,등산
17098,장현우,62,제주 유성구123-45,010-6592-2539,웹서핑
17099,장서연,39,제주 성동구123-45,010-1779-1305,유튜브 보기
17100,장서준,30,천안 서구123-45,010-3038-3464,웹서핑
17101,윤예은,22,남양주 성동구123-45,010-9054-4766,여행
17102,한지후,24,창원 분당구123-45,010-7353-8987,등산
17103,신지안,33,대구 일산동구123-45,010-1085-3446,여행
17104,김지후,53,용인 중구123-45,010-8959-9934,카페 투어
17105,강시우,71,세종 성동구123-45,010-8381-3586,운동
17106,이하윤,51,울산 중구123-45,010-5885-3378,웹서핑
17107,이유진,55,광주 흥덕구123-45,010-8995-2420,요리
17108,장지안,46,대구 동구123-45,010-1480-5040,드로잉
17109,정현우,20,인천 장유동123-45,010-3005-9571,카페 투어
17110,최도윤,24,창원 분당구123-45,010-7588-7240,음악감상
17111,서지안,20,광주 성북구123-45,010-5295-8690,요리
17112,장예린,45,김해 남구123-45,010-7799-7908,유튜브 보기
17113,오지후,65,부산 수성구123-45,010-4431-1474,카페 투어
17114,이태윤,31,화성 수성구123-45,010-8158-7069,웹서핑
17115,강서준,38,용인 서북구123-45,010-3672-8530,드로잉
17116,서수빈,54,창원 북구123-45,010-9414-4475,게임
17117,장지후,61,성남 일산동구123-45,010-5457-4013,등산
17118,임민수,43,김해 팔달구123-45,010-4427-4400,드로잉
17119,박시우,79,창원 분당구123-45,010-2342-4642,음악감상
17120,정유진,36,수원 흥덕구123-45,010-6955-3573,뜨개질
17121,장하윤,65,남양주 남구123-45,010-3253-3644,운동
17122,신서준,62,제주 동구123-45,010-7291-4970,사진촬영
17123,장소율,44,용인 남구123-45,010-3890-9004,요리
17124,서지후,21,서울 진해구123-45,010-3584-4609,여행
17125,임시우,25,성남 흥덕구123-45,010-3282-1865,드로잉
17126,신건우,54,성남 흥덕구123-45,010-5710-9019,자전거 타기
17127,한도윤,49,안양 남구123-45,010-6962-4325,자전거 타기
17128,정건우,79,수원 강서구123-45,010-6827-2193,영화감상
17129,정은우,45,대구 흥덕구123-45,010-3143-4370,보드게임
17130,임서준,52,성남 덕진구123-45,010-7780-2291,운동
17131,신도윤,50,광주 서구123-45,010-8807-3824,게임
17132,박수빈,39,부산 해운대구123-45,010-4814-6667,여행
17133,오유진,45,안양 해운대구123-45,010-5502-5592,게임
17134,최서준,56,울산 북구123-45,010-6126-4266,일기 쓰기
17135,이지후,75,평택 송파구123-45,010-8505-6916,음악감상
17136,정건우,56,대구 진해구123-45,010-2968-1648,뜨개질
17137,한예은,32,창원 해운대구123-45,010-5854-6003,요리
17138,박서준,69,울산 성동구123-45,010-6738-1927,여행
17139,이민수,51,포항 성북구123-45,010-6969-6824,등산
17140,오건우,76,용인 팔달구123-45,010-7849-4488,음악감상
17141,조예린,52,포항 강남구123-45,010-1527-4507,음악감상
17142,김유진,73,평택 기흥구123-45,010-5210-4459,보드게임
17143,장유진,55,고양 신제주123-45,010-3709-4206,음악감상
17144,오지원,37,청주 송파구123-45,010-1545-9739,자전거 타기
17145,서지민,23,제주 달서구123-45,010-6449-2816,뜨개질
17146,신지후,66,인천 신제주123-45,010-2196-5855,뜨개질
17147,김하은,39,성남 동구123-45,010-9071-3220,영화감상
17148,이태윤,37,울산 달서구123-45,010-6512-5760,독서
17149,윤도윤,66,안산 성동구123-45,010-3612-1073,뜨개질
17150,윤현우,45,수원 남구123-45,010-9186-1768,영화감상
17151,박예린,67,평택 달서구123-45,010-2461-5066,일기 쓰기
17152,장유진,62,서울 북구123-45,010-7806-6344,자전거 타기
17153,이도윤,36,서울 덕양구123-45,010-1608-2928,드로잉
17154,최서연,58,김해 남구123-45,010-9266-5433,수영
17155,장은우,71,세종 성북구123-45,010-6889-6146,음악감상
17156,오지원,68,안산 신제주123-45,010-4547-4324,뜨개질
17157,한예은,35,서울 덕양구123-45,010-4397-9067,게임
17158,장은우,73,포항 신제주123-45,010-5358-4745,여행
17159,신은우,78,용인 일산동구123-45,010-7961-3827,드로잉
17160,이소율,77,전주 성동구123-45,010-6687-5729,보드게임
17161,최민수,53,성남 송파구123-45,010-3699-6379,웹서핑
17162,조건우,58,고양 성북구123-45,010-2213-8407,수영
17163,조하은,69,대전 덕진구123-45,010-2119-7284,독서
17164,한소율,23,부산 서북구123-45,010-4779-4634,보드게임
17165,이지안,67,전주 분당구123-45,010-3906-9719,요리
17166,조서연,20,세종 달서구123-45,010-6414-2324,요리
17167,박현우,52,전주 서구123-45,010-8866-2894,사진촬영
17168,임수빈,28,광주 강서구123-45,010-5973-8310,카페 투어
17169,서건우,57,남양주 수성구123-45,010-6171-9753,유튜브 보기
17170,서서준,72,김해 일산동구123-45,010-5147-2904,등산
17171,한민수,31,대전 진해구123-45,010-1306-1769,유튜브 보기
17172,신예린,50,수원 동구123-45,010-1950-9532,유튜브 보기
17173,김지민,67,전주 수성구123-45,010-3780-4575,드로잉
17174,윤태윤,38,수원 북구123-45,010-5427-3059,뜨개질
17175,이은우,62,대구 서북구123-45,010-8375-6293,운동
17176,박서연,78,광주 흥덕구123-45,010-6063-4581,음악감상
17177,오유진,65,평택 팔달구123-45,010-4087-7322,게임
17178,김지후,62,안산 성동구123-45,010-1334-8900,드로잉
17179,최예린,68,전주 달서구123-45,010-3609-5049,뜨개질
17180,윤소율,59,창원 흥덕구123-45,010-4654-5473,운동
17181,최현우,30,포항 흥덕구123-45,010-4042-5098,여행
17182,이소율,67,안산 서구123-45,010-6084-2349,드로잉
17183,박예린,71,포항 중구123-45,010-7376-1662,보드게임
17184,김지안,59,남양주 팔달구123-45,010-5741-3960,뜨개질
17185,신시우,75,세종 신제주123-45,010-2431-3975,운동
17186,강지민,43,제주 진해구123-45,010-2653-5524,등산
17187,조민수,41,수원 동구123-45,010-9108-6493,카페 투어
17188,오지안,72,대구 덕진구123-45,010-1866-4298,독서
17189,이예은,24,김해 흥덕구123-45,010-3100-3833,여행
17190,윤은우,20,포항 해운대구123-45,010-4689-2282,음악감상
17191,정지민,39,전주 신제주123-45,010-5837-1332,사진촬영
17192,장하은,23,제주 송파구123-45,010-2175-2710,영화감상
17193,오은우,45,화성 수성구123-45,010-8499-6215,영화감상
17194,서하은,79,인천 덕양구123-45,010-4601-3751,일기 쓰기
17195,이민수,69,안산 유성구123-45,010-2195-3547,웹서핑
17196,장소율,60,대전 서구123-45,010-5411-1461,드로잉
17197,최지원,62,천안 북구123-45,010-7443-6474,사진촬영
17198,윤시우,60,안양 장유동123-45,010-1699-7259,등산
17199,박은우,50,전주 남구123-45,010-4647-7708,뜨개질
17200,최예린,27,성남 유성구123-45,010-3150-4479,등산
17201,임현우,26,전주 장유동123-45,010-6044-4162,유튜브 보기
17202,이수빈,75,부산 수성구123-45,010-6824-3941,일기 쓰기
17203,최태윤,79,제주 중구123-45,010-9951-9349,여행
17204,김지민,52,김해 남구123-45,010-1031-3036,등산
17205,이도윤,23,평택 일산동구123-45,010-3245-8103,사진촬영
17206,김현우,47,평택 수성구123-45,010-2417-4598,뜨개질
17207,정도윤,57,제주 흥덕구123-45,010-7004-1048,유튜브 보기
17208,조민수,78,세종 송파구123-45,010-5832-2300,음악감상
17209,윤유진,35,수원 덕양구123-45,010-5592-1089,운동
17210,이소율,33,창원 장유동123-45,010-8052-4838,웹서핑
17211,윤소율,66,대전 강서구123-45,010-4535-3347,뜨개질
17212,조도윤,78,전주 달서구123-45,010-3088-4479,웹서핑
17213,조소율,31,창원 강서구123-45,010-5996-5415,카페 투어
17214,최지후,42,대구 기흥구123-45,010-4067-1237,유튜브 보기
17215,서은우,38,김해 분당구123-45,010-1566-7527,카페 투어
17216,서서연,44,남양주 덕진구123-45,010-6471-6284,카페 투어
17217,임유진,70,평택 남구123-45,010-8898-5114,독서
17218,한지원,40,수원 유성구123-45,010-2164-3571,뜨개질
17219,임수빈,23,청주 수성구123-45,010-1491-5139,게임
17220,강서준,40,대전 일산동구123-45,010-1254-5396,여행
17221,강건우,26,포항 흥덕구123-45,010-1872-5722,뜨개질
17222,박지후,75,인천 일산동구123-45,010-9417-3192,등산
17223,신지안,52,대전 덕양구123-45,010-6301-6705,게임
17224,한예은,46,안양 덕진구123-45,010-4771-6231,여행
17225,박태윤,29,전주 수성구123-45,010-2023-4743,등산
17226,박지민,29,성남 분당구123-45,010-5193-7883,카페 투어
17227,서유진,56,광주 강남구123-45,010-2515-5711,게임
17228,신수빈,37,안양 서북구123-45,010-3423-4477,등산
17229,강건우,36,세종 해운대구123-45,010-6359-8953,여행
17230,오서준,64,대전 덕양구123-45,010-6691-5165,여행
17231,박민수,76,대구 유성구123-45,010-1559-7454,요리
17232,윤현우,27,남양주 팔달구123-45,010-2746-5789,음악감상
17233,오서준,75,용인 흥덕구123-45,010-2184-4863,운동
17234,윤수빈,33,남양주 강남구123-45,010-8481-3366,여행
17235,신태윤,32,대전 강서구123-45,010-8384-6662,음악감상
17236,최태윤,30,화성 진해구123-45,010-1805-4561,카페 투어
17237,강지민,46,김해 달서구123-45,010-5635-6955,수영
17238,조은우,64,고양 북구123-45,010-1194-6710,웹서핑
17239,신지안,63,창원 덕양구123-45,010-2078-7335,수영
17240,신민수,38,세종 기흥구123-45,010-9798-4455,수영
17241,박유진,69,성남 남구123-45,010-4446-6211,게임
17242,이지안,57,고양 송파구123-45,010-4294-6764,여행
17243,강건우,63,창원 분당구123-45,010-2793-2208,일기 쓰기
17244,신지민,49,창원 덕양구123-45,010-4991-1104,자전거 타기
17245,오서연,67,안양 동구123-45,010-6187-2888,음악감상
17246,조예은,52,천안 강서구123-45,010-5613-5762,게임
17247,박지후,46,제주 남구123-45,010-5513-8755,운동
17248,임지원,26,성남 동구123-45,010-3478-2644,유튜브 보기
17249,강지안,37,고양 기흥구123-45,010-2256-1442,요리
17250,윤은우,56,화성 신제주123-45,010-1279-6206,카페 투어
17251,정도윤,33,안양 동구123-45,010-1286-2950,음악감상
17252,신수빈,64,청주 동구123-45,010-1957-5946,일기 쓰기
17253,박태윤,55,김해 송파구123-45,010-6423-6600,여행
17254,최지민,74,용인 유성구123-45,010-4020-8337,요리
17255,한서연,28,서울 기흥구123-45,010-9296-6738,유튜브 보기
17256,임서준,40,화성 팔달구123-45,010-2187-5620,수영
17257,임유진,21,대구 달서구123-45,010-7983-6060,음악감상
17258,조은우,42,남양주 북구123-45,010-7165-3667,게임
17259,박유진,39,부산 북구123-45,010-3024-3103,유튜브 보기
17260,오소율,38,서울 성동구123-45,010-1295-5544,독서
17261,박은우,59,화성 유성구123-45,010-6368-3252,일기 쓰기
17262,최지원,56,평택 남구123-45,010-9104-9139,운동
17263,정시우,34,부산 신제주123-45,010-5316-6228,요리
17264,최서준,26,용인 신제주123-45,010-4707-8031,뜨개질
17265,최지민,56,광주 기흥구123-45,010-6073-4417,사진촬영
17266,박서준,24,광주 북구123-45,010-6830-8507,등산
17267,박은우,76,수원 강서구123-45,010-8085-1035,카페 투어
17268,김지후,59,전주 분당구123-45,010-9982-5969,보드게임
17269,박하은,42,대전 강서구123-45,010-7660-2691,카페 투어
17270,정지안,37,안산 성동구123-45,010-4936-7721,웹서핑
17271,강유진,38,안양 달서구123-45,010-5076-5482,사진촬영
17272,강민수,43,평택 강남구123-45,010-8208-2909,영화감상
17273,이현우,55,수원 달서구123-45,010-3824-8785,유튜브 보기
17274,한서연,21,천안 덕양구123-45,010-7308-7238,영화감상
17275,장예은,68,포항 장유동123-45,010-6631-8962,드로잉
17276,장도윤,48,울산 서북구123-45,010-9609-8445,여행
17277,조지안,52,천안 서북구123-45,010-1325-1613,드로잉
17278,임지원,62,광주 수성구123-45,010-4204-2018,독서
17279,정지후,42,김해 일산동구123-45,010-1160-3675,운동
17280,신지후,79,성남 기흥구123-45,010-2473-6135,수영
17281,장시우,60,광주 남구123-45,010-2987-6053,운동
17282,신하은,49,서울 동구123-45,010-8942-9221,뜨개질
17283,최하윤,20,창원 서북구123-45,010-8437-1484,뜨개질
17284,윤예린,24,화성 성북구123-45,010-3920-1044,드로잉
17285,임서연,53,전주 성동구123-45,010-1234-4794,자전거 타기
17286,장유진,50,포항 진해구123-45,010-3212-7046,운동
17287,신은우,29,전주 유성구123-45,010-5072-4831,영화감상
17288,정태윤,23,인천 성동구123-45,010-5902-4972,보드게임
17289,최서연,37,성남 서구123-45,010-1859-2724,유튜브 보기
17290,윤태윤,60,안산 해운대구123-45,010-3997-7431,여행
17291,이지후,34,안산 서구123-45,010-2968-5586,자전거 타기
17292,조현우,71,수원 송파구123-45,010-7972-2991,음악감상
17293,박서준,33,김해 수성구123-45,010-4180-2467,사진촬영
17294,신시우,44,인천 흥덕구123-45,010-2416-5278,운동
17295,김하윤,59,천안 동구123-45,010-6164-8126,웹서핑
17296,임은우,49,울산 달서구123-45,010-8280-5605,일기 쓰기
17297,한지후,29,고양 송파구123-45,010-5422-6918,운동
17298,장소율,63,수원 해운대구123-45,010-1119-7996,자전거 타기
17299,박예린,48,전주 성북구123-45,010-5766-2331,자전거 타기
17300,김지민,45,용인 송파구123-45,010-4275-5589,유튜브 보기
17301,오예은,77,청주 성동구123-45,010-2802-1942,운동
17302,최수빈,43,고양 덕양구123-45,010-7121-2729,여행
17303,윤예린,41,남양주 강서구123-45,010-6941-8585,수영
17304,최유진,39,김해 성동구123-45,010-6774-1760,음악감상
17305,최하은,69,평택 중구123-45,010-2974-3908,카페 투어
17306,서예은,68,전주 일산동구123-45,010-8038-3892,게임
17307,장민수,37,용인 서구123-45,010-1225-3239,유튜브 보기
17308,박유진,31,수원 일산동구123-45,010-4655-6830,뜨개질
17309,조소율,52,고양 팔달구123-45,010-6124-3149,운동
17310,신현우,72,수원 달서구123-45,010-8782-3103,등산
17311,박예린,58,포항 팔달구123-45,010-5754-5383,운동
17312,임지후,48,화성 강서구123-45,010-9168-2855,웹서핑
17313,강서준,79,안산 성북구123-45,010-5266-5044,등산
17314,장예은,41,대전 덕양구123-45,010-6401-1248,자전거 타기
17315,윤지후,74,부산 덕양구123-45,010-4192-7375,요리
17316,장도윤,64,천안 장유동123-45,010-3855-3787,영화감상
17317,장하윤,42,수원 송파구123-45,010-1018-1168,드로잉
17318,이서준,61,포항 진해구123-45,010-3703-9184,사진촬영
17319,강서준,70,고양 수성구123-45,010-2572-2544,요리
17320,조서준,69,남양주 덕양구123-45,010-6862-5153,음악감상
17321,김서준,25,화성 덕양구123-45,010-1595-1368,보드게임
17322,한하윤,46,울산 기흥구123-45,010-3937-2039,유튜브 보기
17323,임지후,66,서울 장유동123-45,010-2292-5722,보드게임
17324,강민수,40,광주 강남구123-45,010-4700-9914,게임
17325,한민수,36,포항 동구123-45,010-2276-1693,유튜브 보기
17326,신소율,53,김해 장유동123-45,010-1341-9908,여행
17327,장예은,33,남양주 송파구123-45,010-4049-2476,카페 투어
17328,정하윤,53,청주 덕양구123-45,010-4409-3302,등산
17329,장도윤,78,성남 성북구123-45,010-5943-4231,요리
17330,조소율,37,창원 서북구123-45,010-9292-3393,등산
17331,조지민,24,수원 동구123-45,010-1371-5648,운동
17332,임현우,55,안양 일산동구123-45,010-5165-4285,등산
17333,박하은,49,수원 중구123-45,010-2539-3038,유튜브 보기
17334,서태윤,36,용인 남구123-45,010-1231-4828,영화감상
17335,김지원,36,평택 달서구123-45,010-1155-2740,사진촬영
17336,한소율,52,천안 덕진구123-45,010-2208-8335,일기 쓰기
17337,정현우,75,수원 해운대구123-45,010-4376-7906,드로잉
17338,오수빈,28,용인 서구123-45,010-8964-7286,카페 투어
17339,최지원,47,평택 분당구123-45,010-9591-4601,자전거 타기
17340,서건우,74,울산 신제주123-45,010-1610-2891,유튜브 보기
17341,김건우,25,평택 중구123-45,010-5062-5130,영화감상
17342,이하은,38,제주 유성구123-45,010-9597-4111,카페 투어
17343,김예린,33,서울 중구123-45,010-1241-8975,독서
17344,이수빈,54,세종 기흥구123-45,010-8043-9131,수영
17345,조하윤,58,전주 성동구123-45,010-8341-2512,뜨개질
17346,강현우,34,세종 달서구123-45,010-2600-1847,유튜브 보기
17347,박건우,68,남양주 강서구123-45,010-9728-4181,웹서핑
17348,조현우,72,수원 서북구123-45,010-4243-9269,영화감상
17349,조민수,32,천안 기흥구123-45,010-8253-8818,운동
17350,김지안,64,광주 신제주123-45,010-4743-4077,자전거 타기
17351,윤하은,55,수원 서구123-45,010-1043-3973,웹서핑
17352,정현우,75,평택 동구123-45,010-4314-7722,운동
17353,조예린,77,화성 성북구123-45,010-6438-9320,뜨개질
17354,신지민,75,천안 팔달구123-45,010-1161-3819,독서
17355,임도윤,29,부산 수성구123-45,010-9244-1141,유튜브 보기
17356,서현우,65,청주 흥덕구123-45,010-9424-3409,웹서핑
17357,박민수,74,대구 남구123-45,010-3137-5028,수영
17358,조건우,29,평택 중구123-45,010-2589-5895,사진촬영
17359,정현우,47,부산 동구123-45,010-1450-4910,여행
17360,한유진,44,세종 서북구123-45,010-4573-7756,여행
17361,장민수,23,세종 기흥구123-45,010-1116-3685,독서
17362,이지후,32,용인 팔달구123-45,010-6829-4562,일기 쓰기
17363,김유진,21,포항 수성구123-45,010-3149-3544,드로잉
17364,정건우,37,부산 동구123-45,010-9362-6153,여행
17365,신예린,40,세종 신제주123-45,010-3584-4306,보드게임
17366,이지민,25,부산 성동구123-45,010-7744-3348,일기 쓰기
17367,오지안,38,안산 강남구123-45,010-2429-1043,뜨개질
17368,임예린,28,청주 신제주123-45,010-9221-5497,보드게임
17369,이현우,73,평택 덕양구123-45,010-7974-3644,수영
17370,조서준,36,용인 덕진구123-45,010-3566-6052,보드게임
17371,윤시우,52,천안 덕양구123-45,010-7906-8143,웹서핑
17372,이서준,65,창원 송파구123-45,010-9416-1420,뜨개질
17373,정민수,53,전주 강서구123-45,010-9620-5883,영화감상
17374,조수빈,52,대구 해운대구123-45,010-3359-9140,요리
17375,최은우,53,울산 서북구123-45,010-8100-6315,독서
17376,이하윤,67,용인 진해구123-45,010-4809-4594,요리
17377,이서연,73,천안 진해구123-45,010-5692-2551,드로잉
17378,임예은,59,천안 팔달구123-45,010-9019-8650,여행
17379,정유진,42,남양주 신제주123-45,010-3059-1768,일기 쓰기
17380,오서준,64,포항 서북구123-45,010-7562-3587,등산
17381,한지안,53,제주 흥덕구123-45,010-1653-8071,자전거 타기
17382,임지안,23,안양 해운대구123-45,010-6274-4823,게임
17383,김지원,51,안산 흥덕구123-45,010-6199-9982,카페 투어
17384,강예린,58,용인 장유동123-45,010-3970-1310,유튜브 보기
17385,최하윤,65,대구 서북구123-45,010-4102-6909,여행
17386,신도윤,37,포항 북구123-45,010-9685-4635,요리
17387,박서연,44,화성 팔달구123-45,010-9000-2405,보드게임
17388,김지안,58,수원 장유동123-45,010-6624-2341,유튜브 보기
17389,서도윤,53,창원 달서구123-45,010-9937-5031,여행
17390,이예은,41,제주 동구123-45,010-5410-3797,독서
17391,김시우,49,서울 분당구123-45,010-4078-7988,게임
17392,서태윤,47,대전 중구123-45,010-5486-8294,운동
17393,임서준,76,수원 팔달구123-45,010-2421-9374,사진촬영
17394,이예은,54,안산 서북구123-45,010-8442-9831,음악감상
17395,서하은,53,부산 해운대구123-45,010-4578-2653,운동
17396,장예린,75,대구 성북구123-45,010-1347-3753,웹서핑
17397,김유진,60,용인 강남구123-45,010-5882-3378,운동
17398,한지후,34,인천 흥덕구123-45,010-2838-8151,독서
17399,장유진,65,창원 분당구123-45,010-4242-7590,보드게임
17400,윤은우,44,서울 동구123-45,010-3295-9576,게임
17401,윤지안,35,창원 성북구123-45,010-1480-1682,등산
17402,정하은,55,수원 강서구123-45,010-9788-4982,영화감상
17403,김하윤,61,남양주 성동구123-45,010-4416-5728,독서
17404,임도윤,28,천안 해운대구123-45,010-9322-5818,영화감상
17405,강수빈,70,포항 덕진구123-45,010-1743-9504,드로잉
17406,임은우,46,부산 신제주123-45,010-4782-4284,뜨개질
17407,윤예린,73,수원 덕진구123-45,010-5042-7963,카페 투어
17408,김하은,37,안양 장유동123-45,010-5180-3038,드로잉
17409,윤수빈,20,서울 서북구123-45,010-9495-3490,웹서핑
17410,최현우,55,울산 서구123-45,010-4370-1985,카페 투어
17411,윤서연,49,성남 신제주123-45,010-5362-4231,일기 쓰기
17412,장예린,63,성남 성동구123-45,010-4757-8837,운동
17413,이민수,47,청주 신제주123-45,010-4928-3025,여행
17414,서지안,58,창원 일산동구123-45,010-5010-6516,음악감상
17415,최은우,76,고양 서북구123-45,010-8983-9899,유튜브 보기
17416,신서준,24,고양 성북구123-45,010-5773-5479,사진촬영
17417,한예은,21,대구 해운대구123-45,010-3530-9765,운동
17418,강하은,75,전주 진해구123-45,010-5685-6047,운동
17419,정하윤,75,서울 성동구123-45,010-6576-1376,카페 투어
17420,윤하은,27,서울 달서구123-45,010-2013-8268,수영
17421,신시우,39,인천 서구123-45,010-9694-5102,여행
17422,윤지안,61,창원 강서구123-45,010-3978-1248,자전거 타기
17423,김하은,54,청주 성동구123-45,010-8647-6806,카페 투어
17424,김민수,71,세종 일산동구123-45,010-9627-9011,유튜브 보기
17425,윤지민,65,대전 성북구123-45,010-6570-7395,수영
17426,서시우,61,포항 성동구123-45,010-1843-5296,드로잉
17427,조지안,77,포항 강서구123-45,010-8835-1301,수영
17428,신수빈,65,제주 흥덕구123-45,010-4832-3718,드로잉
17429,박건우,55,대구 해운대구123-45,010-8679-5046,독서
17430,이현우,79,평택 덕진구123-45,010-9527-8566,등산
17431,최은우,72,수원 남구123-45,010-3308-2709,요리
17432,정지후,57,제주 장유동123-45,010-4909-6667,게임
17433,한건우,21,평택 덕양구123-45,010-2142-5421,음악감상
17434,김서연,27,부산 수성구123-45,010-8878-7476,운동
17435,정지원,30,수원 분당구123-45,010-4834-4686,게임
17436,조현우,30,제주 동구123-45,010-1272-2875,일기 쓰기
17437,한예린,54,인천 강남구123-45,010-1909-2089,유튜브 보기
17438,최시우,52,청주 서구123-45,010-1576-2640,음악감상
17439,오은우,33,울산 덕진구123-45,010-3549-2551,자전거 타기
17440,김서연,30,수원 성동구123-45,010-2635-7862,보드게임
17441,서하윤,27,포항 송파구123-45,010-6766-9425,유튜브 보기
17442,한시우,48,청주 해운대구123-45,010-9133-7180,드로잉
17443,오하윤,59,대구 서구123-45,010-6885-9897,자전거 타기
17444,임지원,79,고양 성동구123-45,010-4077-5347,여행
17445,이소율,28,울산 중구123-45,010-5791-1007,요리
17446,조건우,21,서울 북구123-45,010-3429-4254,유튜브 보기
17447,강수빈,33,안양 성동구123-45,010-2874-7820,음악감상
17448,박서연,58,평택 강남구123-45,010-8973-3092,웹서핑
17449,오지안,73,울산 성북구123-45,010-3970-1449,일기 쓰기
17450,강소율,76,김해 성동구123-45,010-9641-5686,등산
17451,최지안,27,대전 해운대구123-45,010-5148-2152,드로잉
17452,신지안,39,청주 팔달구123-45,010-3837-4055,수영
17453,신시우,42,부산 흥덕구123-45,010-5582-1033,요리
17454,오태윤,29,천안 성북구123-45,010-3311-2342,사진촬영
17455,장지후,72,안양 유성구123-45,010-5404-2229,카페 투어
17456,김예린,70,화성 팔달구123-45,010-4708-5005,카페 투어
17457,신예린,66,화성 성동구123-45,010-4507-1845,자전거 타기
17458,장지후,68,전주 서구123-45,010-4280-9821,여행
17459,최지원,41,김해 서구123-45,010-6168-6818,게임
17460,한현우,23,서울 달서구123-45,010-1762-4374,영화감상
17461,최수빈,59,전주 팔달구123-45,010-8689-3709,보드게임
17462,서시우,56,청주 팔달구123-45,010-9757-5458,등산
17463,장도윤,67,남양주 진해구123-45,010-5337-5264,여행
17464,윤지원,73,성남 분당구123-45,010-5007-6634,수영
17465,임서연,55,수원 남구123-45,010-6672-1651,운동
17466,오지후,35,천안 신제주123-45,010-9780-6094,독서
17467,김수빈,44,포항 달서구123-45,010-2640-9111,웹서핑
17468,윤예린,37,남양주 남구123-45,010-5747-8224,사진촬영
17469,김하은,67,광주 성동구123-45,010-3600-8966,카페 투어
17470,조서연,79,용인 남구123-45,010-5223-2537,웹서핑
17471,오예린,24,세종 성북구123-45,010-9332-9639,보드게임
17472,김도윤,71,서울 팔달구123-45,010-2886-5857,독서
17473,김건우,58,성남 유성구123-45,010-6449-3221,독서
17474,한소율,45,화성 덕진구123-45,010-2020-7099,게임
17475,한은우,21,전주 서구123-45,010-4340-4864,사진촬영
17476,한민수,59,안양 덕양구123-45,010-5464-6213,웹서핑
17477,한서준,74,인천 덕양구123-45,010-3491-8649,요리
17478,장건우,40,광주 북구123-45,010-4013-5363,등산
17479,신하은,42,안산 동구123-45,010-8354-7841,등산
17480,신서준,49,수원 수성구123-45,010-1281-1476,요리
17481,오은우,57,전주 수성구123-45,010-2134-4058,사진촬영
17482,이은우,66,제주 분당구123-45,010-6033-5114,운동
17483,오유진,78,전주 흥덕구123-45,010-3965-8828,영화감상
17484,신현우,60,안양 수성구123-45,010-6273-2798,보드게임
17485,이소율,32,안양 성동구123-45,010-2618-2687,뜨개질
17486,오지후,29,전주 서북구123-45,010-6583-8641,등산
17487,장서준,66,서울 덕진구123-45,010-6524-4815,웹서핑
17488,임도윤,62,수원 일산동구123-45,010-5441-3603,운동
17489,서서연,35,용인 장유동123-45,010-4480-5818,음악감상
17490,임은우,30,대구 기흥구123-45,010-9929-6966,사진촬영
17491,정건우,30,서울 성북구123-45,010-2289-7835,음악감상
17492,장도윤,69,남양주 서구123-45,010-6151-4050,게임
17493,김지안,70,화성 일산동구123-45,010-2622-4161,자전거 타기
17494,윤서연,25,대구 일산동구123-45,010-9238-6153,게임
17495,신현우,65,울산 유성구123-45,010-9579-1351,독서
17496,김지원,66,평택 수성구123-45,010-6068-2036,수영
17497,최지원,25,성남 중구123-45,010-2781-9237,영화감상
17498,신서준,34,화성 강남구123-45,010-5974-4932,운동
17499,신하윤,49,대구 장유동123-45,010-1010-5101,음악감상
17500,서현우,48,제주 신제주123-45,010-1457-2193,드로잉
17501,이소율,63,부산 동구123-45,010-3526-3998,수영
17502,정지안,29,화성 분당구123-45,010-3433-8069,등산
17503,오시우,56,천안 송파구123-45,010-6870-6323,음악감상
17504,서은우,49,대전 팔달구123-45,010-8412-3657,자전거 타기
17505,박은우,61,성남 팔달구123-45,010-5256-4436,요리
17506,오건우,69,용인 덕양구123-45,010-3511-5838,독서
17507,이도윤,63,화성 흥덕구123-45,010-3439-7994,등산
17508,김소율,35,용인 송파구123-45,010-5631-3300,요리
17509,오서준,79,대전 수성구123-45,010-6970-6279,자전거 타기
17510,오서연,63,광주 흥덕구123-45,010-6705-1709,독서
17511,최도윤,66,화성 달서구123-45,010-4133-5058,독서
17512,박지안,71,김해 유성구123-45,010-6409-1497,운동
17513,서태윤,49,성남 송파구123-45,010-3734-9454,일기 쓰기
17514,오도윤,43,평택 일산동구123-45,010-6341-5194,음악감상
17515,한유진,73,청주 성북구123-45,010-2969-1731,영화감상
17516,조지안,45,창원 서북구123-45,010-2801-2825,유튜브 보기
17517,최현우,79,평택 송파구123-45,010-3979-1930,카페 투어
17518,신하윤,69,안양 중구123-45,010-7276-3007,보드게임
17519,정태윤,52,수원 수성구123-45,010-2257-3197,유튜브 보기
17520,최민수,69,제주 성북구123-45,010-5305-2436,영화감상
17521,강현우,48,대전 일산동구123-45,010-6433-8643,여행
17522,임예린,25,평택 팔달구123-45,010-5806-3362,보드게임
17523,정은우,50,성남 중구123-45,010-8678-5911,운동
17524,윤지후,55,울산 분당구123-45,010-8944-9378,사진촬영
17525,오시우,46,김해 성북구123-45,010-5191-4033,요리
17526,서유진,78,안양 강서구123-45,010-1452-8981,보드게임
17527,이유진,24,인천 송파구123-45,010-1209-1530,요리
17528,김지안,34,남양주 일산동구123-45,010-4806-2739,카페 투어
17529,김건우,75,수원 북구123-45,010-5183-5276,웹서핑
17530,박하윤,34,안산 해운대구123-45,010-3172-8086,유튜브 보기
17531,윤지후,62,평택 서북구123-45,010-4960-5750,보드게임
17532,정예은,35,천안 일산동구123-45,010-3115-6878,보드게임
17533,최예은,60,고양 기흥구123-45,010-1632-3515,뜨개질
17534,장하은,23,울산 강서구123-45,010-1920-2102,음악감상
17535,오지후,24,제주 남구123-45,010-5109-2467,음악감상
17536,한시우,46,남양주 서구123-45,010-6927-8589,뜨개질
17537,조지민,44,천안 서구123-45,010-5666-1703,독서
17538,윤유진,70,천안 성북구123-45,010-1318-1724,수영
17539,신서준,38,인천 북구123-45,010-6662-8617,웹서핑
17540,이시우,67,화성 일산동구123-45,010-3826-3934,수영
17541,강유진,69,평택 남구123-45,010-3942-1225,음악감상
17542,한예은,55,김해 동구123-45,010-1752-6386,수영
17543,서은우,63,천안 흥덕구123-45,010-1693-3567,보드게임
17544,장은우,22,전주 장유동123-45,010-3069-1482,사진촬영
17545,조서준,65,성남 장유동123-45,010-2250-6966,요리
17546,한지안,41,서울 동구123-45,010-4741-4254,수영
17547,강예린,20,남양주 신제주123-45,010-1409-2959,뜨개질
17548,서민수,62,창원 진해구123-45,010-1670-5001,웹서핑
17549,이지원,69,남양주 강남구123-45,010-3143-9321,음악감상
17550,조서연,45,대전 북구123-45,010-4637-1769,뜨개질
17551,김서준,29,용인 유성구123-45,010-7314-4703,운동
17552,이예은,24,부산 달서구123-45,010-1014-6298,뜨개질
17553,장지안,53,대구 신제주123-45,010-9613-2185,자전거 타기
17554,한도윤,68,대전 서구123-45,010-4087-9571,뜨개질
17555,최은우,66,서울 동구123-45,010-7280-5144,독서
17556,한현우,56,안산 서북구123-45,010-6853-3918,독서
17557,김하은,69,고양 분당구123-45,010-6645-1653,사진촬영
17558,이서연,44,성남 장유동123-45,010-6877-2572,영화감상
17559,서예린,27,안산 덕양구123-45,010-6474-3433,여행
17560,조현우,62,대전 서구123-45,010-3700-3838,게임
17561,조은우,33,평택 남구123-45,010-1589-6094,카페 투어
17562,신도윤,49,안산 서구123-45,010-7086-1652,뜨개질
17563,강유진,39,남양주 분당구123-45,010-2202-6156,유튜브 보기
17564,박지안,58,포항 일산동구123-45,010-9969-8376,수영
17565,조현우,20,화성 북구123-45,010-6167-8380,독서
17566,정수빈,25,고양 성북구123-45,010-8930-4194,등산
17567,신은우,64,남양주 달서구123-45,010-3295-2167,웹서핑
17568,임지민,63,대구 송파구123-45,010-4142-6748,카페 투어
17569,임도윤,39,청주 수성구123-45,010-1161-2351,사진촬영
17570,오서연,62,안산 성북구123-45,010-4385-7855,뜨개질
17571,강시우,64,인천 강남구123-45,010-4954-5059,등산
17572,장시우,59,남양주 성북구123-45,010-5762-3212,보드게임
17573,임시우,42,안양 일산동구123-45,010-2653-3350,유튜브 보기
17574,오시우,30,김해 장유동123-45,010-7100-8723,카페 투어
17575,오소율,40,포항 진해구123-45,010-9977-1696,웹서핑
17576,신지민,36,수원 북구123-45,010-2740-5526,요리
17577,오서연,61,전주 송파구123-45,010-6626-9691,자전거 타기
17578,강소율,59,용인 기흥구123-45,010-6249-3158,음악감상
17579,한예은,56,대구 유성구123-45,010-8229-4374,카페 투어
17580,장하윤,75,안산 장유동123-45,010-2822-7652,자전거 타기
17581,윤지원,28,인천 강남구123-45,010-8360-7724,뜨개질
17582,이예린,42,평택 중구123-45,010-1841-5792,등산
17583,임지원,39,인천 서북구123-45,010-6174-7661,독서
17584,윤지원,28,포항 장유동123-45,010-4047-3820,카페 투어
17585,임소율,66,인천 서북구123-45,010-4966-2770,영화감상
17586,강지원,54,대전 일산동구123-45,010-4020-8456,등산
17587,정유진,79,용인 일산동구123-45,010-6341-6396,웹서핑
17588,이도윤,74,청주 신제주123-45,010-2359-9767,일기 쓰기
17589,오예린,37,안양 덕양구123-45,010-1158-4349,수영
17590,윤하은,57,안양 서북구123-45,010-7459-6488,유튜브 보기
17591,윤서연,22,수원 분당구123-45,010-4088-5388,뜨개질
17592,서하윤,39,수원 팔달구123-45,010-8462-9428,웹서핑
17593,오지후,35,수원 장유동123-45,010-9247-3556,운동
17594,이서연,45,수원 성동구123-45,010-7964-7726,게임
17595,장태윤,57,청주 일산동구123-45,010-1681-4645,카페 투어
17596,임예린,29,천안 달서구123-45,010-3964-5013,일기 쓰기
17597,최지민,73,화성 달서구123-45,010-4841-7921,유튜브 보기
17598,강예은,43,창원 흥덕구123-45,010-6409-2979,독서
17599,이시우,64,포항 달서구123-45,010-1374-3751,드로잉
17600,최민수,73,성남 기흥구123-45,010-2537-5464,뜨개질
17601,신예은,54,포항 유성구123-45,010-9684-4706,웹서핑
17602,장지민,71,안양 남구123-45,010-8728-1326,독서
17603,장민수,46,포항 팔달구123-45,010-6561-3954,수영
17604,정서연,79,창원 분당구123-45,010-8149-5230,웹서핑
17605,한예린,24,김해 분당구123-45,010-3048-1984,음악감상
17606,최지후,57,천안 서구123-45,010-7227-3817,보드게임
17607,정하은,73,화성 신제주123-45,010-1232-3541,여행
17608,장태윤,70,대전 서구123-45,010-7904-8727,운동
17609,한서준,45,화성 북구123-45,010-7110-3723,요리
17610,윤태윤,60,대구 서북구123-45,010-5041-6002,여행
17611,조지원,23,안산 수성구123-45,010-4677-7538,웹서핑
17612,장지원,24,용인 성동구123-45,010-2970-5875,여행
17613,정은우,22,울산 해운대구123-45,010-4804-1235,사진촬영
17614,최민수,66,인천 흥덕구123-45,010-7138-1170,일기 쓰기
17615,신서준,73,제주 팔달구123-45,010-7783-3935,운동
17616,오지민,79,성남 수성구123-45,010-2116-8097,독서
17617,조예린,51,창원 일산동구123-45,010-3971-5495,영화감상
17618,최서연,45,고양 송파구123-45,010-5549-4113,영화감상
17619,한유진,59,부산 송파구123-45,010-5806-4765,유튜브 보기
17620,오지후,72,고양 송파구123-45,010-1172-9787,유튜브 보기
17621,이소율,68,청주 유성구123-45,010-2748-9753,일기 쓰기
17622,장지후,66,대구 기흥구123-45,010-5676-3591,등산
17623,강현우,76,고양 강서구123-45,010-5530-5724,자전거 타기
17624,오서준,47,서울 신제주123-45,010-3571-8839,뜨개질
17625,강은우,37,대구 팔달구123-45,010-1101-1759,게임
17626,한예린,37,부산 중구123-45,010-5750-3404,보드게임
17627,오예은,70,창원 진해구123-45,010-5875-2083,음악감상
17628,최지안,60,세종 팔달구123-45,010-5578-6654,웹서핑
17629,임지후,45,안산 일산동구123-45,010-9136-6234,자전거 타기
17630,한예린,41,안산 기흥구123-45,010-9067-5783,음악감상
17631,윤은우,47,안양 서북구123-45,010-1825-5547,웹서핑
17632,오지안,22,세종 덕진구123-45,010-2055-2368,자전거 타기
17633,박수빈,45,화성 달서구123-45,010-6715-6401,독서
17634,강건우,36,대구 기흥구123-45,010-8523-4233,수영
17635,신수빈,52,수원 중구123-45,010-8196-6861,여행
17636,임민수,31,전주 덕진구123-45,010-7700-5084,운동
17637,정은우,29,인천 덕양구123-45,010-4376-1222,게임
17638,김서준,32,남양주 강서구123-45,010-7847-4762,유튜브 보기
17639,최건우,65,고양 진해구123-45,010-2404-9967,독서
17640,신수빈,73,포항 수성구123-45,010-9504-6180,드로잉
17641,이시우,41,안산 일산동구123-45,010-3646-2159,영화감상
17642,조민수,62,광주 덕양구123-45,010-9365-5346,수영
17643,최태윤,50,김해 유성구123-45,010-2929-4313,등산
17644,임지원,61,세종 덕양구123-45,010-4595-3766,뜨개질
17645,서지민,77,청주 성북구123-45,010-9724-6182,카페 투어
17646,임건우,74,창원 분당구123-45,010-2470-4233,웹서핑
17647,임지원,35,포항 강서구123-45,010-5620-6621,자전거 타기
17648,서예은,74,수원 신제주123-45,010-4164-2691,영화감상
17649,이지원,76,김해 강서구123-45,010-3340-5457,영화감상
17650,오지원,20,수원 흥덕구123-45,010-7922-3870,요리
17651,윤현우,67,안산 덕양구123-45,010-2387-1809,자전거 타기
17652,정수빈,66,부산 송파구123-45,010-9005-2307,웹서핑
17653,박도윤,76,제주 기흥구123-45,010-5589-1424,웹서핑
17654,윤민수,43,천안 팔달구123-45,010-4010-6979,유튜브 보기
17655,조지민,35,화성 팔달구123-45,010-1743-5303,요리
17656,김지민,27,용인 수성구123-45,010-6973-6166,등산
17657,이예은,55,서울 흥덕구123-45,010-6631-2261,수영
17658,서소율,24,남양주 중구123-45,010-2924-5014,일기 쓰기
17659,조하은,27,포항 성북구123-45,010-2497-5797,유튜브 보기
17660,이예은,71,남양주 북구123-45,010-2524-2627,독서
17661,조도윤,30,용인 진해구123-45,010-9994-1646,보드게임
17662,강태윤,35,대구 일산동구123-45,010-1386-1935,사진촬영
17663,이예은,23,화성 일산동구123-45,010-1359-5187,웹서핑
17664,오서연,48,세종 덕진구123-45,010-7714-2252,웹서핑
17665,김하윤,20,김해 유성구123-45,010-3734-3229,뜨개질
17666,조지후,40,안양 흥덕구123-45,010-3018-2672,독서
17667,한태윤,39,광주 중구123-45,010-6571-5643,보드게임
17668,서지민,42,김해 유성구123-45,010-1127-1103,수영
17669,조태윤,67,창원 해운대구123-45,010-9811-5160,뜨개질
17670,최소율,31,고양 달서구123-45,010-2438-6656,운동
17671,정은우,26,수원 남구123-45,010-1204-1300,사진촬영
17672,박지안,75,안양 서북구123-45,010-1020-1981,뜨개질
17673,최민수,57,인천 성동구123-45,010-4481-9096,수영
17674,정유진,20,용인 진해구123-45,010-6933-7822,음악감상
17675,김민수,33,성남 분당구123-45,010-2233-4565,게임
17676,조태윤,66,세종 중구123-45,010-1175-5421,요리
17677,강수빈,71,제주 강남구123-45,010-1833-5428,여행
17678,최지후,22,부산 달서구123-45,010-5087-1075,등산
17679,최서준,60,용인 서구123-45,010-2164-5047,일기 쓰기
17680,서태윤,38,안산 장유동123-45,010-6209-3233,등산
17681,박현우,37,전주 서북구123-45,010-5553-6750,일기 쓰기
17682,장지원,30,청주 강남구123-45,010-2083-2823,자전거 타기
17683,오지안,67,고양 남구123-45,010-1100-7394,보드게임
17684,조하윤,64,전주 강남구123-45,010-7107-9423,여행
17685,오서준,59,제주 동구123-45,010-8930-7228,요리
17686,박서준,48,인천 흥덕구123-45,010-8171-5978,수영
17687,한시우,34,세종 유성구123-45,010-4209-8222,유튜브 보기
17688,서예린,72,대구 동구123-45,010-8915-2272,사진촬영
17689,최시우,45,대구 수성구123-45,010-1317-2695,요리
17690,최민수,32,화성 남구123-45,010-5198-4420,보드게임
17691,이도윤,72,성남 서구123-45,010-8795-1882,영화감상
17692,김하은,53,세종 해운대구123-45,010-6282-2796,영화감상
17693,한지민,26,창원 동구123-45,010-9896-9791,운동
17694,강하윤,26,대전 서북구123-45,010-3844-1300,유튜브 보기
17695,임지후,75,안양 동구123-45,010-2458-1000,요리
17696,신지원,37,인천 장유동123-45,010-4689-8515,자전거 타기
17697,정시우,55,창원 북구123-45,010-6453-1820,사진촬영
17698,윤하은,33,부산 해운대구123-45,010-1157-9739,자전거 타기
17699,박지안,29,청주 남구123-45,010-7398-7630,웹서핑
17700,조예은,62,창원 신제주123-45,010-5679-3149,독서
17701,한서연,32,대구 흥덕구123-45,010-9603-5662,유튜브 보기
17702,서수빈,70,고양 흥덕구123-45,010-5714-4593,유튜브 보기
17703,신지민,31,인천 북구123-45,010-2647-8637,여행
17704,박예린,69,화성 중구123-45,010-2931-3457,요리
17705,서지후,57,제주 성북구123-45,010-3793-1628,드로잉
17706,박예은,53,화성 팔달구123-45,010-9225-2758,사진촬영
17707,박소율,49,포항 분당구123-45,010-5070-4084,독서
17708,오지원,70,용인 강남구123-45,010-1655-5936,요리
17709,정현우,38,울산 달서구123-45,010-4841-9535,게임
17710,최민수,38,포항 서구123-45,010-2699-4794,일기 쓰기
17711,오도윤,46,성남 북구123-45,010-3129-3309,보드게임
17712,한수빈,37,고양 동구123-45,010-2426-2283,카페 투어
17713,정지안,70,제주 유성구123-45,010-7322-4471,여행
17714,정태윤,41,안양 북구123-45,010-8512-1836,웹서핑
17715,김민수,76,청주 신제주123-45,010-5121-4382,음악감상
17716,최태윤,30,세종 기흥구123-45,010-4420-8231,게임
17717,서도윤,43,대구 팔달구123-45,010-9484-7492,음악감상
17718,조서연,37,남양주 동구123-45,010-5873-4685,카페 투어
17719,최태윤,21,안산 동구123-45,010-6407-9577,게임
17720,이지후,60,화성 신제주123-45,010-9341-4487,뜨개질
17721,김수빈,75,창원 성북구123-45,010-3103-1390,일기 쓰기
17722,임태윤,76,용인 수성구123-45,010-9284-5717,여행
17723,한유진,34,부산 동구123-45,010-6713-9204,영화감상
17724,김예은,40,천안 서북구123-45,010-4565-5490,게임
17725,박시우,51,수원 강남구123-45,010-5555-5228,뜨개질
17726,김현우,44,천안 장유동123-45,010-4155-7972,여행
17727,조지후,31,화성 장유동123-45,010-1833-9312,보드게임
17728,박예은,74,안양 덕진구123-45,010-4460-7951,뜨개질
17729,조유진,54,용인 흥덕구123-45,010-2584-6271,게임
17730,강시우,38,용인 해운대구123-45,010-5420-5762,뜨개질
17731,임시우,23,서울 서북구123-45,010-4157-4684,사진촬영
17732,오도윤,62,용인 해운대구123-45,010-9066-6319,등산
17733,임건우,70,서울 신제주123-45,010-9462-4287,수영
17734,임하은,45,화성 서북구123-45,010-5385-2671,보드게임
17735,서지안,36,고양 동구123-45,010-4143-9074,등산
17736,최소율,28,용인 진해구123-45,010-6183-2474,유튜브 보기
17737,조현우,41,포항 신제주123-45,010-6597-5084,일기 쓰기
17738,임서연,75,청주 동구123-45,010-7185-6482,독서
17739,강유진,52,부산 달서구123-45,010-2382-6272,드로잉
17740,오건우,75,용인 동구123-45,010-8515-3640,여행
17741,정건우,44,수원 성동구123-45,010-6461-7134,사진촬영
17742,윤도윤,26,창원 강남구123-45,010-4252-1484,웹서핑
17743,조유진,68,화성 덕양구123-45,010-5226-2271,음악감상
17744,박예린,29,인천 덕진구123-45,010-1063-9704,웹서핑
17745,정서준,63,청주 진해구123-45,010-5359-2716,보드게임
17746,정태윤,75,포항 기흥구123-45,010-5921-2469,영화감상
17747,신지원,40,대구 일산동구123-45,010-2162-3335,드로잉
17748,서예은,32,광주 남구123-45,010-6657-2828,드로잉
17749,최예은,42,평택 덕양구123-45,010-3961-3080,뜨개질
17750,정지민,34,용인 덕양구123-45,010-2826-3965,게임
17751,한민수,71,안양 일산동구123-45,010-8280-1928,드로잉
17752,장시우,77,남양주 기흥구123-45,010-1731-2138,웹서핑
17753,최소율,49,평택 중구123-45,010-5469-2440,독서
17754,서지후,43,용인 성동구123-45,010-5430-1467,게임
17755,박하윤,47,남양주 일산동구123-45,010-1963-2321,사진촬영
17756,한도윤,39,울산 동구123-45,010-6315-5803,웹서핑
17757,서태윤,67,남양주 분당구123-45,010-8449-1053,게임
17758,김수빈,38,수원 진해구123-45,010-8029-2281,등산
17759,정시우,26,광주 일산동구123-45,010-5195-3988,카페 투어
17760,김서준,56,수원 서북구123-45,010-9507-7191,여행
17761,윤현우,25,평택 장유동123-45,010-6839-9143,여행
17762,박민수,70,김해 분당구123-45,010-9288-9605,사진촬영
17763,윤태윤,53,김해 유성구123-45,010-2560-7367,드로잉
17764,장현우,50,성남 강서구123-45,010-2233-3173,영화감상
17765,서지원,67,부산 분당구123-45,010-6101-1901,게임
17766,강현우,32,전주 흥덕구123-45,010-3933-4984,음악감상
17767,윤서연,56,안양 분당구123-45,010-1707-6707,여행
17768,박도윤,78,청주 덕양구123-45,010-1023-3127,유튜브 보기
17769,이은우,33,인천 진해구123-45,010-3837-5561,등산
17770,한하윤,32,세종 성북구123-45,010-3293-1858,요리
17771,임지후,51,화성 흥덕구123-45,010-8882-3688,자전거 타기
17772,한서연,36,포항 해운대구123-45,010-6236-8395,자전거 타기
17773,정예은,47,세종 송파구123-45,010-5942-5553,요리
17774,오지후,62,남양주 북구123-45,010-8992-4243,음악감상
17775,이태윤,74,전주 남구123-45,010-5166-3493,카페 투어
17776,임지안,28,대구 진해구123-45,010-2063-2594,영화감상
17777,임지후,48,천안 성북구123-45,010-2144-5582,자전거 타기
17778,신지안,74,제주 흥덕구123-45,010-5791-2354,영화감상
17779,오태윤,44,청주 장유동123-45,010-6240-8348,독서
17780,윤수빈,34,천안 유성구123-45,010-4066-9540,뜨개질
17781,김하윤,66,남양주 팔달구123-45,010-7075-1320,뜨개질
17782,신예린,40,천안 일산동구123-45,010-1512-5376,뜨개질
17783,윤소율,30,고양 강서구123-45,010-9078-6675,카페 투어
17784,윤태윤,77,부산 강남구123-45,010-6564-1856,요리
17785,신소율,43,창원 송파구123-45,010-5127-9942,게임
17786,서지민,27,서울 해운대구123-45,010-5812-7301,뜨개질
17787,임은우,68,안양 팔달구123-45,010-2793-5867,게임
17788,강서준,66,광주 성동구123-45,010-7549-7832,사진촬영
17789,한하윤,24,천안 동구123-45,010-3060-3898,음악감상
17790,한서준,24,제주 강서구123-45,010-3180-6321,등산
17791,장예은,78,천안 신제주123-45,010-2794-1356,수영
17792,장소율,49,부산 강서구123-45,010-7541-4562,운동
17793,윤건우,52,대전 유성구123-45,010-3698-2298,영화감상
17794,최예은,79,평택 서구123-45,010-9471-1596,자전거 타기
17795,장유진,60,천안 진해구123-45,010-5088-4309,영화감상
17796,이서준,34,대전 중구123-45,010-5660-9343,게임
17797,조현우,41,포항 장유동123-45,010-2001-2599,유튜브 보기
17798,윤지안,48,평택 장유동123-45,010-3836-4093,게임
17799,장은우,49,안산 북구123-45,010-4282-8864,독서
17800,최지민,57,성남 일산동구123-45,010-5395-3743,카페 투어
17801,박도윤,49,안산 덕양구123-45,010-1225-7153,일기 쓰기
17802,박지후,62,화성 북구123-45,010-3261-1982,웹서핑
17803,이은우,70,제주 흥덕구123-45,010-5818-9427,요리
17804,서도윤,37,제주 성동구123-45,010-9528-9530,등산
17805,윤예린,53,고양 흥덕구123-45,010-6458-3120,카페 투어
17806,윤민수,34,화성 신제주123-45,010-4633-8165,영화감상
17807,조소율,79,성남 송파구123-45,010-2199-4607,운동
17808,조서준,43,광주 성동구123-45,010-4676-6280,사진촬영
17809,윤건우,25,성남 동구123-45,010-9157-5627,일기 쓰기
17810,신하윤,61,안산 동구123-45,010-4832-3051,유튜브 보기
17811,장지후,36,인천 수성구123-45,010-2529-2284,독서
17812,서하은,43,평택 동구123-45,010-5592-2232,자전거 타기
17813,박은우,77,대전 팔달구123-45,010-3304-6307,자전거 타기
17814,김지안,25,인천 기흥구123-45,010-4409-6552,등산
17815,강예은,25,대구 북구123-45,010-8744-1610,등산
17816,정지원,69,창원 덕양구123-45,010-5786-5203,드로잉
17817,박서준,57,성남 분당구123-45,010-4556-9993,운동
17818,최유진,78,김해 장유동123-45,010-9678-3547,요리
17819,이지민,53,포항 흥덕구123-45,010-3380-3400,등산
17820,이도윤,69,울산 서북구123-45,010-2444-6673,웹서핑
17821,강은우,56,평택 달서구123-45,010-1562-9555,등산
17822,강예은,78,평택 분당구123-45,010-6854-6190,보드게임
17823,강지후,74,용인 진해구123-45,010-6805-2280,영화감상
17824,김현우,71,천안 수성구123-45,010-4276-4162,카페 투어
17825,서예린,75,청주 성동구123-45,010-4641-4601,여행
17826,오지안,71,서울 덕양구123-45,010-2682-9599,유튜브 보기
17827,장시우,66,대전 일산동구123-45,010-8451-2840,수영
17828,신은우,38,청주 장유동123-45,010-3828-5158,뜨개질
17829,최하은,58,창원 남구123-45,010-8640-4709,유튜브 보기
17830,박지원,39,성남 분당구123-45,010-8272-3399,드로잉
17831,조유진,22,울산 흥덕구123-45,010-5350-7409,등산
17832,서하윤,39,인천 달서구123-45,010-3778-2652,카페 투어
17833,이유진,45,포항 서구123-45,010-1241-1725,등산
17834,임건우,60,창원 장유동123-45,010-6337-5182,드로잉
17835,장지원,66,광주 신제주123-45,010-2134-9587,운동
17836,장태윤,34,인천 수성구123-45,010-6104-7909,운동
17837,오소율,28,서울 서구123-45,010-4027-6466,영화감상
17838,조건우,79,인천 팔달구123-45,010-5885-2579,웹서핑
17839,윤도윤,49,김해 달서구123-45,010-5267-7173,드로잉
17840,임은우,47,안산 남구123-45,010-8845-6857,웹서핑
17841,최지원,70,인천 흥덕구123-45,010-2573-6252,음악감상
17842,한하윤,43,성남 분당구123-45,010-5525-5424,게임
17843,강은우,33,남양주 중구123-45,010-2510-7241,보드게임
17844,서도윤,77,인천 남구123-45,010-7945-3000,운동
17845,신서준,25,서울 분당구123-45,010-4129-7371,일기 쓰기
17846,조서준,58,전주 중구123-45,010-2463-9051,운동
17847,최건우,72,세종 성동구123-45,010-6525-5597,뜨개질
17848,서민수,78,용인 해운대구123-45,010-7644-4042,등산
17849,오민수,63,서울 신제주123-45,010-9470-9919,영화감상
17850,윤지안,50,남양주 남구123-45,010-4740-3301,독서
17851,오태윤,79,세종 흥덕구123-45,010-8738-4786,뜨개질
17852,신서준,20,광주 북구123-45,010-8246-9654,카페 투어
17853,강태윤,69,평택 수성구123-45,010-8972-6655,요리
17854,김태윤,28,부산 강남구123-45,010-4229-5982,드로잉
17855,서은우,46,대전 해운대구123-45,010-7475-5088,수영
17856,최지안,76,천안 덕진구123-45,010-2191-4318,수영
17857,박현우,58,제주 유성구123-45,010-6379-8613,여행
17858,정은우,20,대구 진해구123-45,010-3633-4942,카페 투어
17859,조현우,28,고양 서구123-45,010-9362-1287,일기 쓰기
17860,박태윤,78,포항 해운대구123-45,010-2447-3712,유튜브 보기
17861,김하은,32,울산 수성구123-45,010-2196-9095,보드게임
17862,최태윤,22,화성 덕양구123-45,010-4255-7692,운동
17863,정지안,51,청주 흥덕구123-45,010-1622-6438,카페 투어
17864,정시우,41,김해 서구123-45,010-1886-6485,카페 투어
17865,임서연,37,포항 분당구123-45,010-6365-5606,영화감상
17866,임현우,41,세종 강서구123-45,010-6697-3322,요리
17867,강태윤,37,화성 진해구123-45,010-6078-8262,영화감상
17868,이도윤,27,인천 중구123-45,010-1676-5092,게임
17869,윤하은,38,성남 서북구123-45,010-1823-8153,유튜브 보기
17870,박예은,31,안양 서구123-45,010-9462-6350,보드게임
17871,오유진,51,남양주 해운대구123-45,010-2084-3055,요리
17872,오민수,30,남양주 장유동123-45,010-8050-5191,게임
17873,한하은,27,창원 일산동구123-45,010-5410-3250,영화감상
17874,김민수,46,화성 유성구123-45,010-7814-7801,웹서핑
17875,오지민,41,용인 중구123-45,010-8663-3545,수영
17876,오예은,23,창원 강서구123-45,010-1374-1172,뜨개질
17877,정건우,52,서울 덕양구123-45,010-6263-2143,요리
17878,한지원,35,광주 성동구123-45,010-3920-4739,여행
17879,정하윤,58,제주 수성구123-45,010-5599-4732,게임
17880,오현우,50,용인 서북구123-45,010-3082-5701,독서
17881,오지안,69,평택 성동구123-45,010-4348-4817,등산
17882,정도윤,70,울산 성북구123-45,010-2478-4891,드로잉
17883,강시우,40,대구 서구123-45,010-9812-8352,게임
17884,오도윤,39,화성 분당구123-45,010-3668-8640,게임
17885,신민수,61,세종 팔달구123-45,010-7235-5760,독서
17886,한지원,78,안양 강서구123-45,010-9319-6563,유튜브 보기
17887,박은우,53,용인 강서구123-45,010-1518-4876,뜨개질
17888,윤도윤,21,대구 일산동구123-45,010-1230-5893,요리
17889,한서연,77,전주 덕양구123-45,010-8858-6196,음악감상
17890,강소율,53,포항 남구123-45,010-2572-3953,사진촬영
17891,서소율,74,평택 달서구123-45,010-1301-6281,카페 투어
17892,신건우,34,화성 중구123-45,010-3998-3334,게임
17893,신소율,21,포항 신제주123-45,010-5683-5084,요리
17894,김시우,21,전주 덕진구123-45,010-9731-5606,등산
17895,이서연,39,세종 동구123-45,010-4577-4279,사진촬영
17896,조지민,20,성남 남구123-45,010-2198-4569,자전거 타기
17897,장소율,33,안산 송파구123-45,010-7541-8122,웹서핑
17898,강소율,75,평택 팔달구123-45,010-3589-6962,수영
17899,신하은,76,안산 성북구123-45,010-2826-6318,독서
17900,오도윤,40,세종 북구123-45,010-7725-7712,일기 쓰기
17901,신지원,49,김해 서구123-45,010-4863-3276,요리
17902,정민수,27,평택 분당구123-45,010-8842-3036,카페 투어
17903,이지원,41,남양주 신제주123-45,010-9897-8581,요리
17904,임유진,33,인천 기흥구123-45,010-4771-8609,독서
17905,장수빈,24,고양 기흥구123-45,010-8611-6483,여행
17906,임하은,25,전주 진해구123-45,010-5179-2046,게임
17907,오지민,33,대전 신제주123-45,010-8700-4294,영화감상
17908,김하은,33,고양 서구123-45,010-9591-6613,일기 쓰기
17909,조소율,40,인천 중구123-45,010-9648-1183,요리
17910,이서준,24,전주 팔달구123-45,010-2958-9942,카페 투어
17911,김소율,77,청주 성동구123-45,010-5213-3111,뜨개질
17912,김민수,62,전주 송파구123-45,010-6811-5275,요리
17913,정하윤,31,창원 분당구123-45,010-7134-4552,수영
17914,윤예린,33,안산 강서구123-45,010-2836-5949,드로잉
17915,강지안,65,고양 덕진구123-45,010-3314-9193,유튜브 보기
17916,서지민,30,청주 기흥구123-45,010-6654-7725,독서
17917,오예은,58,포항 분당구123-45,010-7829-4501,카페 투어
17918,강지안,56,청주 유성구123-45,010-7302-3723,자전거 타기
17919,김시우,53,청주 성동구123-45,010-3645-5740,운동
17920,이지후,43,평택 덕양구123-45,010-6408-3985,일기 쓰기
17921,윤예은,28,김해 서구123-45,010-2325-4679,음악감상
17922,장태윤,65,부산 분당구123-45,010-8443-4264,자전거 타기
17923,박건우,41,울산 강남구123-45,010-7980-1384,요리
17924,윤하은,57,고양 덕진구123-45,010-8426-4888,웹서핑
17925,정지민,43,천안 성북구123-45,010-1046-5774,사진촬영
17926,조지후,44,평택 덕진구123-45,010-3410-7699,영화감상
17927,임시우,48,전주 팔달구123-45,010-1929-5028,카페 투어
17928,정태윤,42,세종 흥덕구123-45,010-1426-1002,게임
17929,최은우,49,안산 흥덕구123-45,010-4017-1138,음악감상
17930,정은우,57,수원 남구123-45,010-2725-4734,카페 투어
17931,이현우,63,광주 달서구123-45,010-6395-5313,자전거 타기
17932,윤예린,37,제주 일산동구123-45,010-8729-5095,카페 투어
17933,조서연,67,인천 동구123-45,010-1556-1699,음악감상
17934,장도윤,23,용인 장유동123-45,010-9739-5039,웹서핑
17935,이수빈,26,고양 덕양구123-45,010-1649-6616,뜨개질
17936,장도윤,49,전주 성동구123-45,010-2183-3206,보드게임
17937,정시우,77,울산 서구123-45,010-5656-7816,여행
17938,조현우,39,부산 팔달구123-45,010-9100-4487,음악감상
17939,김지안,77,광주 서북구123-45,010-8333-4582,영화감상
17940,박건우,47,전주 흥덕구123-45,010-5541-2881,여행
17941,김서연,71,용인 수성구123-45,010-4534-5355,게임
17942,김은우,49,청주 수성구123-45,010-4592-7525,여행
17943,윤예린,68,천안 해운대구123-45,010-7846-8062,수영
17944,오유진,71,전주 송파구123-45,010-9081-3630,독서
17945,임하은,77,평택 남구123-45,010-8076-7450,운동
17946,이수빈,77,안산 강남구123-45,010-5062-2267,사진촬영
17947,이도윤,58,청주 덕진구123-45,010-9724-8175,사진촬영
17948,한태윤,61,울산 달서구123-45,010-4221-5238,유튜브 보기
17949,조건우,66,청주 일산동구123-45,010-7468-4438,보드게임
17950,서소율,39,포항 흥덕구123-45,010-6425-9863,요리
17951,정은우,69,성남 일산동구123-45,010-7335-2776,독서
17952,오시우,36,포항 일산동구123-45,010-2903-5921,유튜브 보기
17953,최지민,39,서울 흥덕구123-45,010-1492-4927,보드게임
17954,이서준,66,세종 진해구123-45,010-8958-7435,카페 투어
17955,최유진,63,울산 신제주123-45,010-4879-8690,드로잉
17956,강소율,37,창원 수성구123-45,010-9209-3470,요리
17957,조지민,60,전주 성동구123-45,010-2998-6260,여행
17958,장시우,39,용인 동구123-45,010-2542-5837,일기 쓰기
17959,한서준,49,김해 서북구123-45,010-2620-3781,독서
17960,윤서준,65,고양 장유동123-45,010-2050-3111,카페 투어
17961,윤하은,41,세종 덕양구123-45,010-7968-6751,드로잉
17962,윤도윤,78,안산 중구123-45,010-6585-3966,일기 쓰기
17963,신소율,31,성남 진해구123-45,010-1959-9345,영화감상
17964,윤은우,77,성남 분당구123-45,010-4633-4570,웹서핑
17965,임지후,50,평택 수성구123-45,010-2684-1750,게임
17966,정지후,35,창원 달서구123-45,010-5631-8149,보드게임
17967,서서연,40,김해 진해구123-45,010-3590-4486,영화감상
17968,정하은,48,청주 진해구123-45,010-5304-2080,사진촬영
17969,임건우,22,세종 유성구123-45,010-5489-8810,음악감상
17970,한현우,62,부산 해운대구123-45,010-7289-6988,요리
17971,이하은,62,전주 서구123-45,010-4274-8507,등산
17972,오시우,21,세종 남구123-45,010-6470-8841,유튜브 보기
17973,이은우,43,제주 서구123-45,010-5631-3987,자전거 타기
17974,윤민수,66,울산 신제주123-45,010-8765-4817,운동
17975,박서연,47,성남 덕진구123-45,010-4444-2449,웹서핑
17976,김수빈,23,김해 남구123-45,010-6603-8093,뜨개질
17977,오민수,51,창원 수성구123-45,010-7118-8608,수영
17978,장하윤,37,서울 동구123-45,010-3333-9477,여행
17979,최예린,28,청주 기흥구123-45,010-7754-3624,수영
17980,강지민,27,광주 일산동구123-45,010-8543-5275,수영
17981,신하윤,51,남양주 팔달구123-45,010-2862-6435,유튜브 보기
17982,강지민,49,울산 신제주123-45,010-6631-8544,웹서핑
17983,서시우,49,청주 장유동123-45,010-9302-3312,등산
17984,윤유진,69,포항 유성구123-45,010-2194-3564,수영
17985,최태윤,66,용인 서북구123-45,010-3071-5266,일기 쓰기
17986,임도윤,79,창원 수성구123-45,010-3365-5330,운동
17987,오예린,45,용인 중구123-45,010-9942-2065,뜨개질
17988,오예린,49,성남 서구123-45,010-8828-6409,카페 투어
17989,김유진,22,청주 북구123-45,010-1785-4870,여행
17990,신지민,38,포항 신제주123-45,010-1301-4114,영화감상
17991,이현우,50,서울 서구123-45,010-2668-4634,드로잉
17992,조하은,51,화성 수성구123-45,010-4013-2759,수영
17993,김지후,33,포항 송파구123-45,010-6412-5287,음악감상
17994,윤하윤,72,평택 남구123-45,010-6113-2985,수영
17995,서지민,38,용인 성북구123-45,010-6767-1277,드로잉
17996,장시우,66,대구 달서구123-45,010-3686-7001,사진촬영
17997,김소율,72,안양 덕진구123-45,010-5657-7525,요리
17998,한지안,71,김해 남구123-45,010-2232-4232,카페 투어
17999,서소율,22,안양 강서구123-45,010-9895-6288,보드게임
18000,박서준,32,세종 덕양구123-45,010-1845-3558,수영
18001,신건우,47,청주 일산동구123-45,010-7358-1327,음악감상
18002,한지민,32,대전 강남구123-45,010-5458-2109,영화감상
18003,오태윤,62,광주 성북구123-45,010-4772-5396,웹서핑
18004,장지민,39,안산 신제주123-45,010-3323-1589,웹서핑
18005,조하윤,30,울산 남구123-45,010-3884-6942,등산
18006,서예린,75,안양 서북구123-45,010-3191-5912,사진촬영
18007,오하은,37,성남 장유동123-45,010-9717-2600,웹서핑
18008,김예은,72,서울 북구123-45,010-8321-4759,자전거 타기
18009,강도윤,29,평택 유성구123-45,010-6740-3122,독서
18010,김하은,40,김해 동구123-45,010-2663-4675,카페 투어
18011,박하윤,49,제주 서북구123-45,010-8884-8638,독서
18012,강태윤,66,울산 동구123-45,010-4101-2932,일기 쓰기
18013,최소율,27,부산 중구123-45,010-5492-8819,독서
18014,서예은,35,김해 송파구123-45,010-7170-3860,보드게임
18015,김지후,68,평택 진해구123-45,010-6256-8212,사진촬영
18016,박소율,47,인천 북구123-45,010-6761-4244,요리
18017,서예린,73,대구 서북구123-45,010-3774-9793,음악감상
18018,한지민,51,화성 송파구123-45,010-9608-5277,여행
18019,정민수,47,안산 수성구123-45,010-4418-1067,카페 투어
18020,장도윤,49,김해 서구123-45,010-3995-5567,음악감상
18021,김예린,63,천안 수성구123-45,010-6353-8236,드로잉
18022,정지민,49,제주 신제주123-45,010-4705-6628,등산
18023,장지원,58,성남 서구123-45,010-5248-5915,여행
18024,김시우,69,서울 서북구123-45,010-6565-7276,보드게임
18025,최현우,33,안산 송파구123-45,010-2524-6611,독서
18026,서예린,62,안양 팔달구123-45,010-3789-8425,여행
18027,서예은,49,수원 성동구123-45,010-8531-3204,자전거 타기
18028,장시우,71,화성 덕진구123-45,010-5830-1716,여행
18029,서서준,23,용인 남구123-45,010-6489-5119,등산
18030,정건우,35,전주 분당구123-45,010-5252-6382,드로잉
18031,박지원,48,광주 진해구123-45,010-1811-3886,수영
18032,강태윤,31,대전 강서구123-45,010-9750-8503,등산
18033,조하윤,64,남양주 덕양구123-45,010-7975-1696,자전거 타기
18034,조서준,43,안양 동구123-45,010-6087-5482,유튜브 보기
18035,장태윤,42,포항 기흥구123-45,010-9769-1880,요리
18036,정지안,57,안양 강남구123-45,010-4348-3221,자전거 타기
18037,박시우,42,평택 신제주123-45,010-4310-3550,카페 투어
18038,오태윤,49,제주 강서구123-45,010-5116-2676,요리
18039,한수빈,48,제주 남구123-45,010-4915-9379,수영
18040,신지후,36,안양 덕양구123-45,010-4482-6726,음악감상
18041,오도윤,79,서울 강서구123-45,010-9422-7321,수영
18042,이서연,52,남양주 진해구123-45,010-2997-7421,영화감상
18043,박도윤,26,울산 수성구123-45,010-9827-3543,운동
18044,신수빈,73,광주 덕진구123-45,010-2375-2305,카페 투어
18045,최건우,56,평택 남구123-45,010-3071-3456,여행
18046,장서연,73,창원 중구123-45,010-7984-5677,요리
18047,김시우,76,광주 중구123-45,010-6447-3572,음악감상
18048,정하윤,36,광주 팔달구123-45,010-4315-6288,영화감상
18049,서서준,68,남양주 서북구123-45,010-2849-4605,보드게임
18050,김지원,60,서울 동구123-45,010-3167-2372,뜨개질
18051,신지민,42,세종 유성구123-45,010-6249-3330,영화감상
18052,서하은,45,안양 강서구123-45,010-3655-2505,드로잉
18053,최시우,21,인천 중구123-45,010-4412-8918,독서
18054,신서준,21,안산 진해구123-45,010-3696-2705,등산
18055,이시우,47,김해 분당구123-45,010-9607-5256,유튜브 보기
18056,조유진,76,남양주 강남구123-45,010-3881-2757,영화감상
18057,윤예은,49,인천 서북구123-45,010-1320-9051,영화감상
18058,한지원,71,용인 팔달구123-45,010-5325-3845,뜨개질
18059,신지후,20,고양 중구123-45,010-3963-4456,자전거 타기
18060,정예린,56,화성 진해구123-45,010-4546-7580,음악감상
18061,김현우,53,천안 덕진구123-45,010-5125-7630,유튜브 보기
18062,박은우,56,포항 송파구123-45,010-8173-3929,일기 쓰기
18063,김소율,21,수원 강서구123-45,010-3052-7840,수영
18064,김지안,46,창원 중구123-45,010-4498-3013,카페 투어
18065,김서준,65,성남 동구123-45,010-4052-1782,운동
18066,조유진,34,수원 흥덕구123-45,010-5888-9666,음악감상
18067,박예은,78,천안 진해구123-45,010-3746-2753,음악감상
18068,조태윤,74,부산 일산동구123-45,010-3722-8834,웹서핑
18069,조수빈,41,고양 유성구123-45,010-1083-6906,보드게임
18070,한유진,54,남양주 중구123-45,010-5486-5667,수영
18071,오시우,35,수원 남구123-45,010-4749-6346,웹서핑
18072,정지후,60,안산 송파구123-45,010-9800-3321,일기 쓰기
18073,신태윤,45,용인 남구123-45,010-6108-9835,요리
18074,최은우,27,울산 중구123-45,010-6815-6347,수영
18075,장수빈,20,대구 중구123-45,010-4061-3973,게임
18076,신태윤,64,울산 남구123-45,010-9078-1723,드로잉
18077,김하은,48,전주 성북구123-45,010-1309-6673,수영
18078,한건우,51,용인 유성구123-45,010-2555-3321,등산
18079,한지원,44,부산 수성구123-45,010-4050-5720,수영
18080,서태윤,54,창원 수성구123-45,010-9570-7327,웹서핑
18081,김하윤,59,광주 기흥구123-45,010-3472-2796,여행
18082,신시우,68,대전 성동구123-45,010-7754-6478,음악감상
18083,윤지원,20,포항 송파구123-45,010-8916-7181,일기 쓰기
18084,최서준,61,용인 성동구123-45,010-3822-3855,독서
18085,강예린,30,안양 흥덕구123-45,010-4211-7779,여행
18086,박지안,28,안산 분당구123-45,010-3988-2210,사진촬영
18087,정서준,68,청주 유성구123-45,010-3459-4217,여행
18088,한도윤,26,울산 분당구123-45,010-9977-8066,자전거 타기
18089,강도윤,45,세종 성동구123-45,010-5976-7704,요리
18090,임하윤,41,전주 진해구123-45,010-9969-2341,등산
18091,최도윤,20,세종 진해구123-45,010-7775-9127,독서
18092,윤예은,29,성남 덕진구123-45,010-5546-4919,독서
18093,한태윤,44,광주 분당구123-45,010-4046-1153,영화감상
18094,한민수,36,안양 덕양구123-45,010-7705-3503,카페 투어
18095,박서연,71,서울 성동구123-45,010-1329-1014,수영
18096,최지후,42,전주 성북구123-45,010-6571-3415,드로잉
18097,강시우,30,인천 유성구123-45,010-1301-5679,사진촬영
18098,임소율,28,수원 강남구123-45,010-1573-6527,독서
18099,조예은,51,세종 흥덕구123-45,010-1415-2413,수영
18100,장시우,56,대구 성북구123-45,010-6459-7754,웹서핑
18101,한서연,37,남양주 성동구123-45,010-2453-3106,요리
18102,조건우,47,세종 분당구123-45,010-1011-6751,보드게임
18103,정태윤,74,대전 서북구123-45,010-9162-9134,카페 투어
18104,최건우,33,제주 남구123-45,010-6218-4407,음악감상
18105,강도윤,47,고양 서북구123-45,010-5045-3225,영화감상
18106,김유진,35,용인 서구123-45,010-5061-3013,영화감상
18107,임지안,53,고양 서구123-45,010-9531-2487,등산
18108,이현우,55,광주 진해구123-45,010-8688-7816,등산
18109,박수빈,73,세종 강서구123-45,010-8456-1334,웹서핑
18110,정지안,53,인천 북구123-45,010-2361-9890,자전거 타기
18111,강태윤,32,안산 달서구123-45,010-7312-9752,수영
18112,박태윤,55,부산 서북구123-45,010-7005-5691,수영
18113,오도윤,78,세종 성동구123-45,010-1659-8463,자전거 타기
18114,임민수,77,세종 동구123-45,010-7849-6925,뜨개질
18115,김현우,22,청주 분당구123-45,010-5899-7715,뜨개질
18116,서예은,53,화성 강서구123-45,010-7673-7945,일기 쓰기
18117,신지후,48,평택 중구123-45,010-5695-3149,카페 투어
18118,조민수,35,제주 성북구123-45,010-8059-6704,일기 쓰기
18119,임현우,33,인천 중구123-45,010-1515-6895,독서
18120,조수빈,56,안양 진해구123-45,010-6796-6762,일기 쓰기
18121,윤유진,37,제주 서구123-45,010-9972-6664,일기 쓰기
18122,김유진,54,청주 수성구123-45,010-2897-4777,웹서핑
18123,정건우,63,서울 달서구123-45,010-4447-3315,카페 투어
18124,이예은,66,대구 강서구123-45,010-5543-6830,등산
18125,정예은,70,화성 수성구123-45,010-8962-2016,보드게임
18126,정서연,36,울산 유성구123-45,010-9562-9897,독서
18127,김소율,41,안양 북구123-45,010-8121-8736,운동
18128,최서연,33,창원 강남구123-45,010-6912-4805,일기 쓰기
18129,김지후,71,수원 진해구123-45,010-2202-5948,요리
18130,강수빈,35,용인 강서구123-45,010-4622-3392,등산
18131,장수빈,43,대전 수성구123-45,010-5256-5654,수영
18132,최소율,26,세종 서구123-45,010-3504-4078,일기 쓰기
18133,윤수빈,44,광주 달서구123-45,010-8362-8478,운동
18134,장하은,44,남양주 해운대구123-45,010-3173-4254,일기 쓰기
18135,이지안,61,전주 서북구123-45,010-8404-1301,독서
18136,박서연,29,울산 달서구123-45,010-1984-8314,여행
18137,임시우,57,인천 덕양구123-45,010-6179-9588,요리
18138,장현우,31,용인 강남구123-45,010-5983-7283,보드게임
18139,조은우,22,청주 일산동구123-45,010-1717-3180,자전거 타기
18140,박시우,62,남양주 장유동123-45,010-1150-4145,음악감상
18141,정도윤,25,인천 송파구123-45,010-6454-6999,드로잉
18142,강유진,35,울산 유성구123-45,010-7348-5710,요리
18143,이지원,63,부산 덕진구123-45,010-3947-1764,보드게임
18144,강은우,64,대전 팔달구123-45,010-2332-8707,유튜브 보기
18145,조서준,65,화성 유성구123-45,010-6353-1934,여행
18146,장시우,58,천안 장유동123-45,010-3396-7808,등산
18147,강지후,48,광주 덕진구123-45,010-6142-3262,뜨개질
18148,김서연,21,대전 신제주123-45,010-5456-4103,유튜브 보기
18149,박지원,21,인천 덕진구123-45,010-2342-4891,사진촬영
18150,한현우,50,수원 일산동구123-45,010-9391-4817,음악감상
18151,서지원,77,울산 성동구123-45,010-9486-5152,독서
18152,최하은,63,대전 유성구123-45,010-5820-5479,자전거 타기
18153,이태윤,33,용인 수성구123-45,010-6788-1028,드로잉
18154,박은우,68,세종 중구123-45,010-1357-3713,유튜브 보기
18155,장하윤,46,천안 일산동구123-45,010-5460-5882,카페 투어
18156,조예은,71,전주 달서구123-45,010-3783-5177,뜨개질
18157,장은우,37,천안 신제주123-45,010-7587-2083,독서
18158,박지민,28,인천 동구123-45,010-3990-2744,자전거 타기
18159,정서연,51,용인 덕진구123-45,010-2142-4870,웹서핑
18160,신현우,21,제주 일산동구123-45,010-4769-2278,웹서핑
18161,임지원,40,김해 중구123-45,010-9234-9222,운동
18162,장소율,70,용인 유성구123-45,010-2747-1125,음악감상
18163,김유진,71,서울 달서구123-45,010-6213-1106,요리
18164,윤하은,44,서울 일산동구123-45,010-9570-7670,자전거 타기
18165,장서연,20,창원 북구123-45,010-9059-2653,게임
18166,최예은,53,세종 중구123-45,010-5450-4810,웹서핑
18167,정서준,71,평택 유성구123-45,010-2418-7480,요리
18168,강하윤,73,김해 강남구123-45,010-2810-6905,음악감상
18169,윤예린,75,부산 해운대구123-45,010-2989-2786,보드게임
18170,신건우,30,창원 신제주123-45,010-6293-5253,웹서핑
18171,정수빈,63,인천 수성구123-45,010-1099-6918,수영
18172,박하윤,25,용인 동구123-45,010-6945-9574,일기 쓰기
18173,정지안,34,광주 성동구123-45,010-1016-6532,등산
18174,장지민,65,천안 진해구123-45,010-1994-6415,사진촬영
18175,최건우,35,인천 해운대구123-45,010-8666-3853,자전거 타기
18176,최예은,22,남양주 강남구123-45,010-1263-2471,여행
18177,이지안,44,고양 남구123-45,010-5268-2074,자전거 타기
18178,김민수,70,울산 남구123-45,010-2643-4223,자전거 타기
18179,신서연,55,수원 덕진구123-45,010-3125-3684,운동
18180,임민수,57,서울 중구123-45,010-2884-2194,요리
18181,최건우,35,김해 북구123-45,010-5634-5565,자전거 타기
18182,임지원,37,광주 분당구123-45,010-7926-3879,자전거 타기
18183,오지후,22,안양 강남구123-45,010-2854-6317,자전거 타기
18184,강지후,53,인천 진해구123-45,010-3760-5776,자전거 타기
18185,정지민,49,인천 기흥구123-45,010-2136-3893,일기 쓰기
18186,조도윤,30,울산 흥덕구123-45,010-2061-5781,운동
18187,서현우,45,세종 동구123-45,010-1756-3622,운동
18188,장예린,44,화성 남구123-45,010-3443-1520,게임
18189,조지민,71,수원 일산동구123-45,010-2399-8681,운동
18190,박현우,72,청주 북구123-45,010-3167-7370,카페 투어
18191,서수빈,64,세종 일산동구123-45,010-3871-2512,뜨개질
18192,최시우,44,김해 팔달구123-45,010-9085-5700,자전거 타기
18193,윤민수,65,울산 서북구123-45,010-4343-4827,드로잉
18194,신예린,36,전주 북구123-45,010-1660-7054,요리
18195,윤지안,31,화성 분당구123-45,010-3534-8331,웹서핑
18196,강도윤,66,남양주 북구123-45,010-5903-7858,유튜브 보기
18197,한시우,39,포항 유성구123-45,010-4489-5193,영화감상
18198,장하은,38,천안 성동구123-45,010-4556-4209,요리
18199,윤은우,54,용인 동구123-45,010-8451-2231,보드게임
18200,최하윤,46,부산 강서구123-45,010-2175-7507,수영
18201,한예린,65,용인 강서구123-45,010-1187-2380,독서
18202,임예린,50,고양 유성구123-45,010-2703-4251,요리
18203,강건우,57,포항 유성구123-45,010-7621-3027,웹서핑
18204,정지후,44,대전 분당구123-45,010-1551-4431,요리
18205,김수빈,62,서울 장유동123-45,010-9391-4028,게임
18206,김예은,40,서울 달서구123-45,010-6781-4563,음악감상
18207,오도윤,67,부산 중구123-45,010-5948-2113,뜨개질
18208,이수빈,71,대구 강남구123-45,010-6277-2614,운동
18209,정건우,31,서울 강남구123-45,010-4115-3977,일기 쓰기
18210,오지후,79,광주 덕진구123-45,010-2302-9266,드로잉
18211,이수빈,57,부산 성동구123-45,010-8328-4079,뜨개질
18212,강민수,48,포항 흥덕구123-45,010-8899-6312,일기 쓰기
18213,윤서연,36,안산 분당구123-45,010-6513-2803,일기 쓰기
18214,강건우,56,청주 서구123-45,010-6146-2216,유튜브 보기
18215,한예은,79,제주 일산동구123-45,010-2098-5486,등산
18216,조수빈,44,안양 분당구123-45,010-6328-8516,운동
18217,이예린,49,세종 일산동구123-45,010-7496-4585,드로잉
18218,이지민,75,창원 강남구123-45,010-1721-9309,뜨개질
18219,신수빈,25,광주 강서구123-45,010-1584-8934,음악감상
18220,박은우,68,대구 중구123-45,010-9539-5724,카페 투어
18221,윤하윤,70,화성 달서구123-45,010-4879-7908,자전거 타기
18222,장건우,72,고양 북구123-45,010-6339-6641,독서
18223,장지원,38,세종 남구123-45,010-1019-8990,웹서핑
18224,오건우,35,창원 수성구123-45,010-1110-7630,요리
18225,윤서준,42,세종 서구123-45,010-8008-9092,운동
18226,임시우,63,화성 동구123-45,010-9609-7275,게임
18227,조현우,60,창원 유성구123-45,010-2932-6960,드로잉
18228,최수빈,56,울산 중구123-45,010-4680-2970,보드게임
18229,오현우,59,용인 남구123-45,010-9362-2193,요리
18230,조서준,75,수원 강서구123-45,010-6201-9084,뜨개질
18231,정하은,33,창원 수성구123-45,010-8449-7650,웹서핑
18232,강현우,38,안양 성동구123-45,010-3257-5218,수영
18233,임은우,43,고양 서구123-45,010-6485-6003,자전거 타기
18234,정예린,38,대전 일산동구123-45,010-9925-5141,등산
18235,장시우,42,화성 기흥구123-45,010-2531-1373,여행
18236,정하윤,50,용인 서구123-45,010-8681-1813,드로잉
18237,박지후,67,부산 흥덕구123-45,010-4521-3585,음악감상
18238,김태윤,34,제주 기흥구123-45,010-3651-4251,유튜브 보기
18239,임지원,71,대구 남구123-45,010-4739-9641,뜨개질
18240,신현우,40,평택 기흥구123-45,010-5088-4930,카페 투어
18241,한은우,34,안산 남구123-45,010-2142-5972,영화감상
18242,임현우,32,천안 신제주123-45,010-8085-3265,음악감상
18243,정시우,79,천안 남구123-45,010-9464-2773,자전거 타기
18244,오소율,72,대구 서북구123-45,010-4750-5786,음악감상
18245,강지안,42,창원 남구123-45,010-7460-7164,유튜브 보기
18246,조서연,71,수원 덕진구123-45,010-9761-6462,운동
18247,윤서준,68,전주 성북구123-45,010-7161-6755,수영
18248,서태윤,58,평택 팔달구123-45,010-7003-3029,드로잉
18249,최하은,41,제주 해운대구123-45,010-4812-3969,카페 투어
18250,서지후,49,제주 유성구123-45,010-2817-9393,여행
18251,임예은,44,대전 분당구123-45,010-4888-5377,운동
18252,정지민,41,대구 장유동123-45,010-4016-7115,등산
18253,오태윤,48,고양 진해구123-45,010-5972-3859,자전거 타기
18254,한수빈,44,성남 수성구123-45,010-1220-2115,자전거 타기
18255,박유진,40,인천 성동구123-45,010-2532-1400,드로잉
18256,장소율,79,평택 흥덕구123-45,010-2019-8931,게임
18257,김지후,47,청주 일산동구123-45,010-4709-4882,사진촬영
18258,정시우,37,평택 동구123-45,010-2770-5884,유튜브 보기
18259,김하은,44,세종 신제주123-45,010-4349-7552,사진촬영
18260,임하윤,30,안산 신제주123-45,010-5149-8639,음악감상
18261,장예은,26,대구 성북구123-45,010-4928-3517,사진촬영
18262,김도윤,44,울산 흥덕구123-45,010-3867-8764,게임
18263,이수빈,76,고양 성북구123-45,010-4891-6601,음악감상
18264,오소율,51,청주 성북구123-45,010-2071-4133,영화감상
18265,이지후,25,용인 팔달구123-45,010-9131-2981,뜨개질
18266,오소율,25,화성 강서구123-45,010-3439-6250,사진촬영
18267,신지안,71,김해 덕진구123-45,010-9542-3514,수영
18268,이지후,77,천안 성동구123-45,010-7047-5814,드로잉
18269,이지안,55,남양주 북구123-45,010-1119-3530,드로잉
18270,조도윤,72,평택 동구123-45,010-9854-6344,독서
18271,이건우,54,수원 팔달구123-45,010-1054-3533,독서
18272,이하은,74,제주 덕양구123-45,010-9175-7050,보드게임
18273,한지안,69,평택 달서구123-45,010-5061-6388,영화감상
18274,신예은,72,인천 성북구123-45,010-7704-5084,웹서핑
18275,조하은,61,남양주 유성구123-45,010-3243-3864,음악감상
18276,조예린,24,고양 신제주123-45,010-5150-4712,운동
18277,최현우,67,성남 기흥구123-45,010-5188-1514,웹서핑
18278,정은우,39,서울 성북구123-45,010-3253-9175,드로잉
18279,강지안,20,김해 강서구123-45,010-2525-5220,운동
18280,오수빈,44,용인 팔달구123-45,010-2499-8178,독서
18281,김지후,33,안산 강남구123-45,010-2331-9374,자전거 타기
18282,한태윤,79,대구 강남구123-45,010-2061-4361,보드게임
18283,정시우,59,평택 성동구123-45,010-5148-2817,뜨개질
18284,정지민,30,전주 해운대구123-45,010-1584-6558,요리
18285,윤태윤,23,제주 분당구123-45,010-2388-6398,드로잉
18286,강민수,56,세종 흥덕구123-45,010-8288-3658,일기 쓰기
18287,김서연,42,평택 덕진구123-45,010-4424-1838,음악감상
18288,한지후,78,서울 기흥구123-45,010-7828-4701,여행
18289,한은우,28,천안 일산동구123-45,010-3390-5291,사진촬영
18290,서시우,52,김해 서구123-45,010-4159-3745,카페 투어
18291,장서연,60,김해 신제주123-45,010-7034-1973,일기 쓰기
18292,장지원,56,청주 기흥구123-45,010-9791-8423,드로잉
18293,신지안,26,울산 달서구123-45,010-5897-1725,음악감상
18294,오수빈,38,수원 덕양구123-45,010-6496-7343,영화감상
18295,오지후,78,울산 성북구123-45,010-3488-6412,웹서핑
18296,정유진,39,포항 북구123-45,010-7561-8348,보드게임
18297,정유진,71,김해 기흥구123-45,010-9069-6411,등산
18298,이현우,73,안산 서북구123-45,010-3725-2676,드로잉
18299,신건우,56,고양 서북구123-45,010-1596-1316,사진촬영
18300,신현우,64,인천 달서구123-45,010-8130-2531,보드게임
18301,임유진,44,울산 덕진구123-45,010-7434-4727,드로잉
18302,신하윤,34,대구 신제주123-45,010-7332-5936,게임
18303,조건우,34,대구 동구123-45,010-7068-3349,운동
18304,조건우,67,포항 기흥구123-45,010-6250-1533,등산
18305,최건우,32,남양주 덕양구123-45,010-9584-2855,자전거 타기
18306,장유진,29,대전 서북구123-45,010-3639-4051,유튜브 보기
18307,이수빈,28,부산 덕양구123-45,010-4378-2446,일기 쓰기
18308,한건우,40,안양 성동구123-45,010-3577-3954,사진촬영
18309,박민수,77,제주 동구123-45,010-2175-7948,음악감상
18310,이시우,34,청주 덕양구123-45,010-7100-5453,카페 투어
18311,서건우,57,제주 해운대구123-45,010-2901-8209,유튜브 보기
18312,신하윤,79,수원 진해구123-45,010-4295-4290,운동
18313,오하은,57,용인 서북구123-45,010-8999-6894,사진촬영
18314,조하은,52,서울 달서구123-45,010-1933-4077,여행
18315,박태윤,34,안양 분당구123-45,010-2308-2812,수영
18316,윤수빈,59,남양주 송파구123-45,010-4724-2381,여행
18317,윤예은,61,성남 기흥구123-45,010-8145-8085,사진촬영
18318,장도윤,65,부산 남구123-45,010-9489-9596,드로잉
18319,서소율,35,전주 남구123-45,010-9873-5400,게임
18320,박태윤,33,용인 서북구123-45,010-9481-2267,독서
18321,강서연,69,평택 신제주123-45,010-6531-8648,웹서핑
18322,윤예은,47,남양주 덕진구123-45,010-7952-2418,일기 쓰기
18323,이건우,72,제주 달서구123-45,010-7699-6549,영화감상
18324,조지후,29,김해 강서구123-45,010-3780-3187,뜨개질
18325,박도윤,73,대전 기흥구123-45,010-3214-3449,수영
18326,장지후,63,울산 달서구123-45,010-4338-8919,일기 쓰기
18327,김도윤,57,전주 장유동123-45,010-9954-2179,유튜브 보기
18328,박시우,27,세종 유성구123-45,010-4206-3958,카페 투어
18329,임유진,33,용인 송파구123-45,010-8779-5622,수영
18330,한건우,76,안산 덕진구123-45,010-1727-7514,영화감상
18331,정지민,58,안양 해운대구123-45,010-4942-7874,보드게임
18332,최예린,43,천안 장유동123-45,010-2872-5060,영화감상
18333,임은우,56,평택 서구123-45,010-5408-5504,보드게임
18334,이수빈,72,대전 팔달구123-45,010-7567-4589,독서
18335,조도윤,26,서울 진해구123-45,010-7263-3489,드로잉
18336,장지원,21,안양 팔달구123-45,010-2024-4013,여행
18337,조예은,59,청주 장유동123-45,010-3423-2702,일기 쓰기
18338,박서연,38,대구 유성구123-45,010-7370-4262,음악감상
18339,정건우,54,대구 남구123-45,010-3117-2617,독서
18340,윤지안,68,평택 덕진구123-45,010-3208-5073,일기 쓰기
18341,임하윤,70,김해 유성구123-45,010-4134-6794,카페 투어
18342,오지후,65,대전 동구123-45,010-3248-5158,수영
18343,윤예은,74,대구 수성구123-45,010-7536-7586,카페 투어
18344,김시우,57,평택 기흥구123-45,010-3335-1231,사진촬영
18345,조예은,53,세종 북구123-45,010-9295-6394,영화감상
18346,오유진,62,용인 서구123-45,010-2377-3637,자전거 타기
18347,박건우,46,김해 신제주123-45,010-1384-2996,드로잉
18348,조유진,76,부산 성북구123-45,010-1148-4448,일기 쓰기
18349,이수빈,68,수원 덕진구123-45,010-8417-9783,요리
18350,정소율,33,화성 북구123-45,010-4070-2794,여행
18351,임지원,53,전주 덕양구123-45,010-9126-1414,카페 투어
18352,박서준,21,고양 강남구123-45,010-3689-5724,보드게임
18353,이현우,58,용인 서북구123-45,010-7612-1050,드로잉
18354,최예은,45,대전 강남구123-45,010-4397-5999,유튜브 보기
18355,박은우,21,부산 기흥구123-45,010-3056-4146,여행
18356,한서준,27,고양 달서구123-45,010-1133-6027,영화감상
18357,윤유진,57,부산 서구123-45,010-5128-7016,유튜브 보기
18358,김지안,76,창원 덕진구123-45,010-6335-8586,사진촬영
18359,임하윤,28,인천 달서구123-45,010-5536-6998,보드게임
18360,이시우,32,성남 덕양구123-45,010-6720-7293,일기 쓰기
18361,이수빈,47,고양 수성구123-45,010-4973-1476,운동
18362,정예린,60,창원 흥덕구123-45,010-8925-6860,음악감상
18363,강현우,39,용인 흥덕구123-45,010-7292-3515,게임
18364,장현우,74,용인 수성구123-45,010-5290-2729,등산
18365,신도윤,33,인천 덕진구123-45,010-3291-9956,보드게임
18366,이소율,58,광주 유성구123-45,010-7269-3165,음악감상
18367,조태윤,38,김해 기흥구123-45,010-4118-8745,여행
18368,김지후,26,광주 덕양구123-45,010-7979-3817,사진촬영
18369,윤유진,46,포항 일산동구123-45,010-1290-4258,드로잉
18370,최지민,54,광주 일산동구123-45,010-9841-9813,등산
18371,정민수,28,울산 달서구123-45,010-8404-2704,뜨개질
18372,윤유진,72,천안 일산동구123-45,010-9059-5699,독서
18373,강소율,72,전주 남구123-45,010-4546-7916,웹서핑
18374,김지민,28,부산 진해구123-45,010-6408-6619,여행
18375,정지민,35,김해 북구123-45,010-1608-7447,드로잉
18376,조수빈,55,세종 팔달구123-45,010-7867-9560,뜨개질
18377,김도윤,45,포항 장유동123-45,010-8931-9435,드로잉
18378,김시우,55,평택 북구123-45,010-2641-1369,자전거 타기
18379,신하윤,41,대구 강남구123-45,010-5553-1695,요리
18380,윤서준,37,부산 덕양구123-45,010-5569-2088,게임
18381,김지민,58,인천 동구123-45,010-5685-6590,영화감상
18382,장지안,29,세종 흥덕구123-45,010-4206-5349,보드게임
18383,윤유진,35,대구 송파구123-45,010-2126-5512,카페 투어
18384,김예린,72,안양 일산동구123-45,010-1934-6938,웹서핑
18385,조소율,79,수원 장유동123-45,010-3345-1359,웹서핑
18386,장예린,56,서울 동구123-45,010-8206-3120,게임
18387,박시우,57,창원 흥덕구123-45,010-7817-2090,등산
18388,강지안,65,전주 신제주123-45,010-1794-9503,보드게임
18389,최지원,52,부산 동구123-45,010-2581-7524,보드게임
18390,이은우,33,전주 신제주123-45,010-2737-4674,독서
18391,장서준,75,청주 성동구123-45,010-8177-6965,뜨개질
18392,김은우,60,고양 강서구123-45,010-2814-4448,보드게임
18393,장서준,53,안산 해운대구123-45,010-3363-1302,보드게임
18394,신수빈,32,창원 유성구123-45,010-4031-4810,게임
18395,윤예은,76,화성 북구123-45,010-5358-7105,요리
18396,장예은,61,대전 기흥구123-45,010-3792-2171,독서
18397,최수빈,57,서울 유성구123-45,010-4257-4181,운동
18398,최예린,32,포항 중구123-45,010-8920-5762,카페 투어
18399,임건우,33,포항 성동구123-45,010-3344-1981,카페 투어
18400,강소율,23,서울 성동구123-45,010-2826-8272,영화감상
18401,김도윤,69,화성 강서구123-45,010-2433-5153,드로잉
18402,조서연,35,평택 신제주123-45,010-4532-3568,게임
18403,신지후,34,전주 일산동구123-45,010-7951-9338,웹서핑
18404,박예린,52,광주 서북구123-45,010-3075-7393,운동
18405,정서준,29,서울 서북구123-45,010-9121-9642,독서
18406,윤수빈,67,부산 장유동123-45,010-6827-4933,독서
18407,조지안,67,청주 진해구123-45,010-2364-6120,영화감상
18408,서지원,30,고양 덕진구123-45,010-5602-3140,운동
18409,이소율,41,안산 북구123-45,010-1387-7879,여행
18410,장서연,41,청주 장유동123-45,010-2669-1369,수영
18411,신하윤,28,창원 남구123-45,010-5061-3007,보드게임
18412,정유진,78,천안 신제주123-45,010-8233-8395,드로잉
18413,한지안,33,김해 신제주123-45,010-5662-5833,음악감상
18414,박도윤,61,광주 덕진구123-45,010-5915-6587,유튜브 보기
18415,조도윤,73,대구 진해구123-45,010-6123-4487,수영
18416,임현우,60,대구 해운대구123-45,010-9927-4236,게임
18417,임서준,72,평택 서북구123-45,010-8442-7904,등산
18418,한도윤,43,수원 일산동구123-45,010-1323-7573,드로잉
18419,신서준,69,평택 동구123-45,010-6462-4479,유튜브 보기
18420,윤지원,31,포항 성북구123-45,010-2476-2248,독서
18421,정예린,76,안양 흥덕구123-45,010-7054-3300,보드게임
18422,김서연,62,서울 신제주123-45,010-2486-7045,운동
18423,윤예린,69,고양 진해구123-45,010-5591-6176,여행
18424,임태윤,69,천안 중구123-45,010-9736-5286,영화감상
18425,최하윤,75,부산 진해구123-45,010-6428-5965,사진촬영
18426,윤서준,67,천안 동구123-45,010-4293-8692,자전거 타기
18427,윤지민,65,화성 강서구123-45,010-4852-7970,보드게임
18428,서도윤,72,인천 기흥구123-45,010-3395-8176,자전거 타기
18429,조예린,26,창원 달서구123-45,010-7555-1274,등산
18430,오지원,54,울산 수성구123-45,010-9230-7474,유튜브 보기
18431,임지원,29,부산 분당구123-45,010-1655-2061,보드게임
18432,한지민,45,부산 일산동구123-45,010-1277-3476,유튜브 보기
18433,박지후,76,평택 장유동123-45,010-6796-1180,유튜브 보기
18434,박지민,55,인천 분당구123-45,010-6155-5087,사진촬영
18435,김지원,21,안산 성북구123-45,010-1006-6081,일기 쓰기
18436,임서연,40,세종 중구123-45,010-5734-2019,수영
18437,임유진,35,대전 해운대구123-45,010-5573-7067,보드게임
18438,김지민,70,대전 중구123-45,010-1219-4194,뜨개질
18439,한도윤,68,인천 중구123-45,010-6515-1933,등산
18440,조유진,48,울산 북구123-45,010-5486-4069,요리
18441,신건우,65,인천 흥덕구123-45,010-1375-5823,웹서핑
18442,최서준,35,용인 장유동123-45,010-4941-7733,뜨개질
18443,강서준,39,부산 송파구123-45,010-5621-2026,드로잉
18444,장서준,35,대전 해운대구123-45,010-9085-3698,요리
18445,서지원,23,안양 일산동구123-45,010-7594-2608,사진촬영
18446,서서준,41,대전 달서구123-45,010-9139-1606,여행
18447,신서준,54,천안 덕진구123-45,010-3060-1737,웹서핑
18448,오수빈,75,광주 일산동구123-45,010-3148-4945,드로잉
18449,정예린,69,세종 성북구123-45,010-7382-6781,사진촬영
18450,이지원,73,안양 해운대구123-45,010-6764-7990,자전거 타기
18451,오수빈,65,서울 기흥구123-45,010-1472-3176,등산
18452,장예린,69,청주 일산동구123-45,010-5657-9588,수영
18453,윤하은,75,광주 해운대구123-45,010-3028-4208,뜨개질
18454,임유진,67,세종 분당구123-45,010-8064-5029,웹서핑
18455,정건우,52,김해 성북구123-45,010-6024-2959,뜨개질
18456,윤태윤,73,광주 성동구123-45,010-3661-4905,독서
18457,오하윤,69,용인 동구123-45,010-1882-4791,영화감상
18458,한지안,55,화성 덕양구123-45,010-3887-1370,일기 쓰기
18459,임도윤,75,김해 성북구123-45,010-8254-6976,요리
18460,임유진,71,천안 수성구123-45,010-9809-9377,자전거 타기
18461,박태윤,74,대전 중구123-45,010-6666-5331,여행
18462,최도윤,21,부산 해운대구123-45,010-4913-3399,일기 쓰기
18463,윤건우,25,포항 서북구123-45,010-4762-1545,영화감상
18464,한지안,30,남양주 덕양구123-45,010-5812-5060,카페 투어
18465,정서준,31,김해 동구123-45,010-7858-7972,요리
18466,박건우,72,부산 송파구123-45,010-8190-6234,여행
18467,한소율,63,인천 덕진구123-45,010-5514-2795,보드게임
18468,서현우,51,울산 강남구123-45,010-4749-5905,카페 투어
18469,한소율,20,포항 팔달구123-45,010-8612-4289,수영
18470,조하은,53,대전 북구123-45,010-4294-8500,드로잉
18471,이예은,61,천안 장유동123-45,010-1775-1518,드로잉
18472,이민수,67,제주 송파구123-45,010-6766-7442,드로잉
18473,정수빈,65,포항 달서구123-45,010-2375-7364,카페 투어
18474,한시우,60,전주 덕양구123-45,010-6169-6557,독서
18475,정유진,23,화성 서구123-45,010-7177-2850,운동
18476,한지민,44,김해 수성구123-45,010-1606-3629,영화감상
18477,강시우,38,평택 서구123-45,010-5659-1011,웹서핑
18478,김하은,29,대구 강서구123-45,010-1592-3500,보드게임
18479,최태윤,48,남양주 동구123-45,010-4416-2055,독서
18480,최은우,66,용인 덕진구123-45,010-5308-6699,수영
18481,김지원,78,서울 남구123-45,010-5879-5319,사진촬영
18482,조서연,44,안산 해운대구123-45,010-9705-2699,음악감상
18483,장하은,70,용인 장유동123-45,010-1789-8740,수영
18484,김수빈,75,남양주 성동구123-45,010-4818-8620,영화감상
18485,장예은,23,포항 장유동123-45,010-5213-5344,유튜브 보기
18486,정태윤,64,고양 중구123-45,010-7181-8488,보드게임
18487,오민수,23,전주 강남구123-45,010-9422-7178,요리
18488,한민수,21,수원 해운대구123-45,010-1839-4864,사진촬영
18489,김하은,43,고양 해운대구123-45,010-1204-5109,운동
18490,박태윤,27,성남 성동구123-45,010-2061-4940,여행
18491,박은우,60,창원 진해구123-45,010-3277-5681,웹서핑
18492,윤태윤,65,평택 팔달구123-45,010-4979-4102,카페 투어
18493,강수빈,31,천안 달서구123-45,010-4764-2448,게임
18494,임민수,67,수원 기흥구123-45,010-4215-9863,게임
18495,임서연,53,부산 해운대구123-45,010-2912-1297,영화감상
18496,최현우,55,전주 남구123-45,010-9910-8815,드로잉
18497,최하은,70,청주 수성구123-45,010-2333-2623,웹서핑
18498,오은우,33,용인 분당구123-45,010-7349-5337,일기 쓰기
18499,이은우,57,세종 송파구123-45,010-5953-1042,보드게임
18500,장유진,27,김해 성북구123-45,010-2600-1916,드로잉
18501,조은우,78,청주 팔달구123-45,010-2719-5403,운동
18502,강현우,32,김해 신제주123-45,010-3766-7177,웹서핑
18503,정소율,46,청주 팔달구123-45,010-8622-3203,카페 투어
18504,서예은,49,천안 서북구123-45,010-6154-2587,뜨개질
18505,신지후,57,세종 서구123-45,010-4331-1828,유튜브 보기
18506,강서연,66,안양 동구123-45,010-8833-1937,요리
18507,임시우,54,포항 덕진구123-45,010-8977-3806,여행
18508,서수빈,52,고양 달서구123-45,010-3738-9748,음악감상
18509,장지후,32,대전 중구123-45,010-4871-1906,자전거 타기
18510,서도윤,49,안양 송파구123-45,010-9520-4135,유튜브 보기
18511,오수빈,78,부산 팔달구123-45,010-6905-3073,유튜브 보기
18512,오지안,50,대전 달서구123-45,010-4121-2057,유튜브 보기
18513,박현우,47,남양주 기흥구123-45,010-9644-1148,드로잉
18514,신도윤,30,제주 성동구123-45,010-3626-1564,독서
18515,강하은,30,고양 중구123-45,010-6662-4037,게임
18516,임지안,57,대구 서북구123-45,010-8904-3440,사진촬영
18517,신하은,38,포항 동구123-45,010-1323-5035,음악감상
18518,오하은,53,세종 장유동123-45,010-5551-6751,여행
18519,정지민,58,제주 신제주123-45,010-9264-8161,보드게임
18520,이현우,66,세종 수성구123-45,010-9981-6026,드로잉
18521,최하은,21,용인 성북구123-45,010-1106-4552,여행
18522,오예린,42,안산 서북구123-45,010-7759-2962,독서
18523,장민수,45,안양 서구123-45,010-1399-1719,일기 쓰기
18524,임지민,72,안양 성동구123-45,010-6153-2215,유튜브 보기
18525,김예은,39,성남 흥덕구123-45,010-1099-8952,자전거 타기
18526,윤하윤,29,청주 강서구123-45,010-1314-3963,뜨개질
18527,조태윤,60,화성 해운대구123-45,010-5051-5413,등산
18528,윤태윤,33,대구 일산동구123-45,010-4517-3375,수영
18529,임건우,73,안산 신제주123-45,010-1700-4694,사진촬영
18530,조지안,73,서울 장유동123-45,010-9344-3260,드로잉
18531,임민수,27,제주 흥덕구123-45,010-8036-4220,보드게임
18532,최서준,51,창원 중구123-45,010-8232-6378,드로잉
18533,강예은,27,울산 서북구123-45,010-8375-5505,보드게임
18534,신민수,76,대구 유성구123-45,010-5345-1091,자전거 타기
18535,이지안,46,포항 장유동123-45,010-5770-2084,드로잉
18536,윤서준,63,울산 수성구123-45,010-9361-2599,등산
18537,조하은,57,청주 장유동123-45,010-9723-8080,수영
18538,임민수,68,세종 남구123-45,010-9645-1200,뜨개질
18539,이예은,21,대전 강남구123-45,010-7733-8989,유튜브 보기
18540,신서준,25,천안 흥덕구123-45,010-2498-4919,유튜브 보기
18541,한지민,23,인천 흥덕구123-45,010-8407-3620,자전거 타기
18542,정서준,57,김해 성동구123-45,010-5869-5069,게임
18543,임도윤,40,고양 장유동123-45,010-4006-3119,운동
18544,오서준,41,안양 서구123-45,010-2066-6651,영화감상
18545,이민수,68,화성 강남구123-45,010-3157-4829,독서
18546,박서연,41,포항 해운대구123-45,010-5775-6145,카페 투어
18547,신도윤,30,인천 성북구123-45,010-1267-5393,자전거 타기
18548,정예은,39,용인 성동구123-45,010-2393-7144,사진촬영
18549,한도윤,26,성남 강서구123-45,010-6068-1611,음악감상
18550,강예은,67,고양 동구123-45,010-2420-3915,보드게임
18551,이은우,60,안양 서북구123-45,010-2261-6772,독서
18552,김하은,26,대구 강남구123-45,010-3567-3489,요리
18553,조하윤,79,김해 신제주123-45,010-4068-1446,웹서핑
18554,최소율,66,수원 신제주123-45,010-2229-2068,요리
18555,신도윤,30,안산 성동구123-45,010-5101-5648,웹서핑
18556,조건우,39,평택 신제주123-45,010-4276-5277,운동
18557,한도윤,48,성남 해운대구123-45,010-7149-1941,사진촬영
18558,이지민,43,인천 해운대구123-45,010-4456-4564,일기 쓰기
18559,김서연,64,창원 유성구123-45,010-4657-3221,운동
18560,조은우,74,성남 기흥구123-45,010-4344-8299,사진촬영
18561,윤유진,72,울산 달서구123-45,010-2671-2818,등산
18562,한지후,38,대구 장유동123-45,010-4423-4099,음악감상
18563,김시우,34,안양 덕진구123-45,010-5243-8123,독서
18564,강예린,71,인천 강서구123-45,010-2891-5388,여행
18565,임예은,21,용인 서북구123-45,010-4290-2923,일기 쓰기
18566,한지원,27,울산 유성구123-45,010-8281-3336,게임
18567,서지원,79,전주 송파구123-45,010-7930-2257,수영
18568,정지원,66,광주 해운대구123-45,010-4101-8344,운동
18569,박시우,21,안양 성동구123-45,010-3030-6449,운동
18570,오서준,29,전주 덕진구123-45,010-5317-5212,드로잉
18571,임도윤,68,울산 강서구123-45,010-9157-1265,영화감상
18572,오지민,38,대전 유성구123-45,010-1062-5471,운동
18573,윤하윤,25,전주 해운대구123-45,010-9748-4483,운동
18574,장하윤,54,대구 성북구123-45,010-5349-1400,음악감상
18575,이수빈,62,천안 성북구123-45,010-1430-9521,요리
18576,박서연,56,울산 수성구123-45,010-1623-7272,뜨개질
18577,윤서준,73,인천 송파구123-45,010-1130-2459,요리
18578,박서연,48,대구 북구123-45,010-1328-8306,등산
18579,한서연,78,고양 강서구123-45,010-8620-4674,수영
18580,박지민,21,수원 해운대구123-45,010-5766-9061,보드게임
18581,서수빈,61,평택 중구123-45,010-3929-1703,뜨개질
18582,윤건우,52,세종 해운대구123-45,010-6734-7306,드로잉
18583,강서연,31,남양주 강남구123-45,010-8895-4572,여행
18584,오유진,46,평택 동구123-45,010-9541-1348,웹서핑
18585,김서연,45,용인 신제주123-45,010-1034-3120,여행
18586,김지안,54,수원 진해구123-45,010-9183-9586,유튜브 보기
18587,조은우,48,전주 신제주123-45,010-8559-6102,웹서핑
18588,정소율,58,안양 진해구123-45,010-7594-5150,여행
18589,서지안,72,포항 유성구123-45,010-4859-9278,드로잉
18590,최시우,65,화성 성북구123-45,010-1355-9992,자전거 타기
18591,정도윤,20,전주 흥덕구123-45,010-4212-7817,사진촬영
18592,임예은,32,세종 유성구123-45,010-5407-3219,보드게임
18593,박지안,67,천안 일산동구123-45,010-1958-7553,독서
18594,박하은,55,서울 진해구123-45,010-4762-6182,독서
18595,정태윤,32,광주 성동구123-45,010-3286-4614,등산
18596,장도윤,51,성남 진해구123-45,010-4522-8810,운동
18597,오건우,66,천안 서북구123-45,010-5178-7520,유튜브 보기
18598,임태윤,22,전주 북구123-45,010-9284-3242,카페 투어
18599,신예은,32,창원 서북구123-45,010-8581-2051,등산
18600,임시우,72,대전 진해구123-45,010-7621-9149,독서
18601,오하은,77,서울 기흥구123-45,010-7966-4261,카페 투어
18602,김예은,71,서울 분당구123-45,010-7329-9068,여행
18603,정서연,24,안산 강남구123-45,010-9962-5960,음악감상
18604,임현우,39,부산 기흥구123-45,010-1911-6498,뜨개질
18605,윤민수,48,안양 흥덕구123-45,010-2372-2126,사진촬영
18606,장지원,70,세종 서북구123-45,010-7210-2990,요리
18607,오지원,39,청주 흥덕구123-45,010-4891-1911,게임
18608,김민수,44,천안 해운대구123-45,010-5967-1554,음악감상
18609,오지후,42,광주 진해구123-45,010-6043-3900,사진촬영
18610,윤하은,50,대구 분당구123-45,010-1765-6374,음악감상
18611,박시우,71,청주 덕진구123-45,010-4897-5974,웹서핑
18612,최하윤,34,부산 수성구123-45,010-9967-1053,자전거 타기
18613,최도윤,25,남양주 중구123-45,010-6387-3639,요리
18614,정서준,25,부산 강남구123-45,010-6203-5558,사진촬영
18615,최현우,62,고양 덕양구123-45,010-7877-8191,유튜브 보기
18616,오유진,75,천안 강서구123-45,010-3382-6930,운동
18617,임태윤,55,김해 팔달구123-45,010-3484-1438,요리
18618,한도윤,65,천안 분당구123-45,010-1565-5844,사진촬영
18619,신하윤,37,천안 성북구123-45,010-2021-7872,보드게임
18620,장도윤,77,대구 진해구123-45,010-1284-5931,일기 쓰기
18621,한은우,69,포항 신제주123-45,010-5710-2291,카페 투어
18622,임예린,51,대전 해운대구123-45,010-6721-6345,유튜브 보기
18623,장지원,56,수원 북구123-45,010-6891-2065,웹서핑
18624,임유진,33,세종 강서구123-45,010-5113-7694,요리
18625,한서연,30,서울 흥덕구123-45,010-5273-1764,사진촬영
18626,신예린,79,부산 진해구123-45,010-9609-7836,수영
18627,신유진,46,수원 해운대구123-45,010-7877-6788,웹서핑
18628,이현우,67,천안 동구123-45,010-6605-9204,운동
18629,서도윤,52,인천 장유동123-45,010-7749-8626,사진촬영
18630,김예린,69,평택 덕양구123-45,010-8300-4903,웹서핑
18631,장수빈,49,포항 분당구123-45,010-4437-5560,등산
18632,오민수,38,평택 성동구123-45,010-5097-9109,사진촬영
18633,이예은,69,서울 성동구123-45,010-3242-8149,요리
18634,한현우,28,세종 중구123-45,010-9161-2096,여행
18635,서하윤,23,대전 북구123-45,010-9394-3404,드로잉
18636,정현우,44,김해 남구123-45,010-7523-3097,음악감상
18637,조지원,47,제주 해운대구123-45,010-6761-1341,보드게임
18638,윤서준,54,서울 강남구123-45,010-2394-4936,카페 투어
18639,최서준,49,수원 덕양구123-45,010-7868-8849,수영
18640,정지민,27,세종 강남구123-45,010-2116-5824,등산
18641,정도윤,27,고양 흥덕구123-45,010-8840-1713,운동
18642,조현우,65,울산 덕진구123-45,010-6334-1215,운동
18643,윤예은,23,성남 강서구123-45,010-4114-1855,운동
18644,한서연,20,화성 기흥구123-45,010-5245-8449,드로잉
18645,김예린,68,대전 성북구123-45,010-4384-2515,게임
18646,최서연,62,서울 기흥구123-45,010-9077-9229,등산
18647,정수빈,33,대구 중구123-45,010-4918-1190,등산
18648,한예은,67,남양주 진해구123-45,010-5572-3101,드로잉
18649,이태윤,65,용인 강서구123-45,010-4898-3729,영화감상
18650,윤도윤,73,울산 성동구123-45,010-5623-6474,웹서핑
18651,김도윤,30,고양 서구123-45,010-5967-5357,웹서핑
18652,서서준,44,안양 일산동구123-45,010-8363-5948,유튜브 보기
18653,이도윤,45,광주 팔달구123-45,010-6412-3076,영화감상
18654,최도윤,69,서울 장유동123-45,010-5036-6717,음악감상
18655,박태윤,75,천안 강서구123-45,010-8709-2294,운동
18656,정지민,26,안양 장유동123-45,010-8480-4590,음악감상
18657,박예린,21,포항 달서구123-45,010-2864-7548,드로잉
18658,조하윤,60,세종 흥덕구123-45,010-6676-6695,운동
18659,한예린,33,고양 덕양구123-45,010-3496-3975,보드게임
18660,박서준,67,청주 달서구123-45,010-2621-7435,수영
18661,윤태윤,62,광주 중구123-45,010-5484-7104,자전거 타기
18662,윤예은,64,성남 일산동구123-45,010-4575-9184,사진촬영
18663,임지안,69,성남 일산동구123-45,010-6977-4649,일기 쓰기
18664,장은우,33,광주 송파구123-45,010-1544-3322,음악감상
18665,박지원,73,안양 덕양구123-45,010-9338-7441,여행
18666,임유진,54,성남 서구123-45,010-1757-6392,보드게임
18667,이하은,30,평택 분당구123-45,010-1630-9227,게임
18668,박현우,69,청주 송파구123-45,010-5611-5132,일기 쓰기
18669,신시우,45,화성 수성구123-45,010-4857-5528,일기 쓰기
18670,오현우,22,남양주 중구123-45,010-2383-5567,여행
18671,이현우,55,창원 서구123-45,010-7072-7431,일기 쓰기
18672,한건우,23,남양주 중구123-45,010-8013-6177,카페 투어
18673,정하은,60,성남 북구123-45,010-8769-2531,카페 투어
18674,장하은,56,남양주 강서구123-45,010-9211-5924,웹서핑
18675,임서준,71,청주 중구123-45,010-9448-7947,등산
18676,신은우,70,제주 장유동123-45,010-9542-8345,자전거 타기
18677,임하윤,20,창원 강남구123-45,010-6170-2426,요리
18678,김지안,59,평택 해운대구123-45,010-6298-1185,카페 투어
18679,김지후,27,제주 해운대구123-45,010-2500-8201,보드게임
18680,조예은,40,수원 장유동123-45,010-7054-6188,운동
18681,장태윤,23,김해 강남구123-45,010-5220-5087,뜨개질
18682,박예은,24,대구 팔달구123-45,010-9069-4036,유튜브 보기
18683,강서준,79,창원 달서구123-45,010-5573-3351,운동
18684,조건우,35,평택 북구123-45,010-1773-6065,등산
18685,조지안,34,청주 동구123-45,010-9447-6729,등산
18686,오하은,24,포항 흥덕구123-45,010-5242-9438,게임
18687,서태윤,27,포항 북구123-45,010-9612-6830,여행
18688,한지안,44,청주 강남구123-45,010-3219-7002,독서
18689,조하은,64,평택 송파구123-45,010-3675-5231,운동
18690,조예린,28,김해 서구123-45,010-7443-1086,요리
18691,정민수,59,남양주 서구123-45,010-4856-2805,음악감상
18692,김예린,67,전주 북구123-45,010-1512-7597,자전거 타기
18693,박도윤,43,평택 수성구123-45,010-4096-4514,보드게임
18694,박예은,23,울산 서북구123-45,010-7055-8646,운동
18695,신서연,74,고양 신제주123-45,010-7144-6646,웹서핑
18696,최지민,79,김해 장유동123-45,010-9140-4883,게임
18697,윤유진,29,청주 서구123-45,010-4966-6234,독서
18698,임지후,28,창원 팔달구123-45,010-5597-8052,보드게임
18699,오지민,45,인천 송파구123-45,010-9686-3759,일기 쓰기
18700,김현우,70,청주 덕진구123-45,010-1887-5163,사진촬영
18701,윤지민,52,서울 기흥구123-45,010-2373-1478,자전거 타기
18702,최지원,50,제주 성북구123-45,010-3887-8977,요리
18703,최시우,57,안양 장유동123-45,010-4985-7521,영화감상
18704,오민수,30,서울 덕진구123-45,010-2370-3479,여행
18705,장지안,29,포항 수성구123-45,010-5774-4680,수영
18706,서하은,30,부산 장유동123-45,010-9644-9829,수영
18707,서유진,43,안산 강남구123-45,010-5377-4580,일기 쓰기
18708,임소율,56,안산 기흥구123-45,010-7339-4837,일기 쓰기
18709,정예은,67,수원 서북구123-45,010-2687-1702,운동
18710,윤예은,24,서울 강서구123-45,010-9348-6752,게임
18711,신지원,62,수원 분당구123-45,010-6334-3784,드로잉
18712,박예은,76,세종 강서구123-45,010-7076-8055,독서
18713,조예은,21,인천 일산동구123-45,010-3697-6377,보드게임
18714,박유진,48,인천 진해구123-45,010-2847-2626,보드게임
18715,윤지안,37,인천 덕양구123-45,010-5856-8484,카페 투어
18716,이유진,74,청주 팔달구123-45,010-5227-4611,유튜브 보기
18717,조예린,34,김해 덕양구123-45,010-2525-8345,뜨개질
18718,임하은,42,인천 유성구123-45,010-3357-6370,웹서핑
18719,장건우,55,천안 흥덕구123-45,010-3079-4306,자전거 타기
18720,정서연,25,서울 남구123-45,010-7274-4257,요리
18721,조건우,47,부산 장유동123-45,010-1186-4678,유튜브 보기
18722,박지민,45,화성 장유동123-45,010-2854-7337,영화감상
18723,임소율,21,남양주 유성구123-45,010-8667-8072,수영
18724,최지원,30,남양주 달서구123-45,010-2527-8019,등산
18725,윤지안,21,인천 강서구123-45,010-6063-7488,드로잉
18726,이지민,30,화성 분당구123-45,010-9218-4151,수영
18727,한은우,55,광주 남구123-45,010-4188-6647,카페 투어
18728,박태윤,74,용인 기흥구123-45,010-9132-3119,일기 쓰기
18729,윤지원,37,창원 덕진구123-45,010-4838-2854,영화감상
18730,장태윤,25,안산 달서구123-45,010-8393-2172,영화감상
18731,조소율,41,창원 중구123-45,010-6506-3327,운동
18732,이하윤,55,서울 기흥구123-45,010-2064-4055,독서
18733,조유진,22,세종 남구123-45,010-7558-4825,뜨개질
18734,윤지민,34,안양 덕진구123-45,010-9388-1264,수영
18735,장지안,78,안산 해운대구123-45,010-1549-4215,수영
18736,이예은,21,울산 성북구123-45,010-2435-8289,요리
18737,윤수빈,62,수원 강남구123-45,010-2335-3257,자전거 타기
18738,최민수,65,고양 남구123-45,010-4345-8026,드로잉
18739,윤하윤,32,천안 흥덕구123-45,010-3382-4849,수영
18740,정하윤,78,청주 강남구123-45,010-4348-7790,웹서핑
18741,신민수,63,인천 팔달구123-45,010-8648-4438,여행
18742,김하은,33,대구 강남구123-45,010-5938-3028,카페 투어
18743,장현우,25,천안 해운대구123-45,010-4131-1035,음악감상
18744,조지원,56,안산 성동구123-45,010-5581-1261,유튜브 보기
18745,윤예은,59,부산 덕양구123-45,010-6043-5928,독서
18746,이현우,56,수원 달서구123-45,010-9973-3108,음악감상
18747,이예은,38,용인 강남구123-45,010-6758-1086,사진촬영
18748,최예은,56,성남 장유동123-45,010-3205-5680,보드게임
18749,오태윤,71,부산 중구123-45,010-6127-6254,카페 투어
18750,이지민,20,평택 강남구123-45,010-2556-1611,일기 쓰기
18751,김건우,47,포항 진해구123-45,010-7053-5282,일기 쓰기
18752,서도윤,55,고양 송파구123-45,010-5124-6221,영화감상
18753,임은우,54,광주 성동구123-45,010-6876-4217,요리
18754,장지원,74,수원 동구123-45,010-4389-8312,등산
18755,윤도윤,55,김해 신제주123-45,010-5178-8406,웹서핑
18756,서민수,78,창원 서북구123-45,010-5611-9565,운동
18757,강지안,62,김해 서북구123-45,010-8099-5354,운동
18758,한지민,25,안산 송파구123-45,010-4546-8797,일기 쓰기
18759,오유진,36,성남 강남구123-45,010-3820-8748,드로잉
18760,임예은,76,서울 동구123-45,010-1464-7896,자전거 타기
18761,한수빈,29,창원 달서구123-45,010-2434-1398,웹서핑
18762,한민수,71,성남 송파구123-45,010-3625-1848,일기 쓰기
18763,김예은,76,성남 달서구123-45,010-1034-8794,자전거 타기
18764,조지안,55,서울 덕양구123-45,010-5388-5902,여행
18765,서하은,41,김해 성북구123-45,010-2354-4896,사진촬영
18766,이하윤,42,대전 덕양구123-45,010-6596-1290,일기 쓰기
18767,한예린,68,세종 분당구123-45,010-5014-8073,웹서핑
18768,윤서연,65,고양 성동구123-45,010-2383-3470,보드게임
18769,오지후,71,대전 송파구123-45,010-9931-2359,일기 쓰기
18770,오민수,56,광주 강서구123-45,010-8026-4611,수영
18771,최지안,28,안산 강남구123-45,010-9175-7081,자전거 타기
18772,이건우,76,고양 달서구123-45,010-3050-9762,드로잉
18773,임지원,66,안산 흥덕구123-45,010-5302-2498,카페 투어
18774,오유진,50,서울 팔달구123-45,010-7547-8875,독서
18775,최유진,60,남양주 기흥구123-45,010-7373-9818,요리
18776,오도윤,65,성남 일산동구123-45,010-5051-1440,독서
18777,김예린,41,용인 기흥구123-45,010-3201-2066,카페 투어
18778,신건우,47,수원 팔달구123-45,010-6623-9578,일기 쓰기
18779,서지민,31,화성 해운대구123-45,010-1760-3251,카페 투어
18780,임지안,43,안양 동구123-45,010-1420-4369,카페 투어
18781,윤하은,31,울산 장유동123-45,010-2198-1319,게임
18782,조예은,34,대전 남구123-45,010-5318-2487,일기 쓰기
18783,김건우,78,남양주 성북구123-45,010-2784-1622,일기 쓰기
18784,조예린,28,천안 서북구123-45,010-8251-5453,요리
18785,박수빈,33,안산 강남구123-45,010-2691-7945,운동
18786,신수빈,62,전주 분당구123-45,010-5528-2339,여행
18787,서지안,58,대구 동구123-45,010-6565-2137,요리
18788,신소율,54,제주 덕양구123-45,010-7474-1563,음악감상
18789,박하윤,64,성남 분당구123-45,010-6914-5439,음악감상
18790,오지민,33,안산 진해구123-45,010-1981-2910,음악감상
18791,장현우,24,남양주 흥덕구123-45,010-5983-2277,요리
18792,임하은,58,김해 수성구123-45,010-3384-8541,자전거 타기
18793,임지후,29,청주 수성구123-45,010-3466-2731,여행
18794,조서준,45,광주 기흥구123-45,010-6006-2176,요리
18795,장예린,55,제주 강서구123-45,010-7286-9490,게임
18796,윤현우,72,청주 중구123-45,010-8572-9033,카페 투어
18797,서태윤,39,서울 분당구123-45,010-4010-5787,게임
18798,최건우,38,평택 남구123-45,010-1225-1617,유튜브 보기
18799,박민수,50,세종 달서구123-45,010-6323-1959,운동
18800,조민수,48,제주 강남구123-45,010-7232-5352,드로잉
18801,조지원,56,전주 유성구123-45,010-7276-9312,자전거 타기
18802,김민수,78,광주 강서구123-45,010-5167-3680,운동
18803,장서연,64,천안 장유동123-45,010-7236-3142,등산
18804,오예은,66,대구 서북구123-45,010-9155-2618,자전거 타기
18805,김지민,42,화성 남구123-45,010-1591-3210,독서
18806,한도윤,24,성남 강남구123-45,010-5121-7854,드로잉
18807,박예은,54,성남 해운대구123-45,010-9539-1461,독서
18808,한현우,57,전주 분당구123-45,010-7965-1151,드로잉
18809,조시우,35,김해 서구123-45,010-3419-1424,웹서핑
18810,강시우,47,남양주 진해구123-45,010-4277-5595,여행
18811,서도윤,24,대전 기흥구123-45,010-8806-1077,여행
18812,장지후,58,평택 송파구123-45,010-2350-4774,유튜브 보기
18813,조소율,52,화성 흥덕구123-45,010-2216-9868,카페 투어
18814,신지후,40,광주 송파구123-45,010-5125-4095,유튜브 보기
18815,서태윤,46,전주 흥덕구123-45,010-4983-9654,영화감상
18816,오예은,65,화성 팔달구123-45,010-4366-8584,영화감상
18817,강지안,60,전주 팔달구123-45,010-3342-1956,유튜브 보기
18818,윤건우,27,포항 강서구123-45,010-6215-8282,드로잉
18819,오예은,44,전주 강서구123-45,010-3076-8128,등산
18820,윤시우,34,평택 송파구123-45,010-7365-6110,요리
18821,임수빈,41,창원 중구123-45,010-4989-8609,웹서핑
18822,박지안,68,포항 장유동123-45,010-4005-5356,독서
18823,오도윤,53,안양 성동구123-45,010-9927-2866,보드게임
18824,박은우,29,세종 흥덕구123-45,010-5835-5917,수영
18825,이민수,53,청주 일산동구123-45,010-1414-5179,독서
18826,정지후,38,안산 기흥구123-45,010-3246-1484,독서
18827,신건우,46,창원 신제주123-45,010-7207-6277,독서
18828,조하은,61,광주 진해구123-45,010-2561-8544,일기 쓰기
18829,박예린,58,평택 덕양구123-45,010-3471-2594,수영
18830,오수빈,31,인천 덕진구123-45,010-4753-6339,자전거 타기
18831,장은우,40,안산 서북구123-45,010-7955-4737,독서
18832,윤시우,63,김해 진해구123-45,010-7925-5798,수영
18833,장도윤,41,안산 남구123-45,010-3313-1213,게임
18834,장소율,21,서울 진해구123-45,010-1480-9329,여행
18835,박지원,36,안양 동구123-45,010-6509-6126,사진촬영
18836,강소율,64,포항 분당구123-45,010-7144-2686,게임
18837,최태윤,57,화성 서북구123-45,010-5765-1670,유튜브 보기
18838,임지민,29,김해 북구123-45,010-6906-6598,독서
18839,최지원,77,인천 덕양구123-45,010-1572-7060,게임
18840,윤지안,41,남양주 성북구123-45,010-5267-1257,사진촬영
18841,신예은,65,용인 달서구123-45,010-6641-5563,보드게임
18842,김은우,63,전주 성북구123-45,010-5415-1025,영화감상
18843,한은우,50,수원 일산동구123-45,010-9144-1891,독서
18844,강민수,57,안산 신제주123-45,010-2708-1991,등산
18845,장서연,36,인천 유성구123-45,010-8663-5765,독서
18846,윤건우,54,세종 성북구123-45,010-1919-1532,자전거 타기
18847,강도윤,78,청주 서북구123-45,010-1361-3242,요리
18848,최수빈,79,성남 성동구123-45,010-8181-8176,웹서핑
18849,강지후,31,남양주 북구123-45,010-4845-5115,유튜브 보기
18850,한지민,52,천안 서구123-45,010-5698-6469,웹서핑
18851,임서연,30,화성 수성구123-45,010-9423-9938,요리
18852,박지원,26,부산 남구123-45,010-1996-9300,웹서핑
18853,장지민,71,고양 덕양구123-45,010-4805-4191,등산
18854,임하윤,79,세종 송파구123-45,010-4096-2229,독서
18855,한은우,62,세종 서구123-45,010-3363-3075,요리
18856,최지민,63,수원 덕진구123-45,010-2299-1586,수영
18857,정은우,49,수원 북구123-45,010-1990-9607,음악감상
18858,강하윤,52,울산 흥덕구123-45,010-6826-9636,등산
18859,조민수,74,울산 진해구123-45,010-3275-6485,여행
18860,한현우,46,수원 장유동123-45,010-7833-5299,드로잉
18861,김지후,36,부산 강서구123-45,010-6447-8413,뜨개질
18862,신하윤,35,서울 중구123-45,010-4894-4090,웹서핑
18863,서현우,37,인천 남구123-45,010-3392-8967,사진촬영
18864,서도윤,51,수원 강남구123-45,010-1174-3135,운동
18865,장하윤,35,안양 기흥구123-45,010-3058-5927,카페 투어
18866,서지민,35,포항 일산동구123-45,010-2677-1886,음악감상
18867,윤서연,65,울산 해운대구123-45,010-6242-5363,드로잉
18868,임지원,25,서울 유성구123-45,010-5961-1830,드로잉
18869,장수빈,69,성남 서구123-45,010-2998-1973,일기 쓰기
18870,정시우,22,용인 성동구123-45,010-9616-6665,카페 투어
18871,박지안,40,창원 덕양구123-45,010-3954-3711,등산
18872,강지안,34,부산 분당구123-45,010-5204-5856,음악감상
18873,서유진,71,김해 유성구123-45,010-3115-6345,웹서핑
18874,오소율,58,성남 남구123-45,010-6749-5731,독서
18875,최지안,55,창원 해운대구123-45,010-8486-6556,카페 투어
18876,김예은,56,부산 동구123-45,010-4974-9116,유튜브 보기
18877,장현우,45,안양 진해구123-45,010-3481-5337,사진촬영
18878,조민수,24,화성 흥덕구123-45,010-3950-4660,게임
18879,김건우,26,울산 분당구123-45,010-3400-7714,사진촬영
18880,조하윤,76,평택 중구123-45,010-4176-1860,카페 투어
18881,이서준,23,창원 성북구123-45,010-4608-4215,독서
18882,정도윤,76,포항 송파구123-45,010-3921-6764,여행
18883,서소율,24,용인 유성구123-45,010-1087-8433,영화감상
18884,이서연,54,안양 서북구123-45,010-6080-6230,보드게임
18885,조유진,40,세종 덕양구123-45,010-9536-2049,음악감상
18886,장하은,30,인천 남구123-45,010-7968-4091,요리
18887,오소율,67,전주 해운대구123-45,010-4234-7000,카페 투어
18888,장지원,57,화성 신제주123-45,010-4255-2179,카페 투어
18889,윤하은,49,창원 유성구123-45,010-1905-8576,요리
18890,윤수빈,57,광주 성북구123-45,010-4458-6960,등산
18891,장하은,25,포항 강남구123-45,010-4435-8440,운동
18892,김현우,27,창원 성북구123-45,010-8869-6627,독서
18893,한서준,59,인천 동구123-45,010-3188-3571,드로잉
18894,임지후,67,부산 북구123-45,010-4126-8660,웹서핑
18895,정예은,75,전주 남구123-45,010-1577-6514,웹서핑
18896,강지민,34,대구 성동구123-45,010-7458-7229,음악감상
18897,한유진,52,고양 성북구123-45,010-9687-3780,카페 투어
18898,오유진,54,인천 기흥구123-45,010-2238-5983,요리
18899,임예린,61,광주 덕진구123-45,010-6380-4947,운동
18900,서지후,27,천안 팔달구123-45,010-4855-4146,음악감상
18901,조현우,40,고양 성북구123-45,010-7307-8217,자전거 타기
18902,이하윤,79,고양 신제주123-45,010-9961-8921,영화감상
18903,조소율,71,서울 북구123-45,010-4395-4510,자전거 타기
18904,오유진,58,창원 일산동구123-45,010-7722-4275,음악감상
18905,이서준,25,용인 성북구123-45,010-1785-2099,운동
18906,최하윤,34,인천 덕양구123-45,010-4991-3273,사진촬영
18907,오도윤,48,인천 북구123-45,010-3544-1170,수영
18908,윤하은,71,안산 분당구123-45,010-9093-3246,게임
18909,장서준,49,서울 북구123-45,010-3919-6914,영화감상
18910,신지안,34,대구 성북구123-45,010-7928-6041,등산
18911,서건우,69,청주 송파구123-45,010-7811-9166,뜨개질
18912,윤현우,73,제주 성북구123-45,010-7062-9195,유튜브 보기
18913,신하윤,50,포항 강남구123-45,010-7647-2654,사진촬영
18914,이지민,73,안양 흥덕구123-45,010-9132-1727,드로잉
18915,박은우,43,인천 수성구123-45,010-5010-7707,보드게임
18916,윤민수,66,안산 송파구123-45,010-1559-9996,음악감상
18917,정유진,42,수원 송파구123-45,010-6200-9511,수영
18918,최서연,41,용인 진해구123-45,010-3331-8572,일기 쓰기
18919,한현우,31,창원 팔달구123-45,010-8558-6505,독서
18920,박은우,28,제주 팔달구123-45,010-2647-6024,자전거 타기
18921,오시우,45,광주 진해구123-45,010-3641-2948,등산
18922,조지후,47,세종 장유동123-45,010-7622-3320,사진촬영
18923,김소율,36,안양 수성구123-45,010-9935-9776,뜨개질
18924,강서연,36,안양 수성구123-45,010-2381-7622,카페 투어
18925,박민수,73,성남 흥덕구123-45,010-2636-1166,여행
18926,임서준,31,포항 일산동구123-45,010-2395-8682,게임
18927,한하은,41,전주 분당구123-45,010-4989-4704,수영
18928,정지후,22,김해 기흥구123-45,010-5491-7407,유튜브 보기
18929,신예은,57,성남 강남구123-45,010-7680-7869,카페 투어
18930,윤지민,49,용인 성동구123-45,010-5875-8412,보드게임
18931,박은우,25,포항 송파구123-45,010-3633-5744,보드게임
18932,박유진,25,전주 성동구123-45,010-3768-2195,음악감상
18933,김은우,32,남양주 동구123-45,010-3869-9729,드로잉
18934,박은우,28,인천 서구123-45,010-4655-2692,영화감상
18935,박시우,57,천안 남구123-45,010-5377-4553,드로잉
18936,윤서준,63,용인 해운대구123-45,010-6300-9609,보드게임
18937,조서준,47,김해 흥덕구123-45,010-5131-5922,카페 투어
18938,김서연,21,수원 기흥구123-45,010-2621-3515,등산
18939,박수빈,53,평택 덕양구123-45,010-9031-2059,웹서핑
18940,조예린,50,김해 일산동구123-45,010-8543-3939,게임
18941,김예린,50,부산 일산동구123-45,010-6690-8127,보드게임
18942,신수빈,33,부산 송파구123-45,010-4799-6537,음악감상
18943,신도윤,45,전주 기흥구123-45,010-2305-2694,사진촬영
18944,박서연,27,세종 덕진구123-45,010-4553-7279,자전거 타기
18945,신서연,61,대구 해운대구123-45,010-1674-1993,운동
18946,오하윤,41,울산 덕양구123-45,010-6507-1222,자전거 타기
18947,신하윤,49,세종 진해구123-45,010-5673-6090,게임
18948,서유진,78,전주 서구123-45,010-2450-6694,사진촬영
18949,임예린,67,전주 서구123-45,010-3739-3672,유튜브 보기
18950,강지원,24,서울 서북구123-45,010-1667-8233,일기 쓰기
18951,신지원,24,포항 남구123-45,010-1509-8918,유튜브 보기
18952,이민수,42,천안 덕진구123-45,010-8954-2448,보드게임
18953,한도윤,69,청주 해운대구123-45,010-7141-5820,게임
18954,한도윤,61,화성 해운대구123-45,010-4030-9276,사진촬영
18955,김수빈,71,대전 기흥구123-45,010-7487-3052,게임
18956,오서연,21,청주 덕진구123-45,010-3082-3381,여행
18957,윤하윤,36,청주 성동구123-45,010-1504-2061,영화감상
18958,최현우,47,수원 기흥구123-45,010-2179-2485,등산
18959,서예린,71,대구 수성구123-45,010-7110-4402,수영
18960,장도윤,29,인천 진해구123-45,010-6752-1997,자전거 타기
18961,조건우,58,포항 송파구123-45,010-8517-4291,자전거 타기
18962,서수빈,27,화성 강남구123-45,010-7068-6805,웹서핑
18963,최수빈,41,남양주 팔달구123-45,010-3018-9313,영화감상
18964,이하윤,27,인천 장유동123-45,010-5181-2607,뜨개질
18965,박하은,75,광주 기흥구123-45,010-9930-7373,여행
18966,윤서연,73,고양 팔달구123-45,010-5176-6844,유튜브 보기
18967,오태윤,24,전주 강남구123-45,010-3611-2168,사진촬영
18968,정예은,63,인천 중구123-45,010-6650-4724,일기 쓰기
18969,김지민,49,인천 장유동123-45,010-9865-9676,드로잉
18970,박지후,29,수원 일산동구123-45,010-2119-4785,뜨개질
18971,한민수,79,전주 서구123-45,010-6193-4321,카페 투어
18972,조현우,69,용인 송파구123-45,010-5805-5596,운동
18973,장현우,70,남양주 중구123-45,010-8504-1536,드로잉
18974,최시우,43,안양 해운대구123-45,010-2809-4478,보드게임
18975,신도윤,37,용인 진해구123-45,010-1596-4626,사진촬영
18976,서태윤,72,안양 동구123-45,010-8128-5975,독서
18977,김지민,20,김해 동구123-45,010-4633-6329,운동
18978,서지후,66,청주 서구123-45,010-1062-3577,등산
18979,조소율,51,제주 성북구123-45,010-5556-4444,요리
18980,신예린,45,대전 덕양구123-45,010-8697-3652,등산
18981,최예린,29,제주 수성구123-45,010-7866-6630,운동
18982,신서연,47,수원 기흥구123-45,010-8686-9707,카페 투어
18983,장시우,61,평택 분당구123-45,010-3569-9335,음악감상
18984,한은우,57,울산 송파구123-45,010-1890-1317,음악감상
18985,임소율,77,수원 중구123-45,010-2653-3289,사진촬영
18986,장하윤,30,수원 덕진구123-45,010-8394-7692,음악감상
18987,최시우,71,안산 덕진구123-45,010-6035-3899,웹서핑
18988,윤도윤,58,수원 덕진구123-45,010-4450-1232,음악감상
18989,오서연,22,인천 신제주123-45,010-4809-1352,음악감상
18990,오시우,79,대전 장유동123-45,010-2728-8931,등산
18991,박현우,52,성남 서북구123-45,010-4651-3936,자전거 타기
18992,정서준,20,고양 기흥구123-45,010-7953-6630,등산
18993,윤서연,63,서울 유성구123-45,010-8910-6140,보드게임
18994,박서준,74,전주 송파구123-45,010-5761-8490,일기 쓰기
18995,임유진,66,제주 달서구123-45,010-1943-7517,여행
18996,강서연,57,안양 강남구123-45,010-5807-3711,요리
18997,최태윤,51,수원 기흥구123-45,010-4204-5245,음악감상
18998,정서준,50,안산 장유동123-45,010-8238-1703,등산
18999,장지안,47,안산 달서구123-45,010-4808-7219,일기 쓰기
19000,신시우,75,화성 남구123-45,010-5484-9179,음악감상
19001,조하은,23,성남 성동구123-45,010-3699-2690,수영
19002,최수빈,65,대전 북구123-45,010-6661-2179,운동
19003,최은우,28,대전 분당구123-45,010-7207-3050,영화감상
19004,정예은,32,김해 해운대구123-45,010-6592-4009,운동
19005,박소율,59,화성 성동구123-45,010-6075-2773,웹서핑
19006,김예린,73,안산 동구123-45,010-7672-6494,유튜브 보기
19007,임태윤,53,천안 유성구123-45,010-4930-3594,음악감상
19008,김예린,38,청주 덕양구123-45,010-2267-9379,일기 쓰기
19009,한민수,55,광주 신제주123-45,010-1004-7524,게임
19010,김현우,35,남양주 덕진구123-45,010-4973-6424,여행
19011,서도윤,65,청주 서북구123-45,010-4603-1099,등산
19012,장도윤,53,수원 남구123-45,010-8013-4967,일기 쓰기
19013,서시우,54,천안 덕양구123-45,010-3062-4480,자전거 타기
19014,박은우,66,안양 성북구123-45,010-3102-5552,등산
19015,이서준,30,고양 신제주123-45,010-4985-2852,웹서핑
19016,윤유진,35,용인 남구123-45,010-1934-6726,음악감상
19017,이태윤,69,서울 기흥구123-45,010-4889-2681,여행
19018,이수빈,48,제주 진해구123-45,010-5194-2664,게임
19019,임예린,50,광주 중구123-45,010-4827-8111,뜨개질
19020,오서연,34,제주 덕진구123-45,010-3198-7807,운동
19021,최예린,49,남양주 유성구123-45,010-9957-9599,등산
19022,이서준,75,울산 성북구123-45,010-7216-2582,게임
19023,서지후,70,전주 강서구123-45,010-3323-7402,카페 투어
19024,임시우,56,안양 중구123-45,010-2573-4868,보드게임
19025,장하윤,44,천안 분당구123-45,010-5571-8513,카페 투어
19026,조지후,69,대구 성동구123-45,010-1202-8563,요리
19027,정현우,46,남양주 유성구123-45,010-5424-4454,유튜브 보기
19028,서예린,71,고양 중구123-45,010-8124-3835,보드게임
19029,김유진,42,포항 동구123-45,010-4633-1672,운동
19030,신태윤,28,평택 해운대구123-45,010-7319-6134,독서
19031,조서준,66,안양 장유동123-45,010-8218-9034,뜨개질
19032,서예은,48,화성 분당구123-45,010-2049-2605,보드게임
19033,오민수,69,안양 동구123-45,010-3880-1293,드로잉
19034,한민수,32,화성 남구123-45,010-3263-5561,사진촬영
19035,이유진,21,서울 강남구123-45,010-2321-8112,등산
19036,김하윤,58,안산 북구123-45,010-1846-9042,자전거 타기
19037,신예은,39,평택 동구123-45,010-1881-7630,게임
19038,정서연,79,전주 북구123-45,010-7098-8378,여행
19039,조지원,48,안산 유성구123-45,010-3253-1158,카페 투어
19040,김소율,67,김해 서북구123-45,010-4913-1050,독서
19041,장지원,70,인천 기흥구123-45,010-2267-3907,영화감상
19042,박예은,31,인천 장유동123-45,010-8488-2323,영화감상
19043,오지안,48,광주 기흥구123-45,010-2062-9149,운동
19044,강현우,41,포항 성동구123-45,010-2876-2501,등산
19045,신예린,48,울산 남구123-45,010-9805-1318,게임
19046,오지후,38,청주 중구123-45,010-5393-5634,드로잉
19047,한민수,22,안산 흥덕구123-45,010-8932-2565,수영
19048,장건우,45,대전 중구123-45,010-2566-8002,수영
19049,김소율,69,광주 달서구123-45,010-1561-8093,유튜브 보기
19050,임지원,62,대구 팔달구123-45,010-9142-7288,영화감상
19051,서서연,41,김해 분당구123-45,010-9576-4318,음악감상
19052,윤건우,35,인천 남구123-45,010-1806-6667,요리
19053,임소율,71,광주 해운대구123-45,010-3966-9665,요리
19054,신민수,60,안산 덕양구123-45,010-9125-2300,사진촬영
19055,정지안,20,남양주 장유동123-45,010-5608-9896,수영
19056,조지안,47,평택 강남구123-45,010-8558-6574,독서
19057,정지민,61,화성 분당구123-45,010-6747-9738,수영
19058,윤예은,35,고양 팔달구123-45,010-8103-2120,독서
19059,강지안,58,서울 성북구123-45,010-1173-4218,등산
19060,조서준,69,김해 북구123-45,010-8845-9611,게임
19061,조태윤,58,인천 수성구123-45,010-7234-9752,운동
19062,한하윤,21,광주 기흥구123-45,010-2365-3698,게임
19063,김예린,52,수원 동구123-45,010-8016-2710,일기 쓰기
19064,최지원,64,고양 기흥구123-45,010-5291-4564,여행
19065,김하은,67,대구 일산동구123-45,010-1354-3115,영화감상
19066,서하은,68,대구 중구123-45,010-9869-4259,보드게임
19067,윤지원,30,제주 팔달구123-45,010-6247-3066,카페 투어
19068,정소율,61,김해 분당구123-45,010-5584-3560,영화감상
19069,신하윤,20,용인 일산동구123-45,010-1635-4738,보드게임
19070,정민수,77,남양주 분당구123-45,010-3569-7763,게임
19071,이태윤,32,천안 수성구123-45,010-8044-1414,게임
19072,장서준,48,고양 유성구123-45,010-3780-5622,일기 쓰기
19073,신은우,65,울산 달서구123-45,010-5133-8575,영화감상
19074,윤하윤,64,대전 서구123-45,010-8319-4370,등산
19075,최예린,74,수원 유성구123-45,010-3645-2460,자전거 타기
19076,이서준,25,김해 동구123-45,010-4767-3583,운동
19077,박태윤,69,청주 송파구123-45,010-6809-1240,독서
19078,정지후,29,창원 흥덕구123-45,010-3273-8279,운동
19079,강건우,39,대구 유성구123-45,010-8892-6803,뜨개질
19080,강시우,44,평택 강서구123-45,010-3729-9243,사진촬영
19081,윤은우,33,안양 흥덕구123-45,010-4149-2390,수영
19082,김하윤,35,창원 서북구123-45,010-7950-7659,일기 쓰기
19083,김건우,45,인천 덕진구123-45,010-7992-5618,요리
19084,서지원,68,인천 남구123-45,010-9219-1906,영화감상
19085,오유진,46,세종 덕양구123-45,010-4778-5648,음악감상
19086,임시우,40,광주 서북구123-45,010-1933-3183,요리
19087,정예린,30,부산 해운대구123-45,010-2449-6514,운동
19088,조지민,54,천안 달서구123-45,010-1387-6843,카페 투어
19089,장예린,70,안산 중구123-45,010-6616-1680,보드게임
19090,한은우,50,남양주 해운대구123-45,010-8408-5489,일기 쓰기
19091,신서연,66,울산 강서구123-45,010-7134-5139,등산
19092,박하윤,23,화성 서북구123-45,010-4682-4600,운동
19093,장지민,61,성남 북구123-45,010-6184-6580,일기 쓰기
19094,강지후,46,성남 서구123-45,010-1622-4257,일기 쓰기
19095,정태윤,75,김해 강남구123-45,010-3449-7109,웹서핑
19096,이태윤,20,서울 일산동구123-45,010-2921-3687,게임
19097,오현우,33,광주 유성구123-45,010-7600-9717,뜨개질
19098,윤서연,60,용인 성북구123-45,010-5191-2369,게임
19099,한예은,64,용인 유성구123-45,010-3465-6775,웹서핑
19100,강지원,40,인천 덕양구123-45,010-8750-7121,영화감상
19101,오지민,76,제주 성동구123-45,010-2050-7195,드로잉
19102,정지안,75,고양 덕진구123-45,010-6027-2975,드로잉
19103,신태윤,36,성남 중구123-45,010-7014-5226,카페 투어
19104,최하윤,58,천안 신제주123-45,010-3883-6654,운동
19105,조지민,72,남양주 수성구123-45,010-6316-1854,수영
19106,신지후,29,대구 해운대구123-45,010-1178-7661,음악감상
19107,정태윤,32,고양 기흥구123-45,010-9297-9591,음악감상
19108,박예은,37,수원 해운대구123-45,010-4631-3309,영화감상
19109,신지원,23,울산 강남구123-45,010-3016-2574,드로잉
19110,정소율,56,수원 강남구123-45,010-8220-8585,여행
19111,오지후,44,남양주 기흥구123-45,010-4112-7428,사진촬영
19112,최하윤,46,안양 신제주123-45,010-7905-5544,등산
19113,오민수,37,수원 서구123-45,010-9365-5130,등산
19114,장소율,21,용인 성북구123-45,010-4098-2107,일기 쓰기
19115,박하윤,76,창원 수성구123-45,010-2556-4569,독서
19116,서건우,29,포항 신제주123-45,010-6683-6621,음악감상
19117,윤민수,40,천안 유성구123-45,010-5874-1643,음악감상
19118,윤소율,40,평택 신제주123-45,010-6122-3557,자전거 타기
19119,임민수,55,부산 덕진구123-45,010-2093-1352,요리
19120,윤예은,42,인천 북구123-45,010-1540-4005,드로잉
19121,조시우,43,안양 북구123-45,010-4425-9665,보드게임
19122,김지후,60,남양주 남구123-45,010-1365-7302,뜨개질
19123,장태윤,79,서울 덕진구123-45,010-7788-8079,영화감상
19124,이지원,60,세종 수성구123-45,010-7116-1896,자전거 타기
19125,신하은,61,전주 덕양구123-45,010-9729-5252,수영
19126,조민수,59,광주 일산동구123-45,010-1804-2909,일기 쓰기
19127,조지안,38,전주 서구123-45,010-5999-2560,뜨개질
19128,김하은,45,안양 중구123-45,010-3187-4766,게임
19129,이민수,43,대구 중구123-45,010-1330-7196,게임
19130,윤예린,31,수원 일산동구123-45,010-6477-3987,일기 쓰기
19131,정유진,77,대구 성동구123-45,010-2919-8569,운동
19132,최서준,79,고양 팔달구123-45,010-8057-2590,독서
19133,신예린,45,수원 성동구123-45,010-2372-7560,요리
19134,박소율,37,창원 성동구123-45,010-4722-1344,음악감상
19135,최태윤,68,광주 해운대구123-45,010-5877-1923,보드게임
19136,신현우,51,전주 진해구123-45,010-2630-1777,유튜브 보기
19137,조서연,31,서울 서북구123-45,010-8295-8377,자전거 타기
19138,정지민,61,광주 달서구123-45,010-1777-4060,유튜브 보기
19139,장유진,66,천안 서북구123-45,010-9264-4405,수영
19140,서도윤,77,인천 송파구123-45,010-4946-5775,게임
19141,강건우,44,안산 서북구123-45,010-3443-9415,수영
19142,오지민,31,천안 흥덕구123-45,010-2180-7414,게임
19143,정지민,45,청주 강서구123-45,010-6767-2769,게임
19144,서지후,61,부산 기흥구123-45,010-2805-6768,뜨개질
19145,박은우,37,수원 유성구123-45,010-4921-4946,음악감상
19146,윤지후,59,성남 강남구123-45,010-9066-3727,등산
19147,이지안,39,김해 수성구123-45,010-2212-7805,일기 쓰기
19148,박건우,62,포항 유성구123-45,010-3143-3676,운동
19149,김태윤,79,서울 기흥구123-45,010-7199-1746,등산
19150,신하윤,68,용인 유성구123-45,010-3635-4288,운동
19151,임예은,53,남양주 분당구123-45,010-1254-7506,운동
19152,신민수,77,남양주 팔달구123-45,010-8961-2155,요리
19153,최건우,32,고양 강서구123-45,010-9118-1790,일기 쓰기
19154,신예린,31,서울 남구123-45,010-1686-9118,영화감상
19155,박지후,43,제주 일산동구123-45,010-5613-2368,카페 투어
19156,오예린,70,안양 송파구123-45,010-9625-2364,수영
19157,최은우,20,천안 진해구123-45,010-8815-9864,등산
19158,강지민,76,성남 장유동123-45,010-8621-3748,사진촬영
19159,정지민,53,제주 북구123-45,010-9841-5391,여행
19160,조현우,33,안산 신제주123-45,010-6032-2200,영화감상
19161,박지원,53,광주 팔달구123-45,010-6256-5414,운동
19162,김서준,43,수원 남구123-45,010-7903-4209,카페 투어
19163,오지원,78,천안 성북구123-45,010-3858-9310,일기 쓰기
19164,이건우,74,인천 송파구123-45,010-5983-6295,운동
19165,임서연,61,광주 달서구123-45,010-5779-3465,유튜브 보기
19166,한예린,39,인천 송파구123-45,010-5364-9500,자전거 타기
19167,신서연,67,성남 유성구123-45,010-3880-1367,사진촬영
19168,최태윤,44,성남 장유동123-45,010-5036-1553,일기 쓰기
19169,한예은,26,세종 흥덕구123-45,010-7782-2705,영화감상
19170,정지원,58,성남 강남구123-45,010-9364-4126,영화감상
19171,윤서연,65,남양주 분당구123-45,010-3491-9000,음악감상
19172,오하윤,41,평택 장유동123-45,010-2425-6078,유튜브 보기
19173,장민수,30,남양주 남구123-45,010-2267-4629,등산
19174,김수빈,66,천안 덕양구123-45,010-2400-3095,보드게임
19175,임하윤,58,제주 일산동구123-45,010-7107-2690,웹서핑
19176,이소율,59,대구 분당구123-45,010-8909-5477,웹서핑
19177,조지안,41,광주 신제주123-45,010-5528-9167,운동
19178,오서연,28,광주 중구123-45,010-4798-7615,드로잉
19179,오유진,62,울산 서구123-45,010-6208-4653,유튜브 보기
19180,이도윤,55,용인 기흥구123-45,010-1080-3631,등산
19181,서태윤,49,울산 덕양구123-45,010-4767-4285,웹서핑
19182,임은우,72,서울 흥덕구123-45,010-9183-3702,유튜브 보기
19183,이하윤,39,청주 강남구123-45,010-5643-5304,뜨개질
19184,한소율,65,안양 송파구123-45,010-4897-5388,여행
19185,이하은,69,대구 북구123-45,010-1943-5920,수영
19186,임시우,30,창원 진해구123-45,010-6083-6035,뜨개질
19187,윤지후,51,김해 수성구123-45,010-6322-1101,수영
19188,서지안,24,대전 팔달구123-45,010-3154-4332,독서
19189,정민수,60,김해 장유동123-45,010-5920-9744,등산
19190,신지원,45,광주 동구123-45,010-9787-5104,드로잉
19191,최시우,39,청주 장유동123-45,010-5222-7466,요리
19192,김지안,62,제주 중구123-45,010-4938-9783,보드게임
19193,최도윤,27,성남 해운대구123-45,010-3626-8468,일기 쓰기
19194,장하은,66,천안 남구123-45,010-5485-1363,여행
19195,최예린,31,남양주 진해구123-45,010-6224-4096,등산
19196,오서준,41,서울 기흥구123-45,010-2473-1100,일기 쓰기
19197,임서준,22,대전 장유동123-45,010-8285-5470,일기 쓰기
19198,박시우,30,성남 송파구123-45,010-7899-7773,요리
19199,최도윤,75,청주 달서구123-45,010-9966-5119,운동
19200,조지후,54,용인 남구123-45,010-7815-1077,웹서핑
19201,박수빈,73,대구 성북구123-45,010-7257-3700,여행
19202,조유진,35,안산 일산동구123-45,010-5883-5493,등산
19203,서하은,51,김해 동구123-45,010-9226-3702,웹서핑
19204,박하은,65,천안 덕진구123-45,010-8548-2544,음악감상
19205,최하윤,47,대구 수성구123-45,010-1966-7775,드로잉
19206,최민수,65,김해 송파구123-45,010-8823-8725,요리
19207,한태윤,46,대전 일산동구123-45,010-1843-5519,여행
19208,한서연,41,창원 덕양구123-45,010-4929-2534,웹서핑
19209,신예은,65,광주 송파구123-45,010-1436-7119,음악감상
19210,장지안,74,안산 중구123-45,010-6006-5635,사진촬영
19211,강지민,42,수원 성동구123-45,010-2256-2440,여행
19212,이태윤,76,안산 강서구123-45,010-6204-4118,유튜브 보기
19213,한은우,28,부산 수성구123-45,010-1756-4356,수영
19214,신수빈,24,김해 팔달구123-45,010-4016-5896,여행
19215,오은우,37,수원 북구123-45,010-2971-7842,사진촬영
19216,강건우,72,울산 흥덕구123-45,010-4062-8802,운동
19217,정수빈,34,제주 신제주123-45,010-6612-5613,카페 투어
19218,신시우,72,안양 분당구123-45,010-2268-7916,뜨개질
19219,조지민,51,제주 성북구123-45,010-6627-8373,영화감상
19220,윤서연,42,평택 강서구123-45,010-2415-2896,드로잉
19221,윤태윤,31,수원 분당구123-45,010-3525-5755,카페 투어
19222,장지민,50,평택 성북구123-45,010-7780-7839,등산
19223,김태윤,58,광주 덕양구123-45,010-6856-3881,자전거 타기
19224,서지민,34,화성 덕양구123-45,010-5616-7146,자전거 타기
19225,최지원,25,안양 중구123-45,010-5616-8919,독서
19226,최도윤,42,울산 진해구123-45,010-2399-5313,자전거 타기
19227,오지안,65,서울 성북구123-45,010-6730-3485,사진촬영
19228,김지원,40,평택 북구123-45,010-2543-3334,음악감상
19229,정은우,54,고양 진해구123-45,010-4067-2206,게임
19230,강태윤,32,천안 기흥구123-45,010-2573-3489,보드게임
19231,신태윤,31,성남 동구123-45,010-2849-5043,유튜브 보기
19232,최은우,35,포항 일산동구123-45,010-1910-1212,게임
19233,장현우,60,부산 강서구123-45,010-6664-9691,자전거 타기
19234,임서연,67,김해 장유동123-45,010-6046-9720,운동
19235,서예은,33,대구 성북구123-45,010-8413-7377,요리
19236,장소율,53,청주 덕진구123-45,010-2028-5038,여행
19237,장지안,53,청주 수성구123-45,010-5022-7485,수영
19238,서민수,52,고양 강남구123-45,010-2699-4630,뜨개질
19239,오예린,71,창원 동구123-45,010-5686-6352,유튜브 보기
19240,한지후,24,고양 분당구123-45,010-5576-2034,사진촬영
19241,강지원,65,수원 신제주123-45,010-1588-8667,유튜브 보기
19242,최소율,23,천안 해운대구123-45,010-2938-8347,사진촬영
19243,강예은,45,천안 북구123-45,010-5069-2032,영화감상
19244,오지후,37,세종 서구123-45,010-2996-6698,여행
19245,서수빈,30,포항 일산동구123-45,010-9644-6054,자전거 타기
19246,최지안,44,울산 강남구123-45,010-2844-5967,유튜브 보기
19247,임민수,46,수원 일산동구123-45,010-1488-6984,여행
19248,강하은,55,대전 강남구123-45,010-6399-7492,영화감상
19249,장시우,79,수원 신제주123-45,010-5069-1734,영화감상
19250,서도윤,55,안산 분당구123-45,010-1721-4089,보드게임
19251,박유진,52,부산 일산동구123-45,010-3240-1282,등산
19252,신지후,20,인천 중구123-45,010-3425-2153,카페 투어
19253,박소율,55,광주 해운대구123-45,010-7343-1995,영화감상
19254,최지후,47,대전 북구123-45,010-5082-1283,영화감상
19255,신지안,73,부산 중구123-45,010-8222-1964,유튜브 보기
19256,윤수빈,70,고양 신제주123-45,010-1546-1616,게임
19257,서태윤,63,대구 팔달구123-45,010-2474-4397,수영
19258,이예은,62,평택 신제주123-45,010-3661-2155,뜨개질
19259,한태윤,22,제주 성동구123-45,010-4624-5111,보드게임
19260,정지민,43,서울 기흥구123-45,010-9370-4859,유튜브 보기
19261,김서연,63,성남 동구123-45,010-1374-4235,사진촬영
19262,한건우,46,안양 덕양구123-45,010-4100-6514,자전거 타기
19263,신민수,63,용인 성동구123-45,010-8776-5235,사진촬영
19264,장수빈,57,제주 흥덕구123-45,010-7801-6056,독서
19265,조예은,71,안양 동구123-45,010-5251-6775,게임
19266,박수빈,44,인천 중구123-45,010-9101-8671,일기 쓰기
19267,윤도윤,27,화성 유성구123-45,010-3532-6119,드로잉
19268,이지후,64,제주 달서구123-45,010-3343-2888,독서
19269,윤하윤,70,김해 강남구123-45,010-8145-2087,일기 쓰기
19270,임민수,27,천안 일산동구123-45,010-5202-6444,사진촬영
19271,한수빈,44,세종 장유동123-45,010-3118-9285,드로잉
19272,최민수,30,포항 북구123-45,010-4332-2307,등산
19273,조지민,65,창원 달서구123-45,010-2696-3139,보드게임
19274,임건우,21,청주 신제주123-45,010-1306-4383,유튜브 보기
19275,윤지후,44,울산 신제주123-45,010-2357-1755,운동
19276,장은우,57,세종 장유동123-45,010-2936-3233,음악감상
19277,박현우,73,평택 달서구123-45,010-3912-1245,자전거 타기
19278,최예린,36,세종 성북구123-45,010-5613-8009,요리
19279,조지후,24,안양 장유동123-45,010-4368-1058,일기 쓰기
19280,장지민,31,포항 서북구123-45,010-2156-5553,등산
19281,한은우,24,남양주 덕양구123-45,010-5562-7380,영화감상
19282,김건우,62,포항 장유동123-45,010-6922-1882,유튜브 보기
19283,장하윤,68,수원 흥덕구123-45,010-4409-1922,웹서핑
19284,박서준,42,창원 일산동구123-45,010-3590-6197,카페 투어
19285,신지원,26,안산 서구123-45,010-5084-5791,드로잉
19286,한하윤,45,인천 중구123-45,010-4867-7530,보드게임
19287,강서준,32,평택 중구123-45,010-6031-2579,드로잉
19288,서시우,75,김해 팔달구123-45,010-7439-6291,자전거 타기
19289,이예린,45,청주 덕진구123-45,010-8912-5463,운동
19290,박예린,65,용인 서북구123-45,010-3447-2449,뜨개질
19291,김서준,31,대구 진해구123-45,010-5618-1533,요리
19292,정도윤,57,성남 일산동구123-45,010-4200-7236,웹서핑
19293,김지민,55,제주 덕양구123-45,010-5916-6652,사진촬영
19294,김하은,44,제주 장유동123-45,010-3422-6174,웹서핑
19295,윤지안,22,김해 덕진구123-45,010-9690-4023,웹서핑
19296,박서준,22,안양 장유동123-45,010-9968-8168,게임
19297,임수빈,54,인천 성동구123-45,010-2962-4814,카페 투어
19298,김도윤,40,수원 일산동구123-45,010-5992-9674,등산
19299,신소율,50,전주 해운대구123-45,010-9295-1490,음악감상
19300,김건우,64,전주 덕진구123-45,010-9206-5958,독서
19301,정서준,40,용인 송파구123-45,010-8048-7908,운동
19302,강건우,75,남양주 성동구123-45,010-3350-6725,여행
19303,오하은,25,대구 장유동123-45,010-8850-9414,보드게임
19304,김예은,68,서울 분당구123-45,010-6908-4216,유튜브 보기
19305,신도윤,65,청주 서구123-45,010-4008-9400,운동
19306,장지안,67,포항 진해구123-45,010-6822-4303,뜨개질
19307,윤서연,39,청주 서구123-45,010-5601-2475,카페 투어
19308,서시우,34,인천 송파구123-45,010-9201-1052,독서
19309,강현우,51,서울 일산동구123-45,010-8273-6256,사진촬영
19310,오지민,69,남양주 성동구123-45,010-2569-7120,자전거 타기
19311,조하은,54,안양 유성구123-45,010-1861-3160,보드게임
19312,한도윤,74,전주 송파구123-45,010-6044-1315,영화감상
19313,오도윤,73,화성 성북구123-45,010-4803-2877,웹서핑
19314,최건우,32,포항 서구123-45,010-8815-7927,수영
19315,임하은,64,성남 강서구123-45,010-1078-8623,드로잉
19316,오현우,64,김해 팔달구123-45,010-7927-4357,독서
19317,정수빈,38,포항 덕양구123-45,010-2462-3239,음악감상
19318,오서준,58,천안 기흥구123-45,010-3153-3677,여행
19319,임예린,70,제주 서구123-45,010-9229-4054,카페 투어
19320,오지후,55,청주 덕진구123-45,010-2009-1498,유튜브 보기
19321,임예린,47,대구 서구123-45,010-9409-9749,자전거 타기
19322,김수빈,69,수원 덕양구123-45,010-4237-3827,뜨개질
19323,조하윤,48,성남 팔달구123-45,010-6424-8382,독서
19324,서유진,40,수원 신제주123-45,010-4978-2329,등산
19325,장예은,56,세종 서구123-45,010-8639-1321,여행
19326,강수빈,26,포항 송파구123-45,010-5557-6566,카페 투어
19327,김지안,38,용인 팔달구123-45,010-2305-2271,게임
19328,서지안,59,광주 성동구123-45,010-5122-5179,독서
19329,오지안,25,포항 강남구123-45,010-2277-5369,음악감상
19330,최유진,21,성남 성동구123-45,010-8199-4593,여행
19331,장지후,48,용인 강서구123-45,010-4415-3353,여행
19332,윤하윤,68,부산 동구123-45,010-1561-3577,음악감상
19333,오유진,53,창원 서북구123-45,010-7212-7814,운동
19334,신지원,30,평택 덕진구123-45,010-6085-9571,일기 쓰기
19335,정서연,37,김해 동구123-45,010-1593-5067,사진촬영
19336,이수빈,35,천안 유성구123-45,010-6784-6089,유튜브 보기
19337,강유진,37,안양 해운대구123-45,010-2236-7776,수영
19338,서지민,64,천안 일산동구123-45,010-7198-3203,음악감상
19339,조도윤,55,남양주 동구123-45,010-2513-8286,일기 쓰기
19340,정예은,59,용인 북구123-45,010-8805-1019,요리
19341,조도윤,42,인천 북구123-45,010-1437-1415,등산
19342,임하윤,37,화성 유성구123-45,010-2658-7394,독서
19343,조은우,32,포항 동구123-45,010-8678-8386,보드게임
19344,임현우,22,창원 일산동구123-45,010-9009-4641,드로잉
19345,오하윤,62,안양 수성구123-45,010-8504-7090,요리
19346,조지원,51,성남 덕진구123-45,010-6648-2552,독서
19347,김건우,48,서울 달서구123-45,010-4728-4247,카페 투어
19348,임건우,26,화성 서구123-45,010-4149-6497,수영
19349,강하은,21,포항 강남구123-45,010-1955-7435,영화감상
19350,서지원,43,인천 수성구123-45,010-8882-2821,웹서핑
19351,김지원,33,세종 신제주123-45,010-4831-1485,웹서핑
19352,김시우,35,안양 서북구123-45,010-5735-2868,등산
19353,한은우,77,광주 성북구123-45,010-3911-9816,뜨개질
19354,오하윤,37,수원 덕진구123-45,010-8511-4616,웹서핑
19355,임은우,30,대전 팔달구123-45,010-3755-9220,게임
19356,오서연,67,평택 성북구123-45,010-5184-9002,보드게임
19357,박서연,64,청주 덕양구123-45,010-5557-4570,자전거 타기
19358,강수빈,24,성남 서북구123-45,010-4679-2787,보드게임
19359,박민수,66,고양 성북구123-45,010-3868-7307,수영
19360,김서연,73,부산 기흥구123-45,010-7977-7651,여행
19361,정건우,60,전주 송파구123-45,010-8907-6072,일기 쓰기
19362,조민수,54,수원 강서구123-45,010-3434-3988,운동
19363,박하은,46,안산 수성구123-45,010-6138-3571,여행
19364,신수빈,32,서울 팔달구123-45,010-3425-3071,게임
19365,최유진,59,성남 덕양구123-45,010-2347-5900,자전거 타기
19366,박예은,21,평택 성동구123-45,010-1121-6844,여행
19367,이예은,38,안산 송파구123-45,010-1829-6108,여행
19368,장건우,65,포항 일산동구123-45,010-3903-3021,웹서핑
19369,오예은,41,창원 흥덕구123-45,010-6324-2364,독서
19370,오은우,38,창원 동구123-45,010-4914-1947,카페 투어
19371,박하은,38,성남 동구123-45,010-7805-2750,독서
19372,서지후,64,전주 북구123-45,010-4925-1462,수영
19373,윤예린,52,김해 성동구123-45,010-3886-5586,여행
19374,한예은,25,용인 덕진구123-45,010-5126-7161,드로잉
19375,최하은,77,포항 달서구123-45,010-9298-6065,수영
19376,이은우,69,울산 진해구123-45,010-1298-4858,일기 쓰기
19377,임유진,59,천안 서구123-45,010-4376-9348,웹서핑
19378,정태윤,65,대구 기흥구123-45,010-3597-2085,음악감상
19379,강건우,37,안산 수성구123-45,010-3069-5124,영화감상
19380,정지후,71,포항 강남구123-45,010-1198-7713,자전거 타기
19381,오은우,69,대구 분당구123-45,010-6044-4474,요리
19382,최수빈,76,대전 수성구123-45,010-6536-9056,드로잉
19383,오소율,40,안양 성북구123-45,010-5012-7968,영화감상
19384,강태윤,32,제주 수성구123-45,010-6329-2963,사진촬영
19385,오은우,31,성남 송파구123-45,010-3897-9758,카페 투어
19386,서서연,44,남양주 중구123-45,010-3981-3146,사진촬영
19387,장수빈,51,청주 일산동구123-45,010-9089-4909,뜨개질
19388,신수빈,34,서울 서북구123-45,010-7299-1816,게임
19389,서지안,53,청주 팔달구123-45,010-8847-2495,요리
19390,한시우,38,김해 성북구123-45,010-9038-4699,드로잉
19391,정하윤,54,인천 송파구123-45,010-2090-5227,게임
19392,서지원,62,김해 성동구123-45,010-3012-7447,사진촬영
19393,한시우,47,부산 흥덕구123-45,010-7334-8484,수영
19394,신시우,26,고양 진해구123-45,010-3177-5491,드로잉
19395,이수빈,60,포항 강서구123-45,010-5409-3706,사진촬영
19396,한예린,24,인천 덕양구123-45,010-8972-2073,뜨개질
19397,김지후,64,제주 유성구123-45,010-4935-3726,게임
19398,최지후,72,화성 일산동구123-45,010-8936-5874,사진촬영
19399,김시우,35,평택 송파구123-45,010-6268-1865,사진촬영
19400,김예은,48,안양 서구123-45,010-6515-8110,운동
19401,최현우,33,수원 성동구123-45,010-6520-3029,수영
19402,임지원,48,제주 달서구123-45,010-2450-4631,수영
19403,서민수,65,인천 덕진구123-45,010-2725-1497,일기 쓰기
19404,임지후,73,울산 유성구123-45,010-2577-6478,보드게임
19405,윤유진,47,청주 남구123-45,010-3330-4864,자전거 타기
19406,정지민,41,안양 해운대구123-45,010-9919-7283,수영
19407,최예은,43,인천 달서구123-45,010-3667-2827,운동
19408,신지원,44,고양 일산동구123-45,010-3391-2832,운동
19409,한지민,20,평택 강남구123-45,010-9669-1513,드로잉
19410,박도윤,40,전주 장유동123-45,010-4679-7390,영화감상
19411,조지후,45,부산 진해구123-45,010-1814-3117,영화감상
19412,오유진,37,인천 덕진구123-45,010-1555-6334,등산
19413,박하은,76,평택 동구123-45,010-5674-7454,유튜브 보기
19414,장예린,53,인천 북구123-45,010-1825-2712,사진촬영
19415,서예린,55,대전 송파구123-45,010-3254-9599,유튜브 보기
19416,조서연,44,울산 해운대구123-45,010-6271-5878,뜨개질
19417,최예린,45,광주 송파구123-45,010-2847-1440,드로잉
19418,장예린,32,전주 송파구123-45,010-5359-6048,여행
19419,박서연,60,수원 흥덕구123-45,010-1139-2779,수영
19420,이예은,69,평택 강서구123-45,010-2265-2865,뜨개질
19421,임예은,29,부산 덕양구123-45,010-2990-4959,드로잉
19422,한서연,24,안양 분당구123-45,010-9576-4864,여행
19423,정현우,25,수원 장유동123-45,010-5917-5895,수영
19424,조은우,59,대전 송파구123-45,010-4939-8663,수영
19425,강현우,78,창원 북구123-45,010-3269-4467,여행
19426,정현우,31,포항 동구123-45,010-7373-7430,보드게임
19427,장태윤,39,포항 북구123-45,010-4708-4620,뜨개질
19428,윤지원,60,부산 해운대구123-45,010-8451-7911,일기 쓰기
19429,신예은,34,부산 해운대구123-45,010-5918-4692,사진촬영
19430,김시우,71,울산 유성구123-45,010-8244-1755,등산
19431,최소율,44,대전 진해구123-45,010-8392-2202,운동
19432,윤하은,74,전주 장유동123-45,010-2331-7451,운동
19433,장시우,37,남양주 송파구123-45,010-2768-2329,드로잉
19434,정현우,49,김해 팔달구123-45,010-2982-3815,음악감상
19435,최소율,32,고양 해운대구123-45,010-5217-6089,자전거 타기
19436,최예은,50,성남 덕진구123-45,010-4938-2161,일기 쓰기
19437,임서준,33,대구 강서구123-45,010-5482-6579,독서
19438,한지안,41,부산 성동구123-45,010-1515-6089,웹서핑
19439,임민수,57,인천 동구123-45,010-3264-3465,사진촬영
19440,윤민수,32,포항 신제주123-45,010-9463-5890,음악감상
19441,정은우,29,용인 덕진구123-45,010-9558-3146,유튜브 보기
19442,신태윤,51,남양주 일산동구123-45,010-4068-7795,드로잉
19443,윤예린,29,용인 서구123-45,010-9211-8785,드로잉
19444,김지안,67,청주 장유동123-45,010-7700-6454,운동
19445,최은우,44,대전 강남구123-45,010-3323-2470,자전거 타기
19446,조민수,50,울산 서구123-45,010-9463-2651,게임
19447,신지원,33,대구 진해구123-45,010-7803-1474,등산
19448,김지안,45,대구 기흥구123-45,010-5504-3476,독서
19449,박서준,75,평택 팔달구123-45,010-6473-1191,자전거 타기
19450,최수빈,32,성남 장유동123-45,010-6125-5882,음악감상
19451,김예린,29,제주 성동구123-45,010-3617-3692,음악감상
19452,김지안,68,창원 장유동123-45,010-7331-4014,등산
19453,오서연,62,김해 기흥구123-45,010-8464-4524,운동
19454,박서연,67,용인 흥덕구123-45,010-8775-4144,사진촬영
19455,서지안,57,성남 해운대구123-45,010-5595-1871,일기 쓰기
19456,이예린,65,화성 수성구123-45,010-1469-6394,뜨개질
19457,신지원,33,용인 덕진구123-45,010-8192-1350,카페 투어
19458,김은우,76,부산 북구123-45,010-6268-4901,웹서핑
19459,김현우,65,광주 성동구123-45,010-9747-1411,사진촬영
19460,최현우,36,광주 흥덕구123-45,010-1806-9913,수영
19461,정예린,35,울산 성북구123-45,010-4545-4589,수영
19462,조유진,34,대구 강서구123-45,010-1523-7584,웹서핑
19463,오지안,20,안양 남구123-45,010-8144-5447,게임
19464,서예린,24,인천 달서구123-45,010-6063-5139,요리
19465,임하윤,69,대전 분당구123-45,010-3316-4361,게임
19466,김수빈,75,창원 서북구123-45,010-2526-6131,수영
19467,임은우,24,성남 남구123-45,010-2994-8389,드로잉
19468,최예은,55,성남 강남구123-45,010-5486-1608,운동
19469,조하윤,28,남양주 성북구123-45,010-9591-2594,뜨개질
19470,정예린,41,평택 덕양구123-45,010-3628-7676,드로잉
19471,신예린,75,포항 신제주123-45,010-1568-2379,등산
19472,이예은,31,대구 달서구123-45,010-9764-3360,등산
19473,박태윤,26,서울 동구123-45,010-3291-2880,사진촬영
19474,오민수,37,고양 성북구123-45,010-1013-4164,일기 쓰기
19475,정시우,65,고양 성동구123-45,010-7204-1762,등산
19476,정건우,33,김해 북구123-45,010-1578-8938,음악감상
19477,강수빈,55,천안 장유동123-45,010-1473-5850,게임
19478,서예은,75,안양 성북구123-45,010-4928-3971,일기 쓰기
19479,신현우,44,안산 수성구123-45,010-3837-8921,음악감상
19480,최하은,41,고양 성동구123-45,010-6510-3087,등산
19481,조유진,69,광주 덕양구123-45,010-5719-9873,요리
19482,이지민,43,안산 덕양구123-45,010-2991-6744,보드게임
19483,윤하윤,71,성남 북구123-45,010-1003-5978,등산
19484,박예린,55,성남 서북구123-45,010-4442-3591,자전거 타기
19485,임하은,54,화성 덕양구123-45,010-3982-2053,수영
19486,정하윤,61,화성 송파구123-45,010-9113-6637,드로잉
19487,서민수,29,수원 덕양구123-45,010-1070-3019,사진촬영
19488,윤소율,42,평택 분당구123-45,010-9852-7970,일기 쓰기
19489,오시우,56,평택 덕진구123-45,010-4047-8998,일기 쓰기
19490,임현우,48,화성 중구123-45,010-5575-2000,음악감상
19491,임시우,27,광주 유성구123-45,010-8238-1405,보드게임
19492,박수빈,36,인천 일산동구123-45,010-6286-8944,운동
19493,신은우,33,수원 신제주123-45,010-6529-4283,카페 투어
19494,김소율,37,성남 강남구123-45,010-3487-9458,음악감상
19495,정태윤,41,울산 남구123-45,010-4771-6696,요리
19496,윤유진,35,천안 장유동123-45,010-5422-8504,요리
19497,오서준,69,부산 수성구123-45,010-8107-6758,독서
19498,이태윤,56,용인 기흥구123-45,010-1026-4139,수영
19499,조예은,39,포항 팔달구123-45,010-4302-3492,카페 투어
19500,강지후,60,울산 북구123-45,010-3470-8915,뜨개질
19501,서지원,54,용인 덕진구123-45,010-9831-3469,영화감상
19502,한지민,49,수원 신제주123-45,010-9736-3906,영화감상
19503,오하은,44,울산 성북구123-45,010-4293-4361,요리
19504,김도윤,74,서울 강서구123-45,010-1005-1873,보드게임
19505,임지안,43,고양 장유동123-45,010-2348-2273,운동
19506,한민수,32,부산 덕진구123-45,010-1226-3825,뜨개질
19507,신유진,50,청주 신제주123-45,010-1505-1606,웹서핑
19508,신은우,27,대구 분당구123-45,010-6203-6346,게임
19509,이태윤,67,창원 동구123-45,010-5834-3690,웹서핑
19510,조태윤,24,울산 유성구123-45,010-8702-4998,카페 투어
19511,장소율,51,세종 해운대구123-45,010-8603-5804,드로잉
19512,서지안,49,대전 신제주123-45,010-2768-8806,드로잉
19513,신수빈,59,성남 진해구123-45,010-5601-2047,영화감상
19514,김하윤,39,수원 팔달구123-45,010-1669-9498,게임
19515,윤서연,36,김해 남구123-45,010-4777-4731,카페 투어
19516,한하윤,46,창원 진해구123-45,010-5076-2460,보드게임
19517,신유진,75,울산 서북구123-45,010-1025-1642,음악감상
19518,박유진,67,전주 유성구123-45,010-1536-1669,수영
19519,박현우,33,평택 강서구123-45,010-9589-4435,뜨개질
19520,신하은,68,안산 흥덕구123-45,010-6263-8486,유튜브 보기
19521,신수빈,35,남양주 진해구123-45,010-8082-7737,자전거 타기
19522,조예린,33,수원 일산동구123-45,010-2006-6055,독서
19523,조태윤,61,창원 분당구123-45,010-2661-8700,수영
19524,임지민,59,화성 기흥구123-45,010-3833-3330,유튜브 보기
19525,윤태윤,34,화성 성동구123-45,010-2812-7869,뜨개질
19526,신지민,37,세종 분당구123-45,010-1846-2471,일기 쓰기
19527,임예은,70,대전 서구123-45,010-3987-1045,보드게임
19528,한건우,69,평택 송파구123-45,010-6122-9409,카페 투어
19529,한태윤,69,부산 흥덕구123-45,010-4855-2078,영화감상
19530,신현우,26,김해 유성구123-45,010-9962-4471,웹서핑
19531,박서연,42,부산 서북구123-45,010-9086-4496,영화감상
19532,서은우,65,화성 북구123-45,010-2066-4410,게임
19533,장지원,53,화성 강서구123-45,010-5452-6836,수영
19534,강현우,29,고양 덕진구123-45,010-7553-5341,등산
19535,박예린,50,성남 서북구123-45,010-2382-7043,독서
19536,김서준,50,평택 해운대구123-45,010-6898-2991,드로잉
19537,이서준,20,전주 성동구123-45,010-9905-2190,사진촬영
19538,서하은,35,광주 중구123-45,010-1419-5106,자전거 타기
19539,오수빈,42,평택 수성구123-45,010-9362-5951,등산
19540,정민수,65,세종 해운대구123-45,010-9984-8542,유튜브 보기
19541,오지민,26,창원 흥덕구123-45,010-4119-5854,뜨개질
19542,박수빈,42,청주 남구123-45,010-2727-4062,웹서핑
19543,최시우,70,서울 강서구123-45,010-9812-8452,일기 쓰기
19544,정서준,78,안양 팔달구123-45,010-5758-6728,유튜브 보기
19545,강유진,37,광주 덕양구123-45,010-9295-2346,영화감상
19546,정지원,70,창원 중구123-45,010-1407-3472,카페 투어
19547,한수빈,53,천안 기흥구123-45,010-5883-4049,일기 쓰기
19548,김시우,40,부산 팔달구123-45,010-5946-2181,수영
19549,이지원,27,안산 동구123-45,010-8535-1619,등산
19550,정수빈,49,부산 장유동123-45,010-3291-2338,드로잉
19551,김지안,76,제주 성동구123-45,010-4095-1215,유튜브 보기
19552,임현우,29,세종 덕양구123-45,010-7950-3037,일기 쓰기
19553,한서연,46,청주 수성구123-45,010-2241-1664,카페 투어
19554,장유진,37,전주 덕진구123-45,010-1273-3162,영화감상
19555,강소율,56,부산 팔달구123-45,010-4497-6159,음악감상
19556,강지후,79,남양주 유성구123-45,010-5928-6168,음악감상
19557,장도윤,48,세종 중구123-45,010-1643-1443,뜨개질
19558,한하윤,40,세종 덕진구123-45,010-8082-2953,영화감상
19559,장서준,47,창원 유성구123-45,010-5735-1591,뜨개질
19560,서지후,75,인천 동구123-45,010-7410-2949,여행
19561,조지민,77,천안 분당구123-45,010-1807-3418,게임
19562,한소율,52,광주 분당구123-45,010-8046-8687,사진촬영
19563,강건우,49,울산 덕진구123-45,010-1826-3959,웹서핑
19564,박지민,25,대구 성동구123-45,010-9523-6958,보드게임
19565,박시우,47,천안 해운대구123-45,010-2164-2023,등산
19566,박예은,58,울산 유성구123-45,010-2789-3843,요리
19567,박하은,48,평택 팔달구123-45,010-9850-2985,유튜브 보기
19568,김은우,33,김해 강서구123-45,010-2923-7577,운동
19569,최지민,41,포항 팔달구123-45,010-3978-6728,드로잉
19570,장민수,69,안양 성동구123-45,010-4072-5639,요리
19571,박하은,22,광주 강서구123-45,010-3720-7355,카페 투어
19572,장서연,35,서울 덕진구123-45,010-8937-1623,여행
19573,박하윤,26,안산 송파구123-45,010-2041-1669,보드게임
19574,임건우,75,울산 진해구123-45,010-1717-7793,뜨개질
19575,박도윤,40,남양주 북구123-45,010-4178-8727,웹서핑
19576,임유진,30,수원 덕진구123-45,010-9655-9951,뜨개질
19577,최하윤,43,평택 신제주123-45,010-7049-3328,독서
19578,최시우,58,대전 분당구123-45,010-2149-1762,자전거 타기
19579,장현우,78,광주 기흥구123-45,010-3570-8027,드로잉
19580,조하윤,63,제주 남구123-45,010-9532-9387,드로잉
19581,오지안,40,용인 강서구123-45,010-7762-2847,운동
19582,한지후,31,서울 일산동구123-45,010-5321-9506,사진촬영
19583,한현우,56,김해 팔달구123-45,010-5070-9687,독서
19584,장태윤,62,수원 강서구123-45,010-2624-1489,영화감상
19585,서지후,53,세종 기흥구123-45,010-7004-3876,일기 쓰기
19586,강도윤,78,포항 남구123-45,010-5856-3185,여행
19587,박지후,42,천안 북구123-45,010-4688-4341,게임
19588,정지원,35,창원 중구123-45,010-9284-9322,게임
19589,조건우,45,천안 북구123-45,010-2967-7101,음악감상
19590,조하은,71,용인 분당구123-45,010-6673-2766,일기 쓰기
19591,이하윤,47,세종 분당구123-45,010-9262-6660,웹서핑
19592,임민수,62,김해 분당구123-45,010-5998-8686,음악감상
19593,윤서연,41,대전 덕진구123-45,010-4675-5875,운동
19594,조예린,29,인천 분당구123-45,010-9990-8651,유튜브 보기
19595,신지안,69,포항 성북구123-45,010-6234-5283,게임
19596,한서준,26,대구 강서구123-45,010-7783-5885,사진촬영
19597,장수빈,54,제주 수성구123-45,010-2448-2125,등산
19598,정지민,22,세종 동구123-45,010-6926-3510,일기 쓰기
19599,한예은,46,화성 남구123-45,010-2875-7819,일기 쓰기
19600,정지원,41,안산 강남구123-45,010-9559-4958,영화감상
19601,강예은,62,광주 해운대구123-45,010-5743-5213,사진촬영
19602,오민수,40,서울 중구123-45,010-5897-3752,등산
19603,정하은,43,안산 진해구123-45,010-8289-9916,게임
19604,최은우,73,남양주 서북구123-45,010-3007-7683,일기 쓰기
19605,조지후,57,인천 북구123-45,010-2078-1001,웹서핑
19606,김지안,20,청주 서구123-45,010-1687-5520,유튜브 보기
19607,임현우,55,전주 덕양구123-45,010-6412-8190,요리
19608,강예은,43,포항 남구123-45,010-4709-4570,요리
19609,최하윤,69,안양 기흥구123-45,010-4575-5858,게임
19610,최유진,62,화성 서북구123-45,010-9608-5232,웹서핑
19611,서시우,68,세종 흥덕구123-45,010-1012-2760,게임
19612,이예은,70,고양 강서구123-45,010-3547-7636,운동
19613,서소율,68,창원 기흥구123-45,010-7648-3656,보드게임
19614,박도윤,73,인천 강서구123-45,010-1108-3502,보드게임
19615,박하은,48,포항 진해구123-45,010-3457-6948,사진촬영
19616,정서연,72,안양 성동구123-45,010-4999-5401,사진촬영
19617,한수빈,56,전주 장유동123-45,010-1083-6235,드로잉
19618,윤소율,51,천안 팔달구123-45,010-9235-1220,뜨개질
19619,조하은,20,천안 성동구123-45,010-5715-9880,뜨개질
19620,최하은,63,제주 팔달구123-45,010-7379-2120,요리
19621,장지원,35,울산 유성구123-45,010-6030-5171,게임
19622,박지안,26,용인 장유동123-45,010-9797-9240,등산
19623,한지원,44,성남 송파구123-45,010-2282-8117,수영
19624,강은우,60,성남 수성구123-45,010-1830-6251,여행
19625,서서준,45,김해 중구123-45,010-4403-1311,자전거 타기
19626,최서연,27,천안 기흥구123-45,010-9274-2690,요리
19627,윤현우,64,안양 서구123-45,010-6790-4258,사진촬영
19628,최소율,75,화성 북구123-45,010-5095-2056,독서
19629,장하은,20,전주 장유동123-45,010-6249-5472,요리
19630,박태윤,58,안양 달서구123-45,010-7674-2668,뜨개질
19631,장현우,59,천안 팔달구123-45,010-7704-5105,영화감상
19632,임지민,20,평택 달서구123-45,010-2984-5000,사진촬영
19633,김서연,31,천안 서구123-45,010-5448-1742,요리
19634,임하은,58,제주 덕진구123-45,010-9374-6773,카페 투어
19635,임지원,75,천안 강남구123-45,010-4318-5496,음악감상
19636,강유진,75,전주 남구123-45,010-3672-7051,운동
19637,한현우,33,울산 팔달구123-45,010-6711-5409,독서
19638,최예은,73,포항 수성구123-45,010-5812-1340,뜨개질
19639,장수빈,54,용인 북구123-45,010-6761-4473,여행
19640,오지후,63,대구 기흥구123-45,010-5631-6913,등산
19641,박하윤,27,대구 남구123-45,010-1816-5033,웹서핑
19642,강현우,37,대구 팔달구123-45,010-8262-6442,운동
19643,오수빈,37,제주 진해구123-45,010-3226-4578,일기 쓰기
19644,이현우,77,포항 진해구123-45,010-2701-6793,음악감상
19645,정건우,77,수원 덕양구123-45,010-1674-8141,일기 쓰기
19646,강건우,79,대구 덕진구123-45,010-2130-6423,웹서핑
19647,장현우,60,고양 송파구123-45,010-4271-2860,뜨개질
19648,정지후,57,광주 덕진구123-45,010-8554-3404,음악감상
19649,임지안,79,고양 유성구123-45,010-1726-4534,웹서핑
19650,오태윤,39,세종 달서구123-45,010-2354-7827,보드게임
19651,서소율,74,부산 덕진구123-45,010-4290-6334,웹서핑
19652,강수빈,67,성남 기흥구123-45,010-5926-9890,음악감상
19653,임현우,32,안양 성동구123-45,010-1778-8748,등산
19654,오지원,33,제주 강서구123-45,010-4468-8469,드로잉
19655,윤지후,29,창원 강남구123-45,010-2738-4290,요리
19656,윤소율,79,창원 달서구123-45,010-3153-2971,영화감상
19657,조예린,45,김해 성북구123-45,010-3471-6055,드로잉
19658,강하윤,77,안양 중구123-45,010-2610-3902,드로잉
19659,강소율,43,화성 해운대구123-45,010-9206-1750,요리
19660,임소율,68,화성 일산동구123-45,010-1404-2799,뜨개질
19661,강민수,31,창원 신제주123-45,010-7045-3927,수영
19662,강시우,62,대전 흥덕구123-45,010-1747-2183,뜨개질
19663,박은우,45,김해 수성구123-45,010-3048-4707,수영
19664,조지후,55,광주 덕진구123-45,010-6213-6030,일기 쓰기
19665,한지안,24,평택 분당구123-45,010-8804-6179,드로잉
19666,장지민,37,안산 신제주123-45,010-5447-6566,드로잉
19667,조서연,59,안산 중구123-45,010-6519-1425,뜨개질
19668,임하윤,48,안산 강서구123-45,010-7645-3823,등산
19669,이예은,20,울산 송파구123-45,010-6885-6757,수영
19670,강하윤,70,남양주 서북구123-45,010-1806-2579,카페 투어
19671,오예은,69,인천 진해구123-45,010-8403-8136,사진촬영
19672,박예은,47,대구 신제주123-45,010-5901-8843,뜨개질
19673,오지안,37,광주 유성구123-45,010-7022-2411,수영
19674,정지원,69,안산 기흥구123-45,010-9592-6256,요리
19675,오태윤,62,대구 성동구123-45,010-4388-5343,뜨개질
19676,강예린,40,김해 서북구123-45,010-6243-1954,음악감상
19677,한민수,65,천안 송파구123-45,010-4553-2398,등산
19678,서현우,58,대전 송파구123-45,010-8333-4363,웹서핑
19679,정현우,56,세종 흥덕구123-45,010-1690-7984,음악감상
19680,정지민,51,고양 서북구123-45,010-1001-6060,뜨개질
19681,오건우,78,수원 송파구123-45,010-3108-2174,운동
19682,강지민,44,청주 덕양구123-45,010-5693-5870,드로잉
19683,강건우,33,평택 기흥구123-45,010-2893-3569,독서
19684,박시우,63,고양 중구123-45,010-1637-3265,영화감상
19685,서현우,46,천안 서북구123-45,010-1689-9698,사진촬영
19686,박건우,56,제주 강남구123-45,010-8632-1319,뜨개질
19687,한유진,34,용인 팔달구123-45,010-6645-5043,자전거 타기
19688,오지원,65,김해 중구123-45,010-9913-2944,게임
19689,오민수,49,대전 분당구123-45,010-1127-9436,보드게임
19690,김예린,58,제주 팔달구123-45,010-1478-4150,여행
19691,장지민,22,안산 일산동구123-45,010-1195-1854,수영
19692,최서준,29,평택 서북구123-45,010-4956-6442,여행
19693,신지원,33,세종 해운대구123-45,010-7318-1586,자전거 타기
19694,장지민,50,성남 북구123-45,010-6391-9381,여행
19695,박민수,79,고양 중구123-45,010-3621-1721,수영
19696,오민수,35,성남 강남구123-45,010-1190-3143,웹서핑
19697,이민수,57,용인 서북구123-45,010-3525-2085,사진촬영
19698,정유진,52,안산 진해구123-45,010-5596-1458,보드게임
19699,서시우,27,남양주 달서구123-45,010-5836-1798,사진촬영
19700,윤지원,26,광주 북구123-45,010-8407-7863,보드게임
19701,한지민,36,고양 송파구123-45,010-5078-3373,영화감상
19702,윤유진,27,세종 북구123-45,010-3683-1103,일기 쓰기
19703,장서연,39,서울 서구123-45,010-7353-2043,보드게임
19704,서서연,72,대전 송파구123-45,010-2230-8690,웹서핑
19705,이민수,71,성남 유성구123-45,010-7904-1393,드로잉
19706,이태윤,37,수원 강남구123-45,010-4542-8770,유튜브 보기
19707,장예은,31,부산 강남구123-45,010-3746-3385,보드게임
19708,정현우,27,포항 강서구123-45,010-8349-9447,독서
19709,김서준,58,남양주 성동구123-45,010-9763-8523,등산
19710,한유진,32,천안 기흥구123-45,010-4195-4652,영화감상
19711,오현우,51,창원 달서구123-45,010-3961-1952,자전거 타기
19712,최유진,60,부산 일산동구123-45,010-6052-8464,보드게임
19713,임소율,69,안산 덕진구123-45,010-4479-9713,요리
19714,강도윤,37,화성 북구123-45,010-6964-5212,카페 투어
19715,윤지민,31,화성 장유동123-45,010-7236-5679,게임
19716,오태윤,51,안양 유성구123-45,010-5993-1803,등산
19717,서하은,39,안산 남구123-45,010-2476-6348,자전거 타기
19718,이지원,35,용인 분당구123-45,010-9999-7348,게임
19719,이지안,66,성남 신제주123-45,010-8181-8704,등산
19720,강지후,43,화성 강남구123-45,010-3357-4497,음악감상
19721,강예은,21,대전 진해구123-45,010-9547-3316,운동
19722,이도윤,48,대전 남구123-45,010-2590-1762,일기 쓰기
19723,한예은,78,청주 신제주123-45,010-6467-5433,뜨개질
19724,한유진,78,부산 송파구123-45,010-6696-1618,음악감상
19725,이시우,44,부산 남구123-45,010-3778-5777,운동
19726,정서연,38,안양 북구123-45,010-6784-1359,뜨개질
19727,강지후,65,대전 신제주123-45,010-6133-3475,음악감상
19728,임지민,42,대전 성동구123-45,010-2626-9437,게임
19729,이소율,34,창원 동구123-45,010-1090-5090,요리
19730,오서준,42,전주 서북구123-45,010-3301-4547,드로잉
19731,윤은우,40,청주 동구123-45,010-4749-7478,운동
19732,김시우,68,부산 북구123-45,010-2668-2731,카페 투어
19733,서건우,35,부산 강서구123-45,010-3772-1888,뜨개질
19734,서태윤,72,천안 서북구123-45,010-5621-4238,카페 투어
19735,임민수,50,고양 수성구123-45,010-6786-8290,등산
19736,이태윤,32,남양주 진해구123-45,010-3564-1549,게임
19737,박서연,69,광주 중구123-45,010-1174-6772,보드게임
19738,이지후,24,수원 유성구123-45,010-1360-3312,운동
19739,장서준,29,광주 서구123-45,010-7012-2798,웹서핑
19740,박유진,54,고양 성동구123-45,010-2500-6369,웹서핑
19741,김예은,62,평택 북구123-45,010-5018-3612,카페 투어
19742,오수빈,70,수원 성동구123-45,010-1198-8152,유튜브 보기
19743,이하은,47,전주 달서구123-45,010-2027-4324,음악감상
19744,오하은,33,울산 덕진구123-45,010-4954-2479,웹서핑
19745,신현우,60,성남 강서구123-45,010-5782-4248,뜨개질
19746,조소율,69,광주 송파구123-45,010-8647-1647,웹서핑
19747,최예린,33,울산 덕진구123-45,010-1799-1994,자전거 타기
19748,박하은,63,인천 덕진구123-45,010-6704-9601,등산
19749,오지민,21,안양 송파구123-45,010-6620-2794,독서
19750,서시우,62,청주 해운대구123-45,010-7819-9421,음악감상
19751,김건우,23,대전 북구123-45,010-6593-1369,운동
19752,오하은,30,수원 송파구123-45,010-4661-8493,영화감상
19753,이지안,29,고양 수성구123-45,010-9979-9792,수영
19754,이현우,69,수원 강서구123-45,010-2658-9834,카페 투어
19755,이예린,45,평택 동구123-45,010-6271-8281,요리
19756,장수빈,59,천안 성동구123-45,010-3336-7885,사진촬영
19757,신예은,26,서울 덕진구123-45,010-5370-2595,운동
19758,강예은,42,부산 달서구123-45,010-2172-9214,운동
19759,서민수,54,대전 유성구123-45,010-4066-5065,웹서핑
19760,신은우,77,인천 성북구123-45,010-9771-2007,운동
19761,최은우,75,김해 해운대구123-45,010-7211-7755,요리
19762,임소율,41,화성 강남구123-45,010-4274-7696,요리
19763,윤소율,60,화성 수성구123-45,010-2506-2027,게임
19764,조수빈,78,부산 달서구123-45,010-5141-4060,요리
19765,신소율,35,천안 수성구123-45,010-8677-7096,유튜브 보기
19766,임수빈,49,세종 해운대구123-45,010-1098-7082,독서
19767,강서준,49,화성 강서구123-45,010-5952-3973,유튜브 보기
19768,한현우,72,서울 유성구123-45,010-5918-9515,일기 쓰기
19769,신건우,55,성남 수성구123-45,010-7312-1410,드로잉
19770,박서준,56,천안 성북구123-45,010-8990-2978,독서
19771,윤도윤,62,안양 서구123-45,010-1898-7680,유튜브 보기
19772,신도윤,25,제주 덕진구123-45,010-5942-2582,독서
19773,강현우,43,안산 신제주123-45,010-5028-9760,수영
19774,이시우,68,세종 일산동구123-45,010-8284-9961,웹서핑
19775,임지안,75,창원 성북구123-45,010-4138-3732,보드게임
19776,오하은,55,화성 덕양구123-45,010-9885-4435,자전거 타기
19777,박태윤,67,남양주 분당구123-45,010-6265-4644,웹서핑
19778,오현우,62,대전 흥덕구123-45,010-7454-7574,등산
19779,김민수,39,안산 중구123-45,010-4527-5609,수영
19780,이수빈,46,대전 남구123-45,010-9483-9523,자전거 타기
19781,한유진,66,성남 강서구123-45,010-1831-6364,사진촬영
19782,오예린,78,창원 장유동123-45,010-2034-2635,보드게임
19783,오은우,40,청주 성동구123-45,010-1824-5134,보드게임
19784,정은우,24,천안 중구123-45,010-9840-1030,카페 투어
19785,임수빈,29,부산 남구123-45,010-2366-9193,운동
19786,정유진,79,포항 송파구123-45,010-7394-8694,여행
19787,임서연,60,인천 남구123-45,010-9551-4796,여행
19788,김지민,48,남양주 동구123-45,010-6357-8108,사진촬영
19789,윤수빈,41,평택 유성구123-45,010-8111-5138,일기 쓰기
19790,서유진,70,평택 서북구123-45,010-4037-1040,일기 쓰기
19791,박은우,28,창원 덕진구123-45,010-3131-1587,독서
19792,서민수,53,화성 진해구123-45,010-4568-2948,수영
19793,오태윤,24,화성 팔달구123-45,010-9600-1945,운동
19794,서소율,56,평택 송파구123-45,010-5227-3465,영화감상
19795,한소율,36,청주 송파구123-45,010-2284-4307,일기 쓰기
19796,오하윤,64,화성 기흥구123-45,010-3538-1176,일기 쓰기
19797,정하은,42,안양 중구123-45,010-1738-7628,카페 투어
19798,정시우,27,천안 성북구123-45,010-1596-1497,등산
19799,최지후,52,화성 장유동123-45,010-1562-8652,보드게임
19800,이하윤,65,세종 성북구123-45,010-3468-6454,보드게임
19801,조태윤,45,광주 덕양구123-45,010-5030-4172,영화감상
19802,윤하윤,63,전주 분당구123-45,010-2912-8632,영화감상
19803,최은우,27,포항 중구123-45,010-8885-9894,자전거 타기
19804,이서준,60,부산 서구123-45,010-9620-5415,보드게임
19805,임유진,67,제주 강서구123-45,010-3274-7297,자전거 타기
19806,최태윤,42,대구 남구123-45,010-6703-8405,여행
19807,오지안,23,화성 신제주123-45,010-4469-4968,여행
19808,임서연,72,대구 분당구123-45,010-2092-6195,사진촬영
19809,정시우,54,안양 성북구123-45,010-5872-9227,뜨개질
19810,최예은,66,용인 유성구123-45,010-9097-6553,음악감상
19811,최서준,22,용인 덕양구123-45,010-5666-8387,드로잉
19812,최예린,70,청주 흥덕구123-45,010-4578-5665,일기 쓰기
19813,윤소율,72,안산 유성구123-45,010-2823-5689,보드게임
19814,한은우,45,수원 북구123-45,010-7358-9084,독서
19815,박소율,73,화성 중구123-45,010-5356-6095,드로잉
19816,이지민,58,포항 서북구123-45,010-9840-7435,일기 쓰기
19817,서도윤,37,남양주 유성구123-45,010-3958-2381,자전거 타기
19818,김시우,77,고양 신제주123-45,010-7046-4974,자전거 타기
19819,장도윤,71,서울 유성구123-45,010-9787-8772,뜨개질
19820,서수빈,52,김해 강남구123-45,010-9237-6383,여행
19821,이현우,51,고양 신제주123-45,010-6175-8501,자전거 타기
19822,서태윤,27,제주 강남구123-45,010-6553-4703,뜨개질
19823,한지민,46,창원 흥덕구123-45,010-5807-2905,웹서핑
19824,한소율,36,광주 서구123-45,010-1729-1590,운동
19825,한지안,77,포항 팔달구123-45,010-1737-9754,드로잉
19826,장지민,34,고양 서북구123-45,010-2872-7486,요리
19827,서하은,44,포항 기흥구123-45,010-3329-3648,음악감상
19828,정도윤,50,포항 신제주123-45,010-6108-1408,영화감상
19829,임예은,22,창원 흥덕구123-45,010-5972-1812,카페 투어
19830,김현우,20,수원 덕진구123-45,010-3825-3813,뜨개질
19831,정태윤,22,안산 일산동구123-45,010-8327-1959,운동
19832,강유진,49,인천 분당구123-45,010-4462-2925,음악감상
19833,강도윤,47,평택 분당구123-45,010-9040-7619,드로잉
19834,임서연,27,대구 강서구123-45,010-6838-9602,보드게임
19835,이지안,60,화성 서구123-45,010-6683-1999,웹서핑
19836,오태윤,70,세종 성동구123-45,010-1247-4196,수영
19837,윤지후,40,창원 강서구123-45,010-5469-9318,독서
19838,이태윤,68,고양 강남구123-45,010-5397-7582,독서
19839,오하윤,26,창원 기흥구123-45,010-8035-2432,운동
19840,이시우,41,안산 중구123-45,010-5287-9319,게임
19841,서하윤,29,포항 흥덕구123-45,010-7083-4094,웹서핑
19842,강하윤,55,청주 성동구123-45,010-3824-2680,독서
19843,윤건우,40,포항 북구123-45,010-5161-8658,웹서핑
19844,장지후,38,포항 분당구123-45,010-4166-8588,사진촬영
19845,김서준,53,부산 강서구123-45,010-3074-2331,보드게임
19846,서수빈,40,광주 기흥구123-45,010-5037-9098,등산
19847,장하윤,77,남양주 일산동구123-45,010-4900-2580,일기 쓰기
19848,임도윤,21,광주 분당구123-45,010-1372-4804,보드게임
19849,윤수빈,61,대전 흥덕구123-45,010-5698-5685,요리
19850,이서연,26,창원 강남구123-45,010-1558-3466,영화감상
19851,서민수,43,고양 신제주123-45,010-3691-8839,웹서핑
19852,조지민,37,고양 강서구123-45,010-8689-1038,일기 쓰기
19853,조건우,74,인천 송파구123-45,010-7812-7780,뜨개질
19854,박예린,39,창원 유성구123-45,010-8970-6993,등산
19855,한건우,72,청주 동구123-45,010-8808-1580,등산
19856,서서연,36,포항 성동구123-45,010-9501-7796,여행
19857,장지안,70,광주 동구123-45,010-7334-2511,독서
19858,조서준,61,천안 분당구123-45,010-5457-3319,수영
19859,신민수,49,천안 수성구123-45,010-5586-6680,자전거 타기
19860,임수빈,36,청주 중구123-45,010-3793-5620,운동
19861,서현우,41,포항 팔달구123-45,010-6553-8512,요리
19862,오시우,45,화성 해운대구123-45,010-1267-3356,영화감상
19863,장하윤,29,청주 분당구123-45,010-1729-9222,카페 투어
19864,한수빈,26,대구 강남구123-45,010-8843-3023,음악감상
19865,최예린,77,안양 진해구123-45,010-3822-3613,자전거 타기
19866,한시우,67,용인 신제주123-45,010-5248-9984,수영
19867,정서연,58,성남 해운대구123-45,010-1005-2861,뜨개질
19868,조수빈,65,김해 분당구123-45,010-7069-5557,뜨개질
19869,오하은,28,광주 성북구123-45,010-5091-7687,유튜브 보기
19870,윤하은,42,안양 진해구123-45,010-1080-8354,드로잉
19871,윤민수,42,천안 덕진구123-45,010-5782-9916,독서
19872,김은우,47,제주 서구123-45,010-7181-5670,등산
19873,최지원,68,전주 남구123-45,010-3378-2342,요리
19874,한지후,44,성남 성북구123-45,010-3811-5819,보드게임
19875,서하은,58,세종 남구123-45,010-5492-4748,운동
19876,신건우,26,울산 해운대구123-45,010-7493-1154,게임
19877,윤지후,35,성남 강남구123-45,010-8297-6153,드로잉
19878,최수빈,79,청주 중구123-45,010-4017-6771,사진촬영
19879,임태윤,62,수원 해운대구123-45,010-8703-4453,운동
19880,박예은,47,남양주 성북구123-45,010-4916-3000,보드게임
19881,윤지원,73,고양 중구123-45,010-1066-5201,음악감상
19882,오하윤,64,인천 달서구123-45,010-2410-7570,유튜브 보기
19883,박하은,42,포항 성북구123-45,010-2743-3327,영화감상
19884,윤민수,70,천안 강서구123-45,010-1425-5169,카페 투어
19885,박지원,64,대구 성동구123-45,010-3964-7071,요리
19886,한소율,63,남양주 덕양구123-45,010-4766-2312,카페 투어
19887,박지민,45,안양 달서구123-45,010-8845-7474,등산
19888,김하은,75,남양주 강남구123-45,010-6598-1894,웹서핑
19889,서수빈,71,천안 팔달구123-45,010-1871-8081,뜨개질
19890,최예은,32,안양 수성구123-45,010-3926-6596,유튜브 보기
19891,장지원,57,세종 해운대구123-45,010-8303-9197,운동
19892,윤하윤,54,남양주 서북구123-45,010-8074-3140,독서
19893,최예은,65,안산 강서구123-45,010-2731-2288,웹서핑
19894,정서연,58,수원 강남구123-45,010-2864-6759,카페 투어
19895,임유진,28,김해 서구123-45,010-5478-7537,웹서핑
19896,이지민,70,화성 덕진구123-45,010-6861-4382,수영
19897,윤지후,31,인천 신제주123-45,010-4088-8483,드로잉
19898,박예린,78,수원 덕양구123-45,010-3854-4873,수영
19899,한수빈,35,고양 팔달구123-45,010-3331-1806,카페 투어
19900,김건우,52,화성 남구123-45,010-9031-2059,독서
19901,오서준,49,남양주 동구123-45,010-2086-9732,카페 투어
19902,최지민,40,광주 덕진구123-45,010-7766-3282,게임
19903,최현우,78,세종 달서구123-45,010-3421-7052,드로잉
19904,장서준,36,서울 강서구123-45,010-1256-5114,수영
19905,윤은우,67,김해 남구123-45,010-3701-2297,드로잉
19906,조하윤,32,광주 덕진구123-45,010-8306-5298,뜨개질
19907,서예린,32,청주 진해구123-45,010-9139-3291,드로잉
19908,윤하은,42,김해 중구123-45,010-2272-2228,자전거 타기
19909,최은우,68,서울 성북구123-45,010-2973-6483,요리
19910,강지민,42,창원 성북구123-45,010-3544-2969,여행
19911,서예린,43,제주 팔달구123-45,010-1943-1042,웹서핑
19912,윤민수,34,안산 서구123-45,010-4951-3585,수영
19913,장소율,74,부산 수성구123-45,010-1542-5026,뜨개질
19914,강예린,26,김해 송파구123-45,010-6314-4078,드로잉
19915,오유진,33,수원 북구123-45,010-3656-2099,사진촬영
19916,윤하윤,47,대전 덕양구123-45,010-2158-4873,등산
19917,서예은,31,광주 덕양구123-45,010-2880-4702,등산
19918,한지원,63,세종 성동구123-45,010-6119-4450,사진촬영
19919,오서연,59,서울 팔달구123-45,010-8397-6684,보드게임
19920,장유진,42,세종 진해구123-45,010-1963-5979,보드게임
19921,조은우,36,성남 신제주123-45,010-3292-6790,사진촬영
19922,박예린,74,수원 흥덕구123-45,010-9759-4109,보드게임
19923,박도윤,25,남양주 팔달구123-45,010-2424-8830,사진촬영
19924,서태윤,43,평택 흥덕구123-45,010-6663-3833,일기 쓰기
19925,윤소율,40,성남 장유동123-45,010-3448-2003,음악감상
19926,오서준,75,전주 분당구123-45,010-2098-6583,음악감상
19927,김시우,35,성남 성북구123-45,010-1520-1000,드로잉
19928,강예린,26,대전 남구123-45,010-7459-8561,카페 투어
19929,강예린,53,천안 팔달구123-45,010-3317-5093,자전거 타기
19930,이유진,78,창원 일산동구123-45,010-8368-7367,음악감상
19931,임하윤,68,광주 서구123-45,010-1373-5468,사진촬영
19932,정지민,55,서울 달서구123-45,010-9613-6796,자전거 타기
19933,조시우,49,김해 흥덕구123-45,010-4700-1548,자전거 타기
19934,이소율,71,포항 성북구123-45,010-1633-2231,사진촬영
19935,최현우,38,천안 달서구123-45,010-3431-1168,유튜브 보기
19936,한지민,26,안양 동구123-45,010-2223-3442,운동
19937,임수빈,34,창원 분당구123-45,010-1532-4824,등산
19938,임시우,45,고양 유성구123-45,010-5021-5213,요리
19939,임서연,31,청주 달서구123-45,010-7046-5845,여행
19940,박소율,42,수원 수성구123-45,010-8984-4370,유튜브 보기
19941,한예은,74,부산 해운대구123-45,010-5044-7417,음악감상
19942,신지안,21,김해 남구123-45,010-6796-8250,일기 쓰기
19943,신서준,44,김해 북구123-45,010-1866-2211,보드게임
19944,강예은,48,안양 장유동123-45,010-1423-4190,요리
19945,윤예은,78,남양주 팔달구123-45,010-7070-9254,수영
19946,오지원,47,광주 서북구123-45,010-6750-8622,드로잉
19947,임유진,76,대전 서구123-45,010-3140-6714,영화감상
19948,장지안,52,고양 덕진구123-45,010-1134-4244,뜨개질
19949,서소율,49,인천 성북구123-45,010-4505-1536,수영
19950,김은우,39,광주 해운대구123-45,010-9043-2041,웹서핑
19951,조유진,61,세종 송파구123-45,010-4178-6538,카페 투어
19952,신도윤,22,전주 팔달구123-45,010-7076-2917,사진촬영
19953,오태윤,41,안산 덕진구123-45,010-1845-2735,게임
19954,강예린,33,수원 덕양구123-45,010-1668-2490,게임
19955,이예은,29,서울 해운대구123-45,010-8429-3906,유튜브 보기
19956,신은우,29,안산 해운대구123-45,010-5273-6025,독서
19957,박건우,44,화성 동구123-45,010-2185-2755,등산
19958,정태윤,52,창원 해운대구123-45,010-4679-6922,유튜브 보기
19959,신도윤,57,화성 일산동구123-45,010-3870-2707,수영
19960,이시우,23,창원 분당구123-45,010-4117-1655,게임
19961,윤예은,23,인천 중구123-45,010-1455-9772,웹서핑
19962,이현우,30,남양주 기흥구123-45,010-3270-6793,유튜브 보기
19963,윤은우,45,용인 신제주123-45,010-6611-9637,유튜브 보기
19964,강도윤,22,화성 해운대구123-45,010-5528-2633,카페 투어
19965,오건우,62,평택 기흥구123-45,010-9646-5233,드로잉
19966,신시우,29,울산 진해구123-45,010-3159-6063,독서
19967,조하윤,49,제주 중구123-45,010-8294-5360,뜨개질
19968,한하윤,31,광주 분당구123-45,010-6794-4053,게임
19969,김현우,53,용인 장유동123-45,010-8350-5019,독서
19970,김서준,38,안산 덕양구123-45,010-5436-3892,여행
19971,최유진,69,수원 성북구123-45,010-7461-4276,여행
19972,오시우,50,안산 북구123-45,010-9571-8444,웹서핑
19973,이지원,51,세종 덕양구123-45,010-4760-4051,영화감상
19974,강지안,24,천안 덕양구123-45,010-4020-2248,게임
19975,정민수,64,서울 기흥구123-45,010-5186-6288,독서
19976,오지민,54,대구 흥덕구123-45,010-5811-6374,뜨개질
19977,오하은,50,천안 덕진구123-45,010-2130-7214,독서
19978,조하윤,77,용인 서북구123-45,010-9430-1530,웹서핑
19979,강예은,24,제주 서구123-45,010-3676-9038,게임
19980,한현우,25,고양 강남구123-45,010-7298-4147,게임
19981,정지안,76,울산 송파구123-45,010-5549-4903,일기 쓰기
19982,김지민,23,천안 해운대구123-45,010-4484-8179,수영
19983,최서연,67,안산 북구123-45,010-7667-7900,보드게임
19984,최하은,29,수원 중구123-45,010-6417-3267,음악감상
19985,윤태윤,50,서울 분당구123-45,010-6473-3245,자전거 타기
19986,서은우,35,안산 수성구123-45,010-3365-5835,독서
19987,윤은우,26,화성 수성구123-45,010-5030-1755,보드게임
19988,박유진,27,수원 강서구123-45,010-3150-4813,등산
19989,조수빈,23,남양주 남구123-45,010-1423-2871,웹서핑
19990,신지안,57,전주 흥덕구123-45,010-4089-8642,요리
19991,한하은,60,제주 덕양구123-45,010-3471-1986,드로잉
19992,정도윤,67,서울 팔달구123-45,010-2546-5762,일기 쓰기
19993,신예린,25,천안 장유동123-45,010-6749-5382,수영
19994,한지원,53,화성 강남구123-45,010-3272-4015,웹서핑
19995,신수빈,51,포항 북구123-45,010-9989-2947,게임
19996,이지민,37,창원 신제주123-45,010-2486-2666,영화감상
19997,정지민,26,울산 동구123-45,010-4637-1114,뜨개질
19998,이시우,59,고양 덕진구123-45,010-9058-1572,게임
19999,윤하윤,77,안양 강서구123-45,010-8952-5724,게임
20000,서태윤,60,부산 덕진구123-45,010-5216-8509,음악감상
